player_id,from_club_id,to_club_id,transfer_date,year
1138758,336,631,2026-07-01,2026
195778,79,27,2026-06-30,2026
569033,39,27,2026-06-30,2026
626913,398,380,2026-06-30,2026
743395,9010,15,2026-06-30,2026
1047109,2672,265,2026-06-30,2026
128223,141,5,2026-01-20,2026
624920,63007,53646,2025-12-31,2025
773961,85465,48726,2025-12-31,2025
905184,6418,30120,2025-12-31,2025
936825,85465,48726,2025-12-31,2025
149729,294,114,2025-07-01,2025
234811,150,336,2025-07-01,2025
249303,3948,3057,2025-07-01,2025
263236,826,148,2025-07-01,2025
278343,167,114,2025-07-01,2025
282349,269,33,2025-07-01,2025
283994,39,3911,2025-07-01,2025
284883,720,1075,2025-07-01,2025
287579,430,36,2025-07-01,2025
300716,11,371,2025-07-01,2025
301238,2919,506,2025-07-01,2025
335209,190,18,2025-07-01,2025
338637,354,1096,2025-07-01,2025
344107,370,903,2025-07-01,2025
375137,162,141,2025-07-01,2025
407491,3385,1091,2025-07-01,2025
430280,506,607,2025-07-01,2025
480116,762,506,2025-07-01,2025
485960,3911,273,2025-07-01,2025
486031,430,506,2025-07-01,2025
502247,58,475,2025-07-01,2025
530742,7775,398,2025-07-01,2025
549012,3999,16704,2025-07-01,2025
569383,162,167,2025-07-01,2025
624690,18,12,2025-07-01,2025
624751,511,124,2025-07-01,2025
627228,281,16,2025-07-01,2025
670717,336,631,2025-07-01,2025
746910,3948,82,2025-07-01,2025
822959,533,27,2025-07-01,2025
865682,2727,23826,2025-07-01,2025
926694,13,23826,2025-07-01,2025
933900,180,667,2025-07-01,2025
1043003,10484,405,2025-07-01,2025
33862,10484,968,2025-06-30,2025
39125,1244,449,2025-06-30,2025
66100,12321,131,2025-06-30,2025
88682,749,506,2025-06-30,2025
88706,1038,8970,2025-06-30,2025
95424,5,281,2025-06-30,2025
111819,11,989,2025-06-30,2025
115763,1467,276,2025-06-30,2025
124555,416,430,2025-06-30,2025
126737,3709,150,2025-06-30,2025
144244,190,1390,2025-06-30,2025
148928,368,13,2025-06-30,2025
149729,114,294,2025-06-30,2025
149829,415,36,2025-06-30,2025
161011,36,506,2025-06-30,2025
162959,610,506,2025-06-30,2025
164913,1091,294,2025-06-30,2025
167727,294,1047,2025-06-30,2025
167799,244,148,2025-06-30,2025
168157,58,405,2025-06-30,2025
170481,2919,398,2025-06-30,2025
170527,148,23826,2025-06-30,2025
174694,4294,11282,2025-06-30,2025
177547,610,1075,2025-06-30,2025
177847,472,368,2025-06-30,2025
178314,75231,41231,2025-06-30,2025
181375,200,16,2025-06-30,2025
182581,11282,265,2025-06-30,2025
182904,13,131,2025-06-30,2025
184440,7160,114,2025-06-30,2025
195736,366,533,2025-06-30,2025
197642,1082,610,2025-06-30,2025
198008,86,23826,2025-06-30,2025
198015,3385,683,2025-06-30,2025
199733,430,398,2025-06-30,2025
203411,533,5817,2025-06-30,2025
204069,36,583,2025-06-30,2025
204176,44006,141,2025-06-30,2025
205128,385,200,2025-06-30,2025
208172,1091,1390,2025-06-30,2025
214078,443,370,2025-06-30,2025
215096,306,38,2025-06-30,2025
215649,607,2919,2025-06-30,2025
217033,1083,964,2025-06-30,2025
217115,244,29,2025-06-30,2025
223974,800,1025,2025-06-30,2025
226073,126,350,2025-06-30,2025
229817,126,1083,2025-06-30,2025
234781,252,379,2025-06-30,2025
234811,336,150,2025-06-30,2025
238993,6195,1390,2025-06-30,2025
239743,141,826,2025-06-30,2025
239962,82,190,2025-06-30,2025
242063,124,82,2025-06-30,2025
242359,13,800,2025-06-30,2025
247555,3911,39,2025-06-30,2025
249303,3057,3948,2025-06-30,2025
249952,126,6890,2025-06-30,2025
257851,7160,683,2025-06-30,2025
258027,294,583,2025-06-30,2025
258039,1421,24,2025-06-30,2025
258923,405,985,2025-06-30,2025
262523,1025,5,2025-06-30,2025
263236,148,826,2025-06-30,2025
263380,3057,533,2025-06-30,2025
263727,1108,368,2025-06-30,2025
263962,2696,232,2025-06-30,2025
264176,234,1455,2025-06-30,2025
267396,1124,1083,2025-06-30,2025
268670,367,16795,2025-06-30,2025
271495,126,3008,2025-06-30,2025
272261,10484,430,2025-06-30,2025
273132,430,89,2025-06-30,2025
276896,398,244,2025-06-30,2025
278343,114,167,2025-06-30,2025
278359,940,150,2025-06-30,2025
279242,3719,964,2025-06-30,2025
281769,15,12,2025-06-30,2025
282726,979,3329,2025-06-30,2025
282734,110302,338,2025-06-30,2025
282810,3709,940,2025-06-30,2025
283223,7160,36,2025-06-30,2025
283994,3911,39,2025-06-30,2025
284854,1108,3709,2025-06-30,2025
284883,1075,720,2025-06-30,2025
285323,417,273,2025-06-30,2025
287579,36,430,2025-06-30,2025
287700,3385,398,2025-06-30,2025
288318,367,3302,2025-06-30,2025
289592,29,1041,2025-06-30,2025
292837,1124,2698,2025-06-30,2025
293169,10484,430,2025-06-30,2025
293194,416,610,2025-06-30,2025
296227,467,4,2025-06-30,2025
296622,405,583,2025-06-30,2025
297583,89,79,2025-06-30,2025
298583,366,1049,2025-06-30,2025
298635,276,380,2025-06-30,2025
301238,506,2919,2025-06-30,2025
303116,2919,398,2025-06-30,2025
305947,430,252,2025-06-30,2025
307924,167,533,2025-06-30,2025
315128,468,317,2025-06-30,2025
315237,2740,55686,2025-06-30,2025
315865,252,6574,2025-06-30,2025
320411,6195,989,2025-06-30,2025
321247,15,405,2025-06-30,2025
321647,172,3057,2025-06-30,2025
322655,276,380,2025-06-30,2025
324377,749,1005,2025-06-30,2025
324690,1047,430,2025-06-30,2025
325924,354,6890,2025-06-30,2025
327402,2381,868,2025-06-30,2025
329517,80,683,2025-06-30,2025
329722,683,1075,2025-06-30,2025
330208,130,252,2025-06-30,2025
331496,237,12321,2025-06-30,2025
331726,5,12,2025-06-30,2025
335147,749,380,2025-06-30,2025
337333,714,89,2025-06-30,2025
337715,1049,681,2025-06-30,2025
337725,749,430,2025-06-30,2025
338285,621,940,2025-06-30,2025
338672,354,46,2025-06-30,2025
339340,383,985,2025-06-30,2025
340325,931,11,2025-06-30,2025
340521,2423,41,2025-06-30,2025
341019,8024,252,2025-06-30,2025
342226,618,167,2025-06-30,2025
343475,677,800,2025-06-30,2025
343622,39097,63007,2025-06-30,2025
344152,1003,873,2025-06-30,2025
344864,601,995,2025-06-30,2025
344869,449,1075,2025-06-30,2025
345343,3062,370,2025-06-30,2025
345468,3057,1184,2025-06-30,2025
345748,1053,1095,2025-06-30,2025
346567,398,506,2025-06-30,2025
346890,6195,5,2025-06-30,2025
348026,15,583,2025-06-30,2025
351749,677,281,2025-06-30,2025
351816,244,5,2025-06-30,2025
352392,520,41,2025-06-30,2025
354814,826,430,2025-06-30,2025
355861,12321,1050,2025-06-30,2025
357163,4294,1091,2025-06-30,2025
357796,276,380,2025-06-30,2025
357917,1063,338,2025-06-30,2025
358008,1390,6195,2025-06-30,2025
358250,366,940,2025-06-30,2025
361065,1082,800,2025-06-30,2025
361254,1049,368,2025-06-30,2025
361914,681,379,2025-06-30,2025
362842,12321,506,2025-06-30,2025
364133,749,416,2025-06-30,2025
365692,63007,660,2025-06-30,2025
367284,533,273,2025-06-30,2025
367992,1005,1025,2025-06-30,2025
369319,1269,903,2025-06-30,2025
369684,24,399,2025-06-30,2025
370998,660,82,2025-06-30,2025
371000,443,167,2025-06-30,2025
371008,1084,2424,2025-06-30,2025
371371,714,12,2025-06-30,2025
372246,379,583,2025-06-30,2025
373433,58,1041,2025-06-30,2025
375137,141,162,2025-06-30,2025
375667,3725,1083,2025-06-30,2025
376110,6418,3725,2025-06-30,2025
377042,430,6195,2025-06-30,2025
377641,162,114,2025-06-30,2025
381950,12,5,2025-06-30,2025
381967,368,11,2025-06-30,2025
382478,167,82,2025-06-30,2025
386047,405,631,2025-06-30,2025
386455,5,430,2025-06-30,2025
387234,749,3522,2025-06-30,2025
389837,1025,398,2025-06-30,2025
390125,467,1091,2025-06-30,2025
391005,82,1148,2025-06-30,2025
391065,290,989,2025-06-30,2025
391780,86,141,2025-06-30,2025
391907,49702,16704,2025-06-30,2025
392085,430,141,2025-06-30,2025
392163,35,60,2025-06-30,2025
392179,202,1132,2025-06-30,2025
392538,1025,5,2025-06-30,2025
392570,1005,1047,2025-06-30,2025
392777,2425,703,2025-06-30,2025
392881,366,607,2025-06-30,2025
392959,430,2919,2025-06-30,2025
393239,468,317,2025-06-30,2025
395236,430,5,2025-06-30,2025
395242,172,58,2025-06-30,2025
397225,252,6195,2025-06-30,2025
400131,35,237,2025-06-30,2025
400489,416,23826,2025-06-30,2025
401173,631,985,2025-06-30,2025
401736,2424,7179,2025-06-30,2025
401923,141,6195,2025-06-30,2025
402604,71985,1186,2025-06-30,2025
402887,6676,7160,2025-06-30,2025
403568,354,371,2025-06-30,2025
405687,80,39,2025-06-30,2025
409886,2420,385,2025-06-30,2025
412513,458,276,2025-06-30,2025
412932,80,162,2025-06-30,2025
412952,982,1063,2025-06-30,2025
413605,2832,2239,2025-06-30,2025
417346,29,399,2025-06-30,2025
417575,1075,6574,2025-06-30,2025
419061,10690,338,2025-06-30,2025
420465,720,506,2025-06-30,2025
421637,167,1148,2025-06-30,2025
421873,1390,6195,2025-06-30,2025
422951,12,141,2025-06-30,2025
424881,2425,703,2025-06-30,2025
424900,9010,1031,2025-06-30,2025
425306,873,703,2025-06-30,2025
429983,543,940,2025-06-30,2025
430280,607,506,2025-06-30,2025
430484,71985,2696,2025-06-30,2025
430761,110302,7378,2025-06-30,2025
431811,749,12,2025-06-30,2025
432090,430,506,2025-06-30,2025
432092,1390,800,2025-06-30,2025
432175,190,234,2025-06-30,2025
433257,982,3302,2025-06-30,2025
433584,607,6195,2025-06-30,2025
435808,3057,3948,2025-06-30,2025
448177,42,24,2025-06-30,2025
448705,190,16,2025-06-30,2025
448868,6992,55686,2025-06-30,2025
450211,605,124,2025-06-30,2025
451642,10484,114,2025-06-30,2025
453121,601,127,2025-06-30,2025
455016,3725,964,2025-06-30,2025
459128,800,8970,2025-06-30,2025
459661,653,46,2025-06-30,2025
460245,39,82,2025-06-30,2025
461717,3999,2441,2025-06-30,2025
461951,3205,114,2025-06-30,2025
462250,5,631,2025-06-30,2025
464598,276,294,2025-06-30,2025
465555,667,631,2025-06-30,2025
465606,2832,141,2025-06-30,2025
465868,3999,683,2025-06-30,2025
466807,1244,1050,2025-06-30,2025
467720,417,16,2025-06-30,2025
468066,677,6195,2025-06-30,2025
470796,8024,520,2025-06-30,2025
471690,1049,989,2025-06-30,2025
475416,995,1110,2025-06-30,2025
480116,506,762,2025-06-30,2025
481623,1075,1010,2025-06-30,2025
481688,3057,336,2025-06-30,2025
481692,3062,3060,2025-06-30,2025
485395,317,371,2025-06-30,2025
485424,589,3057,2025-06-30,2025
485583,290,543,2025-06-30,2025
485960,273,3911,2025-06-30,2025
485965,995,82,2025-06-30,2025
486031,506,430,2025-06-30,2025
486083,14589,1083,2025-06-30,2025
487474,506,720,2025-06-30,2025
487843,749,5,2025-06-30,2025
487969,506,583,2025-06-30,2025
488755,80,610,2025-06-30,2025
490496,3719,2741,2025-06-30,2025
491693,720,410,2025-06-30,2025
493513,366,11,2025-06-30,2025
493702,749,417,2025-06-30,2025
494236,472,3524,2025-06-30,2025
495722,749,5,2025-06-30,2025
495923,39097,48332,2025-06-30,2025
498237,683,703,2025-06-30,2025
500054,533,294,2025-06-30,2025
502247,475,58,2025-06-30,2025
502289,1269,601,2025-06-30,2025
502676,1049,31,2025-06-30,2025
503640,124,234,2025-06-30,2025
503858,2727,234,2025-06-30,2025
503866,180,273,2025-06-30,2025
505653,472,543,2025-06-30,2025
507341,79,273,2025-06-30,2025
513245,29,6195,2025-06-30,2025
516407,385,1110,2025-06-30,2025
520530,607,347,2025-06-30,2025
521407,714,6195,2025-06-30,2025
524181,41231,2741,2025-06-30,2025
525704,398,506,2025-06-30,2025
525919,206,1010,2025-06-30,2025
528833,800,410,2025-06-30,2025
530742,398,7775,2025-06-30,2025
535955,398,11,2025-06-30,2025
535974,49702,932,2025-06-30,2025
536508,290,1132,2025-06-30,2025
537382,12321,148,2025-06-30,2025
537598,720,11,2025-06-30,2025
538918,749,46,2025-06-30,2025
538971,273,873,2025-06-30,2025
538994,618,289,2025-06-30,2025
538998,738,289,2025-06-30,2025
539043,683,371,2025-06-30,2025
539232,347,667,2025-06-30,2025
540056,190,660,2025-06-30,2025
542858,1269,458,2025-06-30,2025
543051,475,417,2025-06-30,2025
543666,2919,6574,2025-06-30,2025
548729,294,1132,2025-06-30,2025
549027,2425,294,2025-06-30,2025
550106,130,398,2025-06-30,2025
550108,46,12,2025-06-30,2025
552223,607,46,2025-06-30,2025
555076,3911,989,2025-06-30,2025
555135,1083,964,2025-06-30,2025
555166,3714,232,2025-06-30,2025
558727,2832,968,2025-06-30,2025
562049,430,12,2025-06-30,2025
564305,1390,800,2025-06-30,2025
565434,200,172,2025-06-30,2025
566615,607,252,2025-06-30,2025
566677,2425,683,2025-06-30,2025
568318,443,190,2025-06-30,2025
569383,167,162,2025-06-30,2025
570781,3057,54189,2025-06-30,2025
570817,132,1421,2025-06-30,2025
571149,468,234,2025-06-30,2025
571607,252,506,2025-06-30,2025
573981,7775,6890,2025-06-30,2025
579287,16,2778,2025-06-30,2025
579295,1053,2288,2025-06-30,2025
582232,49702,2410,2025-06-30,2025
583404,416,234,2025-06-30,2025
583699,89,1082,2025-06-30,2025
585550,3057,180,2025-06-30,2025
585949,506,5,2025-06-30,2025
585973,995,1041,2025-06-30,2025
591880,1304,234,2025-06-30,2025
592924,968,2239,2025-06-30,2025
593482,265,244,2025-06-30,2025
594991,1096,1082,2025-06-30,2025
596148,41274,468,2025-06-30,2025
596884,982,2420,2025-06-30,2025
600942,65,533,2025-06-30,2025
602105,150,985,2025-06-30,2025
602124,2919,430,2025-06-30,2025
604320,2036,27,2025-06-30,2025
605184,379,417,2025-06-30,2025
605396,294,12,2025-06-30,2025
606526,2741,932,2025-06-30,2025
608469,589,2410,2025-06-30,2025
610335,1049,720,2025-06-30,2025
610428,200,18,2025-06-30,2025
612869,1124,11127,2025-06-30,2025
615350,366,1049,2025-06-30,2025
616628,8970,800,2025-06-30,2025
617018,683,703,2025-06-30,2025
617074,940,23826,2025-06-30,2025
617267,8024,294,2025-06-30,2025
618809,1108,940,2025-06-30,2025
618813,1108,13,2025-06-30,2025
621802,1096,86,2025-06-30,2025
621993,667,703,2025-06-30,2025
624690,12,18,2025-06-30,2025
625144,48726,3592,2025-06-30,2025
625651,714,681,2025-06-30,2025
627068,385,234,2025-06-30,2025
627228,16,281,2025-06-30,2025
630989,723,150,2025-06-30,2025
632088,403,2282,2025-06-30,2025
632741,940,150,2025-06-30,2025
634427,200,940,2025-06-30,2025
638793,1050,46,2025-06-30,2025
640109,826,46,2025-06-30,2025
644244,2672,265,2025-06-30,2025
644771,800,15,2025-06-30,2025
645191,3325,2424,2025-06-30,2025
648046,379,1237,2025-06-30,2025
649016,79,800,2025-06-30,2025
649024,7775,995,2025-06-30,2025
649452,86,281,2025-06-30,2025
654986,601,157,2025-06-30,2025
655456,749,416,2025-06-30,2025
656441,252,114,2025-06-30,2025
659459,16,631,2025-06-30,2025
659513,3911,16,2025-06-30,2025
660867,677,1237,2025-06-30,2025
662332,1467,180,2025-06-30,2025
662493,601,603,2025-06-30,2025
667903,403,172,2025-06-30,2025
668547,1047,281,2025-06-30,2025
669511,1533,1050,2025-06-30,2025
669531,60949,683,2025-06-30,2025
670116,1053,86,2025-06-30,2025
670717,472,336,2025-06-30,2025
671915,1049,405,2025-06-30,2025
672381,244,1123,2025-06-30,2025
672803,3709,273,2025-06-30,2025
673514,3911,1095,2025-06-30,2025
678100,354,1184,2025-06-30,2025
680806,58,180,2025-06-30,2025
683828,589,114,2025-06-30,2025
685679,19657,369,2025-06-30,2025
687630,403,968,2025-06-30,2025
690429,35,60,2025-06-30,2025
691786,35,826,2025-06-30,2025
692997,48332,55686,2025-06-30,2025
694186,468,610,2025-06-30,2025
695121,2420,1039,2025-06-30,2025
695454,237,543,2025-06-30,2025
697149,14589,141,2025-06-30,2025
697726,2741,121,2025-06-30,2025
698678,234,543,2025-06-30,2025
699442,2919,1025,2025-06-30,2025
701937,14589,964,2025-06-30,2025
704155,3057,1132,2025-06-30,2025
708240,48332,660,2025-06-30,2025
708241,85465,660,2025-06-30,2025
708678,410,1158,2025-06-30,2025
709372,714,1050,2025-06-30,2025
709957,1047,131,2025-06-30,2025
710886,132,234,2025-06-30,2025
711996,1041,273,2025-06-30,2025
712857,601,932,2025-06-30,2025
713644,331,27,2025-06-30,2025
717198,6992,660,2025-06-30,2025
718115,2672,2441,2025-06-30,2025
720518,714,1075,2025-06-30,2025
724035,2425,683,2025-06-30,2025
724969,2696,121,2025-06-30,2025
726019,10690,338,2025-06-30,2025
726120,4795,24,2025-06-30,2025
726445,3725,232,2025-06-30,2025
726526,2727,276,2025-06-30,2025
726701,110302,336,2025-06-30,2025
727147,6646,114,2025-06-30,2025
728734,968,148,2025-06-30,2025
728864,2727,1090,2025-06-30,2025
731491,607,46,2025-06-30,2025
735353,3385,683,2025-06-30,2025
735354,60949,683,2025-06-30,2025
735568,150,6195,2025-06-30,2025
742451,543,610,2025-06-30,2025
743600,667,631,2025-06-30,2025
744074,124,1082,2025-06-30,2025
744728,398,27,2025-06-30,2025
744934,750,1041,2025-06-30,2025
745202,276,595,2025-06-30,2025
746910,82,3948,2025-06-30,2025
747017,202,1090,2025-06-30,2025
748382,276,1041,2025-06-30,2025
749186,1124,932,2025-06-30,2025
755327,6992,660,2025-06-30,2025
762387,6992,660,2025-06-30,2025
769063,1108,5,2025-06-30,2025
774067,10690,338,2025-06-30,2025
776798,3911,1237,2025-06-30,2025
782476,200,1158,2025-06-30,2025
783396,3709,1050,2025-06-30,2025
790918,38,533,2025-06-30,2025
795738,200,24,2025-06-30,2025
797791,1010,410,2025-06-30,2025
801734,148,27,2025-06-30,2025
805714,506,631,2025-06-30,2025
805835,1416,385,2025-06-30,2025
807128,995,667,2025-06-30,2025
807165,969,244,2025-06-30,2025
809899,6992,660,2025-06-30,2025
810570,3714,41231,2025-06-30,2025
814273,2410,41231,2025-06-30,2025
815652,2425,1082,2025-06-30,2025
817700,2696,232,2025-06-30,2025
817843,49702,16704,2025-06-30,2025
818448,607,252,2025-06-30,2025
819636,38,82,2025-06-30,2025
822458,1420,1158,2025-06-30,2025
823486,1148,430,2025-06-30,2025
825199,234,506,2025-06-30,2025
825437,738,583,2025-06-30,2025
834397,1184,631,2025-06-30,2025
845872,306,667,2025-06-30,2025
848682,23826,405,2025-06-30,2025
849410,667,1237,2025-06-30,2025
851551,964,36,2025-06-30,2025
852953,306,234,2025-06-30,2025
855308,410,347,2025-06-30,2025
859396,468,1095,2025-06-30,2025
860992,276,430,2025-06-30,2025
864799,472,31,2025-06-30,2025
867357,601,24,2025-06-30,2025
867929,3690,2410,2025-06-30,2025
875249,24245,6890,2025-06-30,2025
875337,2425,114,2025-06-30,2025
877672,723,1047,2025-06-30,2025
878419,60949,683,2025-06-30,2025
883349,2919,5,2025-06-30,2025
888493,714,148,2025-06-30,2025
889438,2740,55686,2025-06-30,2025
891971,2424,1075,2025-06-30,2025
892025,2740,48332,2025-06-30,2025
892054,6992,53646,2025-06-30,2025
898807,2425,683,2025-06-30,2025
900909,2036,27,2025-06-30,2025
902021,1467,180,2025-06-30,2025
908936,4294,2420,2025-06-30,2025
913539,1025,1038,2025-06-30,2025
918414,520,162,2025-06-30,2025
921655,273,244,2025-06-30,2025
923129,2425,683,2025-06-30,2025
926694,23826,13,2025-06-30,2025
928323,3911,273,2025-06-30,2025
930998,642,23826,2025-06-30,2025
931567,749,1429,2025-06-30,2025
931841,403,1095,2025-06-30,2025
933900,667,180,2025-06-30,2025
935046,6992,660,2025-06-30,2025
935047,6992,660,2025-06-30,2025
935095,2740,338,2025-06-30,2025
938146,366,27,2025-06-30,2025
948275,3709,418,2025-06-30,2025
950091,4,1091,2025-06-30,2025
952730,3325,2424,2025-06-30,2025
958647,415,11282,2025-06-30,2025
969192,1038,46,2025-06-30,2025
973805,475,1050,2025-06-30,2025
975689,124,826,2025-06-30,2025
980576,416,1421,2025-06-30,2025
983677,1304,317,2025-06-30,2025
983989,1003,1237,2025-06-30,2025
990731,41274,3057,2025-06-30,2025
993645,2919,46,2025-06-30,2025
1011200,738,667,2025-06-30,2025
1011469,443,206,2025-06-30,2025
1026255,132,398,2025-06-30,2025
1027216,3062,244,2025-06-30,2025
1028162,738,130,2025-06-30,2025
1034665,601,3948,2025-06-30,2025
1036405,41274,36,2025-06-30,2025
1049151,9010,1158,2025-06-30,2025
1053147,738,1041,2025-06-30,2025
1060252,2425,683,2025-06-30,2025
1063553,1108,1050,2025-06-30,2025
1068110,969,667,2025-06-30,2025
1074917,4083,416,2025-06-30,2025
1082633,26459,53646,2025-06-30,2025
1086636,1421,583,2025-06-30,2025
1110406,234,1237,2025-06-30,2025
1121298,826,281,2025-06-30,2025
132764,987,1519,2025-05-31,2025
134425,11,631,2025-05-31,2025
157506,371,873,2025-05-31,2025
183293,399,989,2025-05-31,2025
192279,989,631,2025-05-31,2025
193098,703,405,2025-05-31,2025
316125,873,631,2025-05-31,2025
359199,2578,2288,2025-05-31,2025
368629,1519,1031,2025-05-31,2025
396847,43,3948,2025-05-31,2025
447063,987,1123,2025-05-31,2025
456292,987,1148,2025-05-31,2025
479641,987,903,2025-05-31,2025
491737,903,2282,2025-05-31,2025
550957,903,371,2025-05-31,2025
561217,370,172,2025-05-31,2025
571743,29,631,2025-05-31,2025
581677,2759,903,2025-05-31,2025
586986,987,873,2025-05-31,2025
610649,465,601,2025-05-31,2025
618402,511,1039,2025-05-31,2025
633652,2553,31,2025-05-31,2025
711999,180,631,2025-05-31,2025
730126,903,2288,2025-05-31,2025
909254,1241,43,2025-05-31,2025
957224,903,289,2025-05-31,2025
982081,511,1132,2025-05-31,2025
913361,54189,3057,2025-04-09,2025
404846,338,18303,2025-03-11,2025
692997,55686,48332,2025-03-11,2025
1082633,53646,26459,2025-03-11,2025
743627,289,63007,2025-03-09,2025
624920,53646,63007,2025-03-08,2025
248934,48332,338,2025-03-06,2025
762387,660,6992,2025-02-25,2025
718409,18303,48726,2025-02-22,2025
729432,26459,2740,2025-02-21,2025
171072,2410,964,2025-02-20,2025
570423,1083,121,2025-02-20,2025
726445,232,3725,2025-02-20,2025
448868,55686,6992,2025-02-19,2025
263962,232,2696,2025-02-18,2025
501777,3714,14589,2025-02-18,2025
724969,121,2696,2025-02-18,2025
334481,11127,3725,2025-02-17,2025
851551,36,964,2025-02-12,2025
179860,265,11282,2025-02-11,2025
249952,6890,126,2025-02-11,2025
265542,3840,2832,2025-02-11,2025
422203,449,6890,2025-02-11,2025
432752,683,6890,2025-02-11,2025
616894,449,141,2025-02-11,2025
674241,1147,449,2025-02-11,2025
787618,244,46,2025-02-11,2025
1225269,3209,7160,2025-02-11,2025
239743,826,141,2025-02-10,2025
271495,3008,126,2025-02-10,2025
293213,126,114,2025-02-10,2025
182581,265,11282,2025-02-07,2025
274694,458,71985,2025-02-07,2025
315237,55686,2740,2025-02-07,2025
354587,2441,232,2025-02-07,2025
390379,2832,449,2025-02-07,2025
33862,968,10484,2025-02-05,2025
170934,543,141,2025-02-05,2025
342346,3385,3999,2025-02-05,2025
474589,1184,141,2025-02-05,2025
815014,19789,10484,2025-02-05,2025
876658,3209,11282,2025-02-05,2025
177547,1075,610,2025-02-04,2025
339340,985,383,2025-02-04,2025
468309,366,610,2025-02-04,2025
513963,200,317,2025-02-04,2025
516407,1110,385,2025-02-04,2025
571149,234,468,2025-02-04,2025
595247,1304,234,2025-02-04,2025
667965,738,234,2025-02-04,2025
760508,1268,468,2025-02-04,2025
39125,449,1244,2025-02-03,2025
124555,430,416,2025-02-03,2025
126719,1050,3709,2025-02-03,2025
129092,1177,369,2025-02-03,2025
139396,1075,294,2025-02-03,2025
157506,873,371,2025-02-03,2025
167727,1047,294,2025-02-03,2025
179184,141,24,2025-02-03,2025
181579,703,379,2025-02-03,2025
195736,533,366,2025-02-03,2025
198008,23826,86,2025-02-03,2025
207623,127,475,2025-02-03,2025
215099,472,385,2025-02-03,2025
215649,2919,607,2025-02-03,2025
223974,1025,800,2025-02-03,2025
245625,984,677,2025-02-03,2025
259025,449,7160,2025-02-03,2025
262523,5,1025,2025-02-03,2025
282726,3329,979,2025-02-03,2025
284854,3709,1108,2025-02-03,2025
289075,660,449,2025-02-03,2025
296622,583,405,2025-02-03,2025
303657,46,607,2025-02-03,2025
316125,631,873,2025-02-03,2025
336125,416,1047,2025-02-03,2025
337725,430,749,2025-02-03,2025
338673,41274,2727,2025-02-03,2025
346890,5,6195,2025-02-03,2025
351816,5,244,2025-02-03,2025
355369,89,1421,2025-02-03,2025
367284,273,533,2025-02-03,2025
372445,276,865,2025-02-03,2025
377641,114,162,2025-02-03,2025
386047,631,405,2025-02-03,2025
386455,430,5,2025-02-03,2025
392085,800,141,2025-02-03,2025
392085,141,430,2025-02-03,2025
392570,1047,1005,2025-02-03,2025
392881,607,366,2025-02-03,2025
410281,2425,2431,2025-02-03,2025
411267,2760,43,2025-02-03,2025
414908,1421,543,2025-02-03,2025
422951,141,12,2025-02-03,2025
424900,1031,9010,2025-02-03,2025
432090,506,430,2025-02-03,2025
448705,16,190,2025-02-03,2025
448705,610,16,2025-02-03,2025
462250,631,5,2025-02-03,2025
466805,720,281,2025-02-03,2025
480116,762,506,2025-02-03,2025
485584,317,12,2025-02-03,2025
523318,940,1047,2025-02-03,2025
535959,370,1244,2025-02-03,2025
551505,969,273,2025-02-03,2025
552955,234,5,2025-02-03,2025
561217,172,370,2025-02-03,2025
564489,2282,132,2025-02-03,2025
564530,206,369,2025-02-03,2025
565406,520,273,2025-02-03,2025
579287,2778,16,2025-02-03,2025
585550,180,3057,2025-02-03,2025
594991,1082,1096,2025-02-03,2025
596148,468,41274,2025-02-03,2025
604327,39,27,2025-02-03,2025
605396,12,294,2025-02-03,2025
610335,720,1049,2025-02-03,2025
610649,601,465,2025-02-03,2025
633306,142,1047,2025-02-03,2025
644408,443,398,2025-02-03,2025
648046,1237,379,2025-02-03,2025
651005,583,430,2025-02-03,2025
659459,631,16,2025-02-03,2025
659516,2919,5,2025-02-03,2025
666539,3268,2420,2025-02-03,2025
690799,79,273,2025-02-03,2025
717585,2424,1421,2025-02-03,2025
743395,15,9010,2025-02-03,2025
783396,1050,3709,2025-02-03,2025
787907,610,206,2025-02-03,2025
801734,27,148,2025-02-03,2025
807165,244,969,2025-02-03,2025
848682,405,23826,2025-02-03,2025
851385,173,276,2025-02-03,2025
860992,430,276,2025-02-03,2025
883349,5,2919,2025-02-03,2025
913539,1038,1025,2025-02-03,2025
921655,244,273,2025-02-03,2025
924117,4,79,2025-02-03,2025
933900,180,667,2025-02-03,2025
938146,27,366,2025-02-03,2025
955448,1162,23826,2025-02-03,2025
977877,276,273,2025-02-03,2025
980576,1421,416,2025-02-03,2025
982855,276,398,2025-02-03,2025
1004301,3524,273,2025-02-03,2025
1010854,618,631,2025-02-03,2025
1047103,1416,58,2025-02-03,2025
1060252,683,2425,2025-02-03,2025
1069960,3524,5724,2025-02-03,2025
1230462,5818,369,2025-02-03,2025
128223,5,141,2025-02-02,2025
197642,610,1082,2025-02-02,2025
217686,2410,232,2025-02-02,2025
258923,985,405,2025-02-02,2025
263236,826,148,2025-02-02,2025
368891,273,24,2025-02-02,2025
533158,3948,475,2025-02-02,2025
622380,631,416,2025-02-02,2025
649490,2727,1005,2025-02-02,2025
651005,114,583,2025-02-02,2025
743395,38,15,2025-02-02,2025
849410,1237,667,2025-02-02,2025
926952,1005,985,2025-02-02,2025
59970,660,7160,2025-02-01,2025
174694,11282,4294,2025-02-01,2025
203411,5817,533,2025-02-01,2025
329517,683,80,2025-02-01,2025
362842,506,12321,2025-02-01,2025
368891,24,273,2025-02-01,2025
417575,6574,1075,2025-02-01,2025
539043,371,683,2025-02-01,2025
539134,2919,800,2025-02-01,2025
550108,12,46,2025-02-01,2025
579295,2288,1053,2025-02-01,2025
586986,873,987,2025-02-01,2025
589139,1063,1177,2025-02-01,2025
638793,46,1050,2025-02-01,2025
849410,368,1237,2025-02-01,2025
1054934,1108,621,2025-02-01,2025
126737,150,3709,2025-01-31,2025
182688,603,265,2025-01-31,2025
281769,12,15,2025-01-31,2025
282734,338,110302,2025-01-31,2025
303116,398,2919,2025-01-31,2025
324690,430,1047,2025-01-31,2025
342967,294,60,2025-01-31,2025
359796,53646,86209,2025-01-31,2025
374326,1435,610,2025-01-31,2025
393239,317,468,2025-01-31,2025
417575,984,6574,2025-01-31,2025
418659,273,244,2025-01-31,2025
485960,3911,273,2025-01-31,2025
566615,252,607,2025-01-31,2025
567497,7378,2420,2025-01-31,2025
579295,1053,2288,2025-01-31,2025
586756,410,6890,2025-01-31,2025
672314,683,6418,2025-01-31,2025
678194,641,5817,2025-01-31,2025
694186,610,468,2025-01-31,2025
709957,131,1047,2025-01-31,2025
864799,31,472,2025-01-31,2025
908936,2420,4294,2025-01-31,2025
1011200,667,738,2025-01-31,2025
1035982,2740,18303,2025-01-31,2025
1063553,1050,1108,2025-01-31,2025
64246,354,1096,2025-01-30,2025
85528,1038,749,2025-01-30,2025
204069,583,36,2025-01-30,2025
294746,338,18303,2025-01-30,2025
347619,1031,1519,2025-01-30,2025
352392,41,520,2025-01-30,2025
358250,940,366,2025-01-30,2025
400131,237,35,2025-01-30,2025
400489,23826,416,2025-01-30,2025
405687,39,80,2025-01-30,2025
453121,127,601,2025-01-30,2025
485960,244,3911,2025-01-30,2025
532536,1241,1519,2025-01-30,2025
566615,607,252,2025-01-30,2025
566931,583,23826,2025-01-30,2025
574352,7378,2431,2025-01-30,2025
586756,1010,410,2025-01-30,2025
632741,150,940,2025-01-30,2025
656441,114,252,2025-01-30,2025
742611,3209,11282,2025-01-30,2025
321247,405,15,2025-01-29,2025
329520,1894,5817,2025-01-29,2025
344864,995,601,2025-01-29,2025
376484,2671,3999,2025-01-29,2025
402887,7160,6676,2025-01-29,2025
405687,1031,39,2025-01-29,2025
527698,366,607,2025-01-29,2025
539665,383,290,2025-01-29,2025
558727,968,2832,2025-01-29,2025
566931,23826,583,2025-01-29,2025
695121,1039,2420,2025-01-29,2025
818448,252,607,2025-01-29,2025
993645,46,2919,2025-01-29,2025
198015,683,3385,2025-01-28,2025
210178,2919,430,2025-01-28,2025
244940,82,16,2025-01-28,2025
250591,468,317,2025-01-28,2025
307924,533,167,2025-01-28,2025
324811,969,39,2025-01-28,2025
342226,167,618,2025-01-28,2025
345343,370,3062,2025-01-28,2025
409886,385,2420,2025-01-28,2025
435807,173,903,2025-01-28,2025
548270,11282,1467,2025-01-28,2025
586984,43,276,2025-01-28,2025
709957,371,131,2025-01-28,2025
728485,2431,1005,2025-01-28,2025
787232,1467,631,2025-01-28,2025
877672,1047,723,2025-01-28,2025
1112449,2431,1005,2025-01-28,2025
1121298,281,826,2025-01-28,2025
198015,3385,683,2025-01-27,2025
292837,2698,1124,2025-01-27,2025
329722,1075,683,2025-01-27,2025
329812,273,371,2025-01-27,2025
342226,714,167,2025-01-27,2025
391005,1148,82,2025-01-27,2025
489463,371,273,2025-01-27,2025
607034,969,368,2025-01-27,2025
607720,3,27,2025-01-27,2025
701325,2503,683,2025-01-27,2025
805714,631,506,2025-01-27,2025
1121298,366,281,2025-01-27,2025
435808,3948,3057,2025-01-26,2025
568318,190,443,2025-01-26,2025
704156,1047,6676,2025-01-26,2025
889438,55686,2740,2025-01-26,2025
451642,114,10484,2025-01-25,2025
602105,985,150,2025-01-25,2025
699442,1025,2919,2025-01-25,2025
807128,667,995,2025-01-25,2025
889438,2740,55686,2025-01-25,2025
95424,281,5,2025-01-24,2025
164913,294,1091,2025-01-24,2025
212832,6890,1091,2025-01-24,2025
244192,800,12,2025-01-24,2025
269371,48332,6992,2025-01-24,2025
295024,36,126,2025-01-24,2025
372051,142,2424,2025-01-24,2025
559324,317,610,2025-01-24,2025
621993,703,667,2025-01-24,2025
623319,3592,63007,2025-01-24,2025
659542,244,24,2025-01-24,2025
823486,430,1148,2025-01-24,2025
892054,53646,6992,2025-01-24,2025
909254,43,1241,2025-01-24,2025
159142,2425,110302,2025-01-23,2025
198638,3349,2431,2025-01-23,2025
244192,252,800,2025-01-23,2025
245014,449,44006,2025-01-23,2025
264176,1455,234,2025-01-23,2025
306668,2425,2431,2025-01-23,2025
329145,405,36,2025-01-23,2025
392179,1132,202,2025-01-23,2025
430761,7378,110302,2025-01-23,2025
445939,24,281,2025-01-23,2025
452084,7160,141,2025-01-23,2025
456292,1148,987,2025-01-23,2025
487969,583,506,2025-01-23,2025
557407,610,12,2025-01-23,2025
625651,681,714,2025-01-23,2025
660867,1237,677,2025-01-23,2025
663237,1096,130,2025-01-23,2025
727077,6,141,2025-01-23,2025
742506,2425,2431,2025-01-23,2025
919262,2431,2425,2025-01-23,2025
67556,2919,130,2025-01-22,2025
188180,265,2672,2025-01-22,2025
208172,1390,1091,2025-01-22,2025
285323,273,417,2025-01-22,2025
417228,660,449,2025-01-22,2025
520530,347,607,2025-01-22,2025
646353,3008,1237,2025-01-22,2025
727081,36,41274,2025-01-22,2025
804661,347,3329,2025-01-22,2025
126719,583,1050,2025-01-21,2025
128969,12,826,2025-01-21,2025
392710,2036,39,2025-01-21,2025
503866,273,180,2025-01-21,2025
550549,232,110302,2025-01-21,2025
633850,85465,48726,2025-01-21,2025
728924,2778,58,2025-01-21,2025
748838,85465,48726,2025-01-21,2025
821535,61825,48726,2025-01-21,2025
1063329,3368,405,2025-01-21,2025
126719,1050,583,2025-01-20,2025
234781,379,252,2025-01-20,2025
341680,683,653,2025-01-20,2025
384461,1237,234,2025-01-20,2025
449721,3690,1083,2025-01-20,2025
494236,3524,472,2025-01-20,2025
699592,2420,294,2025-01-20,2025
747017,1090,202,2025-01-20,2025
748939,48726,85465,2025-01-20,2025
763079,826,281,2025-01-20,2025
773961,48726,85465,2025-01-20,2025
905184,30120,6418,2025-01-20,2025
936825,48726,85465,2025-01-20,2025
1045187,48726,85465,2025-01-20,2025
234781,180,379,2025-01-19,2025
494236,1005,3524,2025-01-19,2025
215122,8024,979,2025-01-18,2025
342609,2740,48332,2025-01-18,2025
433584,6195,607,2025-01-18,2025
744074,1082,124,2025-01-18,2025
213976,48332,26459,2025-01-17,2025
315128,317,468,2025-01-17,2025
432982,2282,82,2025-01-17,2025
502670,6195,583,2025-01-17,2025
582232,2410,49702,2025-01-17,2025
727152,5817,7160,2025-01-17,2025
983677,317,1304,2025-01-17,2025
1053147,1041,738,2025-01-17,2025
207074,338,53646,2025-01-16,2025
447221,2727,605,2025-01-16,2025
508639,610,317,2025-01-16,2025
592924,2239,968,2025-01-16,2025
724035,683,2425,2025-01-16,2025
890385,1053,252,2025-01-16,2025
1027216,244,3062,2025-01-16,2025
330208,252,130,2025-01-15,2025
346314,873,631,2025-01-15,2025
373433,1041,58,2025-01-15,2025
508639,714,610,2025-01-15,2025
592975,130,1003,2025-01-15,2025
665390,405,677,2025-01-15,2025
755175,49364,10690,2025-01-15,2025
813229,1465,3385,2025-01-15,2025
877139,2420,506,2025-01-15,2025
234811,150,336,2025-01-14,2025
326029,16,405,2025-01-14,2025
382478,82,167,2025-01-14,2025
720518,1075,714,2025-01-14,2025
728864,1090,2727,2025-01-14,2025
913361,3057,54189,2025-01-14,2025
94199,868,2381,2025-01-13,2025
184816,2425,738,2025-01-13,2025
327402,868,2381,2025-01-13,2025
469976,738,6890,2025-01-13,2025
471690,989,1049,2025-01-13,2025
517376,3840,6890,2025-01-13,2025
532536,1519,1241,2025-01-13,2025
549960,3592,85465,2025-01-13,2025
605266,1467,7160,2025-01-13,2025
633652,31,2553,2025-01-13,2025
744728,27,398,2025-01-13,2025
263380,533,3057,2025-01-12,2025
395237,1041,1047,2025-01-12,2025
440135,75231,964,2025-01-12,2025
320411,989,6195,2025-01-11,2025
377042,6195,430,2025-01-11,2025
447063,1123,987,2025-01-11,2025
327251,82,23826,2025-01-10,2025
345886,167,368,2025-01-10,2025
365261,121,49702,2025-01-10,2025
433358,2420,4294,2025-01-10,2025
717391,85465,53646,2025-01-10,2025
181375,1244,16,2025-01-09,2025
181375,16,200,2025-01-09,2025
403568,371,354,2025-01-09,2025
439292,1429,132,2025-01-09,2025
683895,1421,543,2025-01-09,2025
717391,53646,85465,2025-01-09,2025
986298,1423,180,2025-01-09,2025
990731,3057,41274,2025-01-09,2025
191056,826,273,2025-01-08,2025
293281,533,79,2025-01-08,2025
442320,6646,475,2025-01-08,2025
724178,1005,6195,2025-01-08,2025
746740,1010,989,2025-01-08,2025
878419,683,60949,2025-01-08,2025
238993,1390,6195,2025-01-07,2025
290537,1096,1047,2025-01-07,2025
359199,2288,2578,2025-01-07,2025
387990,601,157,2025-01-07,2025
421873,6195,1390,2025-01-07,2025
536508,1132,290,2025-01-07,2025
566677,683,2425,2025-01-07,2025
621802,86,1096,2025-01-07,2025
662493,603,601,2025-01-07,2025
704155,1132,3057,2025-01-07,2025
923838,738,520,2025-01-07,2025
1061282,150,1047,2025-01-07,2025
610850,1110,2759,2025-01-06,2025
649452,281,86,2025-01-06,2025
845872,667,306,2025-01-06,2025
343475,800,677,2025-01-05,2025
428603,53646,63007,2025-01-05,2025
456292,465,1148,2025-01-05,2025
337715,681,1049,2025-01-04,2025
367992,1025,1005,2025-01-04,2025
595028,468,723,2025-01-04,2025
667903,172,403,2025-01-04,2025
746997,2759,43,2025-01-04,2025
891971,1075,2424,2025-01-04,2025
566677,2288,683,2025-01-03,2025
570817,1421,132,2025-01-03,2025
604320,27,2036,2025-01-03,2025
622410,3592,39097,2025-01-03,2025
633652,1071,31,2025-01-03,2025
670116,86,1053,2025-01-03,2025
808907,2431,3999,2025-01-03,2025
935095,338,2740,2025-01-03,2025
170481,398,2919,2025-01-02,2025
215096,38,306,2025-01-02,2025
392163,60,35,2025-01-02,2025
456523,3060,6676,2025-01-02,2025
604320,79,27,2025-01-02,2025
1018259,1041,533,2025-01-02,2025
60561,1041,995,2025-01-01,2025
284883,720,1075,2025-01-01,2025
396847,3948,43,2025-01-01,2025
481692,3060,3062,2025-01-01,2025
495923,48332,39097,2025-01-01,2025
581677,903,2759,2025-01-01,2025
652633,2578,43,2025-01-01,2025
723008,499,200,2025-01-01,2025
726453,6676,60949,2025-01-01,2025
817843,16704,49702,2025-01-01,2025
892025,48332,2740,2025-01-01,2025
203074,6992,660,2024-12-31,2024
394328,1075,1465,2024-12-31,2024
467243,2740,660,2024-12-31,2024
470831,10690,338,2024-12-31,2024
491960,10690,338,2024-12-31,2024
611195,5724,415,2024-12-31,2024
622410,85465,3592,2024-12-31,2024
649452,294,281,2024-12-31,2024
686059,1186,932,2024-12-31,2024
697853,4128,2698,2024-12-31,2024
718643,10690,2431,2024-12-31,2024
727081,968,36,2024-12-31,2024
771912,61825,10690,2024-12-31,2024
1033486,4128,14589,2024-12-31,2024
298091,350,1003,2024-12-30,2024
863741,3508,543,2024-12-12,2024
159894,465,202,2024-11-05,2024
532536,2451,1519,2024-10-24,2024
37838,1041,1091,2024-09-16,2024
118287,114,126,2024-09-13,2024
170895,868,2381,2024-09-13,2024
283223,36,7160,2024-09-13,2024
332798,60,141,2024-09-13,2024
366194,868,589,2024-09-13,2024
465606,141,2832,2024-09-13,2024
787232,631,1467,2024-09-13,2024
1056102,20698,126,2024-09-13,2024
48067,932,71985,2024-09-12,2024
185024,232,3719,2024-09-12,2024
223025,126,44006,2024-09-12,2024
387687,3302,932,2024-09-12,2024
814273,41231,2410,2024-09-12,2024
216443,1090,2293,2024-09-11,2024
375667,1083,3725,2024-09-11,2024
453864,8970,2698,2024-09-11,2024
459661,46,653,2024-09-11,2024
658737,1465,3062,2024-09-11,2024
718115,2441,2672,2024-09-11,2024
314944,2420,232,2024-09-10,2024
413605,2239,2832,2024-09-10,2024
147487,114,7775,2024-09-09,2024
161011,506,36,2024-09-09,2024
226073,350,126,2024-09-09,2024
204176,141,44006,2024-09-07,2024
272261,430,10484,2024-09-07,2024
129588,1003,1096,2024-09-06,2024
236400,141,7160,2024-09-06,2024
249303,3948,3057,2024-09-06,2024
257851,683,7160,2024-09-06,2024
260166,703,11282,2024-09-06,2024
292812,23,2727,2024-09-06,2024
293169,430,10484,2024-09-06,2024
321647,3057,172,2024-09-06,2024
343622,63007,39097,2024-09-06,2024
345468,1184,3057,2024-09-06,2024
385817,667,9010,2024-09-06,2024
395242,58,172,2024-09-06,2024
419061,338,10690,2024-09-06,2024
465868,683,3999,2024-09-06,2024
543051,417,475,2024-09-06,2024
717391,85465,53646,2024-09-06,2024
726526,276,2727,2024-09-06,2024
1036405,36,41274,2024-09-06,2024
1052374,61825,6992,2024-09-06,2024
395659,964,2696,2024-09-05,2024
460629,583,41274,2024-09-05,2024
655899,1075,449,2024-09-05,2024
728734,148,968,2024-09-05,2024
126625,265,605,2024-09-04,2024
149729,294,114,2024-09-04,2024
164771,244,1041,2024-09-04,2024
211325,3209,2832,2024-09-04,2024
325924,6890,354,2024-09-04,2024
401923,6195,141,2024-09-04,2024
502247,58,475,2024-09-04,2024
502842,10690,338,2024-09-04,2024
568373,132,157,2024-09-04,2024
593482,244,265,2024-09-04,2024
680806,180,58,2024-09-04,2024
789478,18303,86209,2024-09-04,2024
308265,306,723,2024-09-03,2024
344869,1075,449,2024-09-03,2024
382528,141,294,2024-09-03,2024
588020,79,6890,2024-09-03,2024
809899,660,6992,2024-09-03,2024
29559,380,110302,2024-09-02,2024
52769,931,683,2024-09-02,2024
144244,1390,190,2024-09-02,2024
152651,931,132,2024-09-02,2024
198006,1091,3329,2024-09-02,2024
211474,1162,417,2024-09-02,2024
239046,1091,1063,2024-09-02,2024
293279,1177,2778,2024-09-02,2024
313094,417,234,2024-09-02,2024
340521,41,2423,2024-09-02,2024
344151,3524,7775,2024-09-02,2024
345748,1095,1053,2024-09-02,2024
364237,720,8024,2024-09-02,2024
375137,162,141,2024-09-02,2024
386164,133,235,2024-09-02,2024
390125,1091,467,2024-09-02,2024
420465,506,720,2024-09-02,2024
448466,336,2431,2024-09-02,2024
461629,3329,110302,2024-09-02,2024
470796,520,8024,2024-09-02,2024
478365,3329,720,2024-09-02,2024
481623,1010,1075,2024-09-02,2024
525919,1010,206,2024-09-02,2024
549027,294,2425,2024-09-02,2024
568318,443,190,2024-09-02,2024
627068,234,385,2024-09-02,2024
649035,172,678,2024-09-02,2024
653415,410,979,2024-09-02,2024
726701,336,110302,2024-09-02,2024
800976,2778,383,2024-09-02,2024
807386,2778,336,2024-09-02,2024
817665,3329,2424,2024-09-02,2024
875337,114,2425,2024-09-02,2024
1011469,206,443,2024-09-02,2024
1143375,1423,1465,2024-09-02,2024
129092,1053,1177,2024-09-01,2024
341019,252,8024,2024-09-01,2024
649452,281,294,2024-09-01,2024
168157,405,58,2024-08-31,2024
174733,114,1091,2024-08-31,2024
182618,1158,1091,2024-08-31,2024
184816,11282,2425,2024-08-31,2024
205006,12,383,2024-08-31,2024
287579,430,36,2024-08-31,2024
357917,338,1063,2024-08-31,2024
394328,1465,1075,2024-08-31,2024
581106,58,678,2024-08-31,2024
810096,583,1075,2024-08-31,2024
982081,1132,511,2024-08-31,2024
85528,410,1038,2024-08-30,2024
105695,1241,2578,2024-08-30,2024
110864,873,543,2024-08-30,2024
111819,989,11,2024-08-30,2024
126719,583,1050,2024-08-30,2024
134425,631,11,2024-08-30,2024
137669,1245,3385,2024-08-30,2024
143559,237,1244,2024-08-30,2024
146795,762,180,2024-08-30,2024
149829,36,415,2024-08-30,2024
159894,202,465,2024-08-30,2024
170929,826,3911,2024-08-30,2024
181375,16,1244,2024-08-30,2024
181579,379,703,2024-08-30,2024
183321,931,865,2024-08-30,2024
190280,5724,995,2024-08-30,2024
191422,1237,24,2024-08-30,2024
199733,398,430,2024-08-30,2024
205465,347,1082,2024-08-30,2024
217115,29,244,2024-08-30,2024
234781,379,180,2024-08-30,2024
237436,206,5724,2024-08-30,2024
239962,190,82,2024-08-30,2024
247555,39,3911,2024-08-30,2024
251302,167,2036,2024-08-30,2024
254985,2740,44006,2024-08-30,2024
272930,2832,1269,2024-08-30,2024
273132,89,430,2024-08-30,2024
276896,244,398,2024-08-30,2024
289592,1041,29,2024-08-30,2024
315969,985,6195,2024-08-30,2024
322655,380,276,2024-08-30,2024
325223,1041,3911,2024-08-30,2024
331496,12321,237,2024-08-30,2024
331726,12,5,2024-08-30,2024
335147,380,749,2024-08-30,2024
340324,11,873,2024-08-30,2024
340325,11,931,2024-08-30,2024
344152,873,1003,2024-08-30,2024
345458,749,416,2024-08-30,2024
346314,631,873,2024-08-30,2024
348795,148,150,2024-08-30,2024
352392,667,41,2024-08-30,2024
355861,1050,12321,2024-08-30,2024
357796,380,276,2024-08-30,2024
358008,6195,1390,2024-08-30,2024
361065,800,1082,2024-08-30,2024
361914,379,681,2024-08-30,2024
364133,416,749,2024-08-30,2024
372246,583,379,2024-08-30,2024
381950,5,12,2024-08-30,2024
384593,417,167,2024-08-30,2024
389253,350,371,2024-08-30,2024
389837,398,1025,2024-08-30,2024
390177,6574,124,2024-08-30,2024
391780,141,86,2024-08-30,2024
401173,985,631,2024-08-30,2024
420210,234,23826,2024-08-30,2024
421637,1148,167,2024-08-30,2024
423744,1237,6195,2024-08-30,2024
425306,703,873,2024-08-30,2024
427568,11,180,2024-08-30,2024
434224,82,873,2024-08-30,2024
464259,232,964,2024-08-30,2024
465555,631,667,2024-08-30,2024
468264,511,371,2024-08-30,2024
476701,583,985,2024-08-30,2024
479641,903,987,2024-08-30,2024
490496,2741,3719,2024-08-30,2024
491693,410,720,2024-08-30,2024
503640,234,124,2024-08-30,2024
505653,543,472,2024-08-30,2024
538971,873,273,2024-08-30,2024
538994,289,618,2024-08-30,2024
538998,289,738,2024-08-30,2024
562049,12,430,2024-08-30,2024
565435,167,371,2024-08-30,2024
569383,162,167,2024-08-30,2024
571743,631,29,2024-08-30,2024
583699,1082,89,2024-08-30,2024
586756,410,1010,2024-08-30,2024
602124,430,2919,2024-08-30,2024
604327,27,39,2024-08-30,2024
618898,7160,533,2024-08-30,2024
624690,18,12,2024-08-30,2024
644244,265,2672,2024-08-30,2024
646353,1237,3008,2024-08-30,2024
655012,968,618,2024-08-30,2024
655456,416,749,2024-08-30,2024
660438,190,681,2024-08-30,2024
669380,1091,82,2024-08-30,2024
670717,336,472,2024-08-30,2024
671594,1421,3911,2024-08-30,2024
671915,405,1049,2024-08-30,2024
673492,294,703,2024-08-30,2024
695454,543,237,2024-08-30,2024
702441,1041,290,2024-08-30,2024
707844,1096,130,2024-08-30,2024
708678,1158,410,2024-08-30,2024
711996,273,1041,2024-08-30,2024
724129,157,1082,2024-08-30,2024
731491,46,607,2024-08-30,2024
742451,610,543,2024-08-30,2024
746740,989,1010,2024-08-30,2024
793099,723,202,2024-08-30,2024
822458,1158,1420,2024-08-30,2024
855308,347,410,2024-08-30,2024
928323,273,3911,2024-08-30,2024
957224,289,903,2024-08-30,2024
977877,826,276,2024-08-30,2024
979766,273,276,2024-08-30,2024
1047109,265,2672,2024-08-30,2024
88682,506,749,2024-08-29,2024
91059,36,415,2024-08-29,2024
96341,631,6195,2024-08-29,2024
192279,631,989,2024-08-29,2024
192409,449,653,2024-08-29,2024
228645,1132,610,2024-08-29,2024
249730,162,416,2024-08-29,2024
258039,24,1421,2024-08-29,2024
263727,368,1108,2024-08-29,2024
295624,3385,723,2024-08-29,2024
341092,506,31,2024-08-29,2024
433181,631,749,2024-08-29,2024
441987,232,369,2024-08-29,2024
508639,610,714,2024-08-29,2024
541555,366,331,2024-08-29,2024
548729,1132,294,2024-08-29,2024
562948,157,39,2024-08-29,2024
563137,681,237,2024-08-29,2024
585711,1245,403,2024-08-29,2024
612869,11127,1124,2024-08-29,2024
615350,1049,366,2024-08-29,2024
654982,1184,1003,2024-08-29,2024
659513,16,3911,2024-08-29,2024
825199,506,234,2024-08-29,2024
948275,418,3709,2024-08-29,2024
955253,995,543,2024-08-29,2024
988272,738,667,2024-08-29,2024
1028162,130,738,2024-08-29,2024
112515,131,940,2024-08-28,2024
160938,44,1047,2024-08-28,2024
241501,826,206,2024-08-28,2024
244940,16,82,2024-08-28,2024
338285,940,621,2024-08-28,2024
348026,583,15,2024-08-28,2024
360518,800,506,2024-08-28,2024
392591,1031,677,2024-08-28,2024
395236,5,430,2024-08-28,2024
460245,82,39,2024-08-28,2024
467720,16,417,2024-08-28,2024
485965,82,995,2024-08-28,2024
502676,31,1049,2024-08-28,2024
644771,15,800,2024-08-28,2024
707809,2727,607,2024-08-28,2024
709957,131,371,2024-08-28,2024
825437,583,738,2024-08-28,2024
834397,631,1184,2024-08-28,2024
935047,660,6992,2024-08-28,2024
1028162,738,130,2024-08-28,2024
1068110,667,969,2024-08-28,2024
45026,12,800,2024-08-27,2024
242359,800,13,2024-08-27,2024
297583,79,89,2024-08-27,2024
302371,720,1108,2024-08-27,2024
338424,681,11,2024-08-27,2024
354352,667,1005,2024-08-27,2024
391065,989,290,2024-08-27,2024
485395,371,317,2024-08-27,2024
487474,720,506,2024-08-27,2024
502676,1049,31,2024-08-27,2024
521407,6195,714,2024-08-27,2024
537598,11,720,2024-08-27,2024
569387,1005,533,2024-08-27,2024
620598,1132,79,2024-08-27,2024
670096,607,1041,2024-08-27,2024
748382,1041,276,2024-08-27,2024
834397,1184,631,2024-08-27,2024
953901,13,1108,2024-08-27,2024
974995,750,520,2024-08-27,2024
1086619,1038,130,2024-08-27,2024
91970,46,800,2024-08-26,2024
182904,131,13,2024-08-26,2024
187587,114,1005,2024-08-26,2024
203074,660,6992,2024-08-26,2024
278343,167,114,2024-08-26,2024
315211,723,1269,2024-08-26,2024
406634,371,1237,2024-08-26,2024
463610,703,41274,2024-08-26,2024
464530,1091,3060,2024-08-26,2024
498237,703,683,2024-08-26,2024
536480,1283,60949,2024-08-26,2024
703772,133,1435,2024-08-26,2024
771912,10690,61825,2024-08-26,2024
926694,13,23826,2024-08-26,2024
931841,1095,403,2024-08-26,2024
973805,1050,475,2024-08-26,2024
272706,4,723,2024-08-25,2024
401320,1132,677,2024-08-25,2024
419062,3592,86209,2024-08-25,2024
486031,430,506,2024-08-25,2024
494954,2741,3719,2024-08-25,2024
498237,720,703,2024-08-25,2024
571607,506,252,2024-08-25,2024
666974,131,273,2024-08-25,2024
668547,281,1047,2024-08-25,2024
353559,499,2696,2024-08-24,2024
369316,36,1237,2024-08-24,2024
392538,5,1025,2024-08-24,2024
422281,3524,449,2024-08-24,2024
481628,1465,157,2024-08-24,2024
559794,289,677,2024-08-24,2024
33873,1039,29,2024-08-23,2024
53622,131,281,2024-08-23,2024
85370,131,1047,2024-08-23,2024
99863,53646,10690,2024-08-23,2024
108354,873,1003,2024-08-23,2024
112930,152,354,2024-08-23,2024
203123,44,533,2024-08-23,2024
214078,370,443,2024-08-23,2024
260827,873,931,2024-08-23,2024
282028,995,1041,2024-08-23,2024
340864,142,110302,2024-08-23,2024
543666,6574,2919,2024-08-23,2024
547499,467,317,2024-08-23,2024
566677,683,2288,2024-08-23,2024
640109,46,826,2024-08-23,2024
649016,800,79,2024-08-23,2024
672381,1123,244,2024-08-23,2024
672803,273,3709,2024-08-23,2024
849410,1237,368,2024-08-23,2024
857818,1010,12321,2024-08-23,2024
958647,11282,415,2024-08-23,2024
991268,13,720,2024-08-23,2024
1049151,1158,9010,2024-08-23,2024
218085,865,5724,2024-08-22,2024
223725,472,1244,2024-08-22,2024
278837,1108,1049,2024-08-22,2024
333014,1132,931,2024-08-22,2024
345437,180,1467,2024-08-22,2024
353403,995,2381,2024-08-22,2024
357992,416,800,2024-08-22,2024
365692,660,63007,2024-08-22,2024
405687,39,1031,2024-08-22,2024
417575,6574,984,2024-08-22,2024
430280,506,607,2024-08-22,2024
432175,234,190,2024-08-22,2024
484988,415,1050,2024-08-22,2024
491296,1132,826,2024-08-22,2024
498529,36,6890,2024-08-22,2024
541231,31,1148,2024-08-22,2024
583404,234,416,2024-08-22,2024
910905,1041,667,2024-08-22,2024
162959,506,610,2024-08-21,2024
193098,405,703,2024-08-21,2024
320421,369,200,2024-08-21,2024
365692,48332,660,2024-08-21,2024
462250,13,631,2024-08-21,2024
466807,1050,1244,2024-08-21,2024
469822,294,6195,2024-08-21,2024
485583,543,290,2024-08-21,2024
488362,631,13,2024-08-21,2024
542858,458,1269,2024-08-21,2024
557612,180,667,2024-08-21,2024
567023,3725,75231,2024-08-21,2024
585949,5,506,2024-08-21,2024
676318,985,265,2024-08-21,2024
718123,3840,26459,2024-08-21,2024
755327,660,6992,2024-08-21,2024
776798,1237,3911,2024-08-21,2024
1086636,583,1421,2024-08-21,2024
244904,18303,63007,2024-08-20,2024
287700,398,3385,2024-08-20,2024
364245,383,162,2024-08-20,2024
396530,53646,18303,2024-08-20,2024
424881,703,2425,2024-08-20,2024
440135,964,75231,2024-08-20,2024
488755,610,80,2024-08-20,2024
712107,3329,1050,2024-08-20,2024
880245,336,180,2024-08-20,2024
953004,190,1063,2024-08-20,2024
406638,148,1003,2024-08-19,2024
461717,2441,3999,2024-08-19,2024
461843,1533,3709,2024-08-19,2024
468066,6195,677,2024-08-19,2024
538977,399,1237,2024-08-19,2024
656132,173,1435,2024-08-19,2024
863741,543,3508,2024-08-19,2024
368891,273,24,2024-08-18,2024
528833,410,800,2024-08-18,2024
293194,610,416,2024-08-17,2024
339699,237,16704,2024-08-17,2024
371371,12,714,2024-08-17,2024
375657,6992,86209,2024-08-17,2024
552057,15,533,2024-08-17,2024
569598,162,5,2024-08-17,2024
618813,13,1108,2024-08-17,2024
662332,180,1467,2024-08-17,2024
679050,1245,520,2024-08-17,2024
914562,273,583,2024-08-17,2024
918414,162,520,2024-08-17,2024
112822,40,667,2024-08-16,2024
174694,1075,11282,2024-08-16,2024
258005,683,1465,2024-08-16,2024
305947,252,430,2024-08-16,2024
315865,6574,252,2024-08-16,2024
331498,276,2424,2024-08-16,2024
351749,281,677,2024-08-16,2024
396516,1416,10484,2024-08-16,2024
429259,1184,415,2024-08-16,2024
459128,8970,800,2024-08-16,2024
533662,405,180,2024-08-16,2024
555076,989,3911,2024-08-16,2024
626913,380,398,2024-08-16,2024
655006,631,667,2024-08-16,2024
711337,720,989,2024-08-16,2024
711999,631,180,2024-08-16,2024
743498,1132,148,2024-08-16,2024
811544,964,14589,2024-08-16,2024
840836,7378,157,2024-08-16,2024
217033,964,1083,2024-08-15,2024
277137,940,1244,2024-08-15,2024
369319,903,1269,2024-08-15,2024
476219,370,12321,2024-08-15,2024
735568,6195,150,2024-08-15,2024
924447,366,110302,2024-08-15,2024
1110406,1237,234,2024-08-15,2024
208690,252,44006,2024-08-14,2024
241477,33,467,2024-08-14,2024
386552,380,1005,2024-08-14,2024
431811,12,749,2024-08-14,2024
434223,1123,371,2024-08-14,2024
550106,398,130,2024-08-14,2024
604579,6574,3062,2024-08-14,2024
623521,418,366,2024-08-14,2024
647787,40,1467,2024-08-14,2024
700106,39,1237,2024-08-14,2024
749552,1184,1047,2024-08-14,2024
61842,1031,589,2024-08-13,2024
132764,1519,987,2024-08-13,2024
189439,3385,2672,2024-08-13,2024
238752,232,2381,2024-08-13,2024
241481,873,1096,2024-08-13,2024
246968,150,1050,2024-08-13,2024
300532,1083,130,2024-08-13,2024
326031,27,985,2024-08-13,2024
340456,27,985,2024-08-13,2024
371856,41231,964,2024-08-13,2024
410854,202,9010,2024-08-13,2024
429309,683,1465,2024-08-13,2024
450211,124,605,2024-08-13,2024
477758,985,379,2024-08-13,2024
493513,11,366,2024-08-13,2024
503858,234,2727,2024-08-13,2024
513970,131,989,2024-08-13,2024
527896,2778,1435,2024-08-13,2024
540466,605,60949,2024-08-13,2024
550957,371,903,2024-08-13,2024
570781,54189,3057,2024-08-13,2024
608469,2410,589,2024-08-13,2024
651005,583,114,2024-08-13,2024
659518,162,667,2024-08-13,2024
659542,826,244,2024-08-13,2024
698678,543,234,2024-08-13,2024
894914,2282,23826,2024-08-13,2024
94308,368,1244,2024-08-12,2024
125020,800,1390,2024-08-12,2024
284884,368,1244,2024-08-12,2024
453704,5358,368,2024-08-12,2024
476344,148,5,2024-08-12,2024
552223,46,607,2024-08-12,2024
559263,31,1148,2024-08-12,2024
576024,281,13,2024-08-12,2024
578392,533,16,2024-08-12,2024
710886,234,132,2024-08-12,2024
893675,1421,430,2024-08-12,2024
229604,610,244,2024-08-11,2024
487465,543,631,2024-08-11,2024
494236,3524,1005,2024-08-11,2024
1005240,415,162,2024-08-11,2024
40433,46,410,2024-08-10,2024
204201,3209,2832,2024-08-10,2024
258889,989,148,2024-08-10,2024
293213,114,126,2024-08-10,2024
342226,167,714,2024-08-10,2024
523965,1894,5817,2024-08-10,2024
585973,1041,995,2024-08-10,2024
605184,417,379,2024-08-10,2024
708241,660,85465,2024-08-10,2024
983989,1237,1003,2024-08-10,2024
96089,2671,60949,2024-08-09,2024
262709,1416,3999,2024-08-09,2024
293385,23826,131,2024-08-09,2024
329630,6418,653,2024-08-09,2024
339314,1237,79,2024-08-09,2024
354814,430,826,2024-08-09,2024
412932,162,80,2024-08-09,2024
423606,60551,53646,2024-08-09,2024
439292,1025,1429,2024-08-09,2024
464598,294,276,2024-08-09,2024
622410,3592,85465,2024-08-09,2024
661171,24,583,2024-08-09,2024
713644,27,331,2024-08-09,2024
736034,1390,475,2024-08-09,2024
1038054,61825,6992,2024-08-09,2024
48119,6890,2293,2024-08-08,2024
104918,190,865,2024-08-08,2024
193900,16,167,2024-08-08,2024
216179,46,2919,2024-08-08,2024
255906,703,472,2024-08-08,2024
289510,1132,385,2024-08-08,2024
315253,1435,244,2024-08-08,2024
371003,1095,370,2024-08-08,2024
526578,61825,10690,2024-08-08,2024
554903,252,800,2024-08-08,2024
609556,350,762,2024-08-08,2024
701845,19789,2832,2024-08-08,2024
1026255,398,132,2024-08-08,2024
1061975,40,3329,2024-08-08,2024
337333,89,714,2024-08-07,2024
391907,16704,49702,2024-08-07,2024
451154,1005,749,2024-08-07,2024
502289,601,1269,2024-08-07,2024
617074,23826,940,2024-08-07,2024
669305,338,39097,2024-08-07,2024
705808,714,3268,2024-08-07,2024
742095,2424,190,2024-08-07,2024
787618,46,244,2024-08-07,2024
798043,16,89,2024-08-07,2024
817700,232,2696,2024-08-07,2024
888493,148,714,2024-08-07,2024
923129,683,2425,2024-08-07,2024
28356,995,826,2024-08-06,2024
58993,370,903,2024-08-06,2024
170646,368,58,2024-08-06,2024
275303,800,273,2024-08-06,2024
298091,1003,350,2024-08-06,2024
342385,150,379,2024-08-06,2024
361068,1096,410,2024-08-06,2024
430484,2696,71985,2024-08-06,2024
569384,46,368,2024-08-06,2024
665048,10690,449,2024-08-06,2024
683828,114,589,2024-08-06,2024
66100,131,12321,2024-08-05,2024
75489,16,379,2024-08-05,2024
86784,416,150,2024-08-05,2024
111275,24,265,2024-08-05,2024
258027,583,294,2024-08-05,2024
363057,40,367,2024-08-05,2024
371627,3725,2696,2024-08-05,2024
670681,294,583,2024-08-05,2024
795280,61825,10690,2024-08-05,2024
1050797,114,126,2024-08-05,2024
343052,449,1050,2024-08-04,2024
553469,1123,141,2024-08-04,2024
215114,1421,58,2024-08-03,2024
238407,1050,13,2024-08-03,2024
282727,366,605,2024-08-03,2024
474701,399,379,2024-08-03,2024
494880,1050,931,2024-08-03,2024
627228,281,16,2024-08-03,2024
655009,2727,607,2024-08-03,2024
726035,48332,6992,2024-08-03,2024
730126,2288,903,2024-08-03,2024
147846,499,3062,2024-08-02,2024
161869,2441,415,2024-08-02,2024
213974,55686,6992,2024-08-02,2024
279242,964,3719,2024-08-02,2024
343316,39097,86209,2024-08-02,2024
343537,12321,12,2024-08-02,2024
357003,6574,1025,2024-08-02,2024
377720,133,1304,2024-08-02,2024
392765,11,931,2024-08-02,2024
495918,3592,86209,2024-08-02,2024
531332,126,114,2024-08-02,2024
708240,660,48332,2024-08-02,2024
80293,1050,1082,2024-08-01,2024
82873,1237,16,2024-08-01,2024
146509,984,677,2024-08-01,2024
202788,317,124,2024-08-01,2024
287183,2410,1091,2024-08-01,2024
405670,38,1047,2024-08-01,2024
410225,244,873,2024-08-01,2024
434110,33,132,2024-08-01,2024
491960,338,10690,2024-08-01,2024
504090,294,371,2024-08-01,2024
544106,714,2727,2024-08-01,2024
580657,306,1082,2024-08-01,2024
663244,2420,703,2024-08-01,2024
727152,141,5817,2024-08-01,2024
137616,984,449,2024-07-31,2024
241229,244,3911,2024-07-31,2024
383014,7378,1465,2024-07-31,2024
487843,5,749,2024-07-31,2024
539134,5,2919,2024-07-31,2024
654986,157,601,2024-07-31,2024
741292,15,410,2024-07-31,2024
952943,60551,85465,2024-07-31,2024
970279,40,1420,2024-07-31,2024
1071956,40,1420,2024-07-31,2024
184440,114,7160,2024-07-30,2024
221958,2282,683,2024-07-30,2024
234124,924,6676,2024-07-30,2024
244192,800,252,2024-07-30,2024
250907,6418,75231,2024-07-30,2024
282810,940,3709,2024-07-30,2024
298635,380,276,2024-07-30,2024
367284,6195,273,2024-07-30,2024
433257,3302,982,2024-07-30,2024
433329,677,2553,2024-07-30,2024
475416,1110,995,2024-07-30,2024
481688,336,3057,2024-07-30,2024
585323,1050,631,2024-07-30,2024
595247,234,1304,2024-07-30,2024
618402,1039,511,2024-07-30,2024
649024,995,7775,2024-07-30,2024
652633,43,2578,2024-07-30,2024
655902,141,968,2024-07-30,2024
668951,506,12,2024-07-30,2024
711544,1041,29,2024-07-30,2024
717198,660,6992,2024-07-30,2024
890290,506,989,2024-07-30,2024
902021,180,1467,2024-07-30,2024
918969,347,162,2024-07-30,2024
935046,660,6992,2024-07-30,2024
399553,2861,653,2024-07-29,2024
502821,1025,11,2024-07-29,2024
537382,148,12321,2024-07-29,2024
540056,660,190,2024-07-29,2024
697149,141,14589,2024-07-29,2024
727077,141,6,2024-07-29,2024
745202,595,276,2024-07-29,2024
161057,4,89,2024-07-28,2024
344519,6912,982,2024-07-28,2024
376110,3725,6418,2024-07-28,2024
393371,7775,589,2024-07-28,2024
248271,36,2293,2024-07-27,2024
351809,681,13,2024-07-27,2024
815652,1082,2425,2024-07-27,2024
107010,13,449,2024-07-26,2024
184894,430,607,2024-07-26,2024
242063,82,124,2024-07-26,2024
288318,3302,367,2024-07-26,2024
344596,631,826,2024-07-26,2024
386914,124,317,2024-07-26,2024
392775,148,931,2024-07-26,2024
392959,2919,430,2024-07-26,2024
513245,6195,29,2024-07-26,2024
587019,1148,35,2024-07-26,2024
632896,142,12321,2024-07-26,2024
691786,826,35,2024-07-26,2024
697917,36,2293,2024-07-26,2024
711980,273,667,2024-07-26,2024
735353,683,3385,2024-07-26,2024
746997,43,2759,2024-07-26,2024
817700,11127,232,2024-07-26,2024
175639,244,417,2024-07-25,2024
176485,1075,110302,2024-07-25,2024
231650,1304,200,2024-07-25,2024
236041,1005,458,2024-07-25,2024
249036,1186,60949,2024-07-25,2024
283994,39,3911,2024-07-25,2024
298477,350,472,2024-07-25,2024
330909,1268,1519,2024-07-25,2024
338672,46,354,2024-07-25,2024
371256,141,265,2024-07-25,2024
426280,499,1038,2024-07-25,2024
449721,1083,3690,2024-07-25,2024
450173,2503,11282,2024-07-25,2024
534084,430,458,2024-07-25,2024
596067,3268,3725,2024-07-25,2024
596884,2420,982,2024-07-25,2024
625144,3592,48726,2024-07-25,2024
646478,190,141,2024-07-25,2024
687630,968,403,2024-07-25,2024
816930,380,3062,2024-07-25,2024
1004834,1096,162,2024-07-25,2024
1033486,14589,4128,2024-07-25,2024
80059,6646,11282,2024-07-24,2024
163053,3209,7160,2024-07-24,2024
176412,63007,6992,2024-07-24,2024
177847,368,472,2024-07-24,2024
205128,200,385,2024-07-24,2024
272539,354,3057,2024-07-24,2024
289272,681,1533,2024-07-24,2024
364827,984,1421,2024-07-24,2024
433049,368,36,2024-07-24,2024
484215,43,1071,2024-07-24,2024
673514,1095,3911,2024-07-24,2024
707572,12321,131,2024-07-24,2024
723487,475,157,2024-07-24,2024
727081,36,968,2024-07-24,2024
805835,385,1416,2024-07-24,2024
929494,380,2727,2024-07-24,2024
1072238,68608,1465,2024-07-24,2024
170544,347,44006,2024-07-23,2024
186848,7775,110302,2024-07-23,2024
243591,1132,2288,2024-07-23,2024
252641,11282,605,2024-07-23,2024
262365,16795,1533,2024-07-23,2024
262939,1050,237,2024-07-23,2024
288449,468,798,2024-07-23,2024
295630,1123,167,2024-07-23,2024
346779,180,416,2024-07-23,2024
409533,2282,41274,2024-07-23,2024
412952,1063,982,2024-07-23,2024
538964,415,1025,2024-07-23,2024
578680,60,2282,2024-07-23,2024
618809,940,1108,2024-07-23,2024
651269,1083,269,2024-07-23,2024
678100,1184,354,2024-07-23,2024
769063,5,1108,2024-07-23,2024
782476,1158,200,2024-07-23,2024
800948,5,58,2024-07-23,2024
818252,2503,449,2024-07-23,2024
829434,4294,2424,2024-07-23,2024
833315,3508,1467,2024-07-23,2024
852953,234,306,2024-07-23,2024
58489,3999,2672,2024-07-22,2024
167799,148,244,2024-07-22,2024
371008,2424,1084,2024-07-22,2024
401736,7179,2424,2024-07-22,2024
404851,53646,6992,2024-07-22,2024
448868,60551,55686,2024-07-22,2024
451642,6646,114,2024-07-22,2024
461670,18303,6992,2024-07-22,2024
485706,29,405,2024-07-22,2024
493702,417,749,2024-07-22,2024
668276,23826,1108,2024-07-22,2024
797791,410,1010,2024-07-22,2024
820252,1465,71985,2024-07-22,2024
87854,7160,44006,2024-07-21,2024
88706,8970,1038,2024-07-21,2024
111630,368,2441,2024-07-21,2024
455758,60949,3999,2024-07-21,2024
568158,1108,681,2024-07-21,2024
91849,368,190,2024-07-20,2024
371000,167,443,2024-07-20,2024
381968,3057,2727,2024-07-20,2024
465717,350,399,2024-07-20,2024
487834,380,683,2024-07-20,2024
587310,1894,1053,2024-07-20,2024
649996,449,39722,2024-07-20,2024
94201,89,4,2024-07-19,2024
100986,449,1082,2024-07-19,2024
128223,13,5,2024-07-19,2024
163048,4171,416,2024-07-19,2024
207917,1050,1047,2024-07-19,2024
264176,2861,1455,2024-07-19,2024
278359,150,940,2024-07-19,2024
282144,1005,430,2024-07-19,2024
303116,430,398,2024-07-19,2024
353584,61825,49364,2024-07-19,2024
358021,235,385,2024-07-19,2024
369684,399,24,2024-07-19,2024
467240,85465,26459,2024-07-19,2024
528888,931,1071,2024-07-19,2024
554284,1237,2832,2024-07-19,2024
555135,964,1083,2024-07-19,2024
612758,724,1435,2024-07-19,2024
665390,3008,405,2024-07-19,2024
697726,121,2741,2024-07-19,2024
819636,82,38,2024-07-19,2024
969192,46,1038,2024-07-19,2024
7825,1050,1047,2024-07-18,2024
16911,58,371,2024-07-18,2024
163738,605,2441,2024-07-18,2024
169681,1533,2423,2024-07-18,2024
240219,1005,1038,2024-07-18,2024
270541,79,16,2024-07-18,2024
288259,385,9010,2024-07-18,2024
413507,430,703,2024-07-18,2024
442891,273,15,2024-07-18,2024
495722,5,749,2024-07-18,2024
502062,512,41274,2024-07-18,2024
532826,985,244,2024-07-18,2024
678406,472,1050,2024-07-18,2024
686965,276,506,2024-07-18,2024
694509,415,1108,2024-07-18,2024
697917,820,36,2024-07-18,2024
703775,1304,1455,2024-07-18,2024
708242,660,85465,2024-07-18,2024
729814,347,1041,2024-07-18,2024
743591,1095,281,2024-07-18,2024
796895,855,110302,2024-07-18,2024
923831,1082,985,2024-07-18,2024
924466,10690,49364,2024-07-18,2024
128969,1090,12,2024-07-17,2024
371021,1132,677,2024-07-17,2024
392777,703,2425,2024-07-17,2024
392966,800,1390,2024-07-17,2024
432092,800,1390,2024-07-17,2024
447066,903,41274,2024-07-17,2024
538918,46,749,2024-07-17,2024
564305,800,1390,2024-07-17,2024
580193,42,1075,2024-07-17,2024
588426,472,416,2024-07-17,2024
704155,1162,1132,2024-07-17,2024
708242,85465,660,2024-07-17,2024
982267,1390,800,2024-07-17,2024
45671,114,36,2024-07-16,2024
90959,820,20,2024-07-16,2024
120189,2036,6646,2024-07-16,2024
136610,2832,6646,2024-07-16,2024
139341,2425,2424,2024-07-16,2024
144583,1083,2741,2024-07-16,2024
249513,681,3709,2024-07-16,2024
256000,2832,2293,2024-07-16,2024
268732,979,6646,2024-07-16,2024
335457,167,79,2024-07-16,2024
340323,3385,4603,2024-07-16,2024
412513,276,458,2024-07-16,2024
421636,2414,2740,2024-07-16,2024
448264,2420,982,2024-07-16,2024
484838,405,371,2024-07-16,2024
485588,200,798,2024-07-16,2024
501709,987,290,2024-07-16,2024
506189,379,180,2024-07-16,2024
523977,940,982,2024-07-16,2024
750798,5818,1177,2024-07-16,2024
802560,190,33,2024-07-16,2024
79045,3522,1090,2024-07-15,2024
131996,1050,610,2024-07-15,2024
137648,865,265,2024-07-15,2024
148928,13,368,2024-07-15,2024
172066,2431,6912,2024-07-15,2024
202570,1063,173,2024-07-15,2024
251897,621,1108,2024-07-15,2024
268670,16795,367,2024-07-15,2024
275590,989,350,2024-07-15,2024
296227,4,467,2024-07-15,2024
371245,11127,979,2024-07-15,2024
381967,11,368,2024-07-15,2024
384280,172,354,2024-07-15,2024
432298,475,130,2024-07-15,2024
434990,681,3709,2024-07-15,2024
530258,1269,41274,2024-07-15,2024
535955,11,398,2024-07-15,2024
563749,11282,36,2024-07-15,2024
780630,985,1050,2024-07-15,2024
802726,173,1063,2024-07-15,2024
215118,405,603,2024-07-14,2024
370399,338,18303,2024-07-14,2024
405385,1090,180,2024-07-14,2024
435648,1025,985,2024-07-14,2024
639246,371,1184,2024-07-14,2024
167555,48332,2740,2024-07-13,2024
181118,338,1091,2024-07-13,2024
211345,2431,3060,2024-07-13,2024
242272,26459,86209,2024-07-13,2024
270055,11127,110302,2024-07-13,2024
307058,720,46,2024-07-13,2024
315237,60551,55686,2024-07-13,2024
365779,6992,2740,2024-07-13,2024
386446,416,6195,2024-07-13,2024
422377,475,2441,2024-07-13,2024
470816,79,38,2024-07-13,2024
485586,306,385,2024-07-13,2024
486039,1184,3948,2024-07-13,2024
520815,683,6890,2024-07-13,2024
530851,173,380,2024-07-13,2024
613393,46,607,2024-07-13,2024
616628,800,8970,2024-07-13,2024
33763,252,1038,2024-07-12,2024
105521,398,114,2024-07-12,2024
112302,410,2441,2024-07-12,2024
248938,60551,48332,2024-07-12,2024
320440,3948,2282,2024-07-12,2024
366930,281,681,2024-07-12,2024
459151,800,1025,2024-07-12,2024
485424,3057,589,2024-07-12,2024
630989,150,723,2024-07-12,2024
674798,979,2288,2024-07-12,2024
678778,60551,53646,2024-07-12,2024
693095,3008,677,2024-07-12,2024
867929,2410,3690,2024-07-12,2024
987700,16704,7775,2024-07-12,2024
178459,3,41,2024-07-11,2024
183293,989,399,2024-07-11,2024
257455,931,27,2024-07-11,2024
267160,826,865,2024-07-11,2024
288255,985,12321,2024-07-11,2024
342065,2381,820,2024-07-11,2024
342967,2036,294,2024-07-11,2024
361254,368,1049,2024-07-11,2024
364409,1031,290,2024-07-11,2024
397225,6195,252,2024-07-11,2024
427572,40,618,2024-07-11,2024
481627,3325,2424,2024-07-11,2024
501737,294,475,2024-07-11,2024
533662,350,405,2024-07-11,2024
617267,294,8024,2024-07-11,2024
875113,36,24245,2024-07-11,2024
875249,6890,24245,2024-07-11,2024
952730,2424,3325,2024-07-11,2024
1016015,354,1082,2024-07-11,2024
33829,1075,3268,2024-07-10,2024
46001,995,1010,2024-07-10,2024
118689,12,6195,2024-07-10,2024
159957,11127,16704,2024-07-10,2024
177130,2759,511,2024-07-10,2024
234193,605,2727,2024-07-10,2024
244260,124,2553,2024-07-10,2024
273663,60551,85465,2024-07-10,2024
298583,1049,366,2024-07-10,2024
390823,472,2448,2024-07-10,2024
463618,417,506,2024-07-10,2024
488785,2778,276,2024-07-10,2024
539232,667,347,2024-07-10,2024
569866,681,1244,2024-07-10,2024
614630,11282,385,2024-07-10,2024
633992,273,12,2024-07-10,2024
662261,418,6195,2024-07-10,2024
689628,14589,3719,2024-07-10,2024
746740,350,989,2024-07-10,2024
817974,41231,3729,2024-07-10,2024
846310,190,24,2024-07-10,2024
65467,683,3368,2024-07-09,2024
223053,683,3060,2024-07-09,2024
246291,399,150,2024-07-09,2024
247589,653,49702,2024-07-09,2024
267383,932,2410,2024-07-09,2024
290273,1533,714,2024-07-09,2024
319623,3999,1465,2024-07-09,2024
357163,1091,4294,2024-07-09,2024
364135,506,430,2024-07-09,2024
370998,82,660,2024-07-09,2024
381913,47,3999,2024-07-09,2024
388516,252,46,2024-07-09,2024
402604,1186,71985,2024-07-09,2024
407624,1162,2832,2024-07-09,2024
416386,8970,276,2024-07-09,2024
461833,800,1003,2024-07-09,2024
539252,2425,683,2024-07-09,2024
555166,232,3714,2024-07-09,2024
594240,385,2293,2024-07-09,2024
709372,1050,714,2024-07-09,2024
720518,1084,1075,2024-07-09,2024
808971,53646,2740,2024-07-09,2024
981516,354,190,2024-07-09,2024
71271,31,150,2024-07-08,2024
112091,2671,2672,2024-07-08,2024
113235,2696,14589,2024-07-08,2024
193004,79,16,2024-07-08,2024
222209,1148,2441,2024-07-08,2024
238266,180,1041,2024-07-08,2024
244262,60551,85465,2024-07-08,2024
278531,749,1390,2024-07-08,2024
325223,1095,1041,2024-07-08,2024
557410,3057,200,2024-07-08,2024
586429,200,383,2024-07-08,2024
597659,399,415,2024-07-08,2024
599150,232,2741,2024-07-08,2024
746910,3948,82,2024-07-08,2024
212243,10690,18303,2024-07-07,2024
236468,53646,18303,2024-07-07,2024
237623,60551,18303,2024-07-07,2024
566723,873,27,2024-07-07,2024
593837,798,383,2024-07-07,2024
955070,54189,1041,2024-07-07,2024
25289,2431,2990,2024-07-06,2024
82070,6195,44,2024-07-06,2024
163568,273,458,2024-07-06,2024
169511,868,2381,2024-07-06,2024
186186,931,1003,2024-07-06,2024
245744,80,237,2024-07-06,2024
291750,2293,589,2024-07-06,2024
293134,5724,2414,2024-07-06,2024
395632,683,2425,2024-07-06,2024
461582,595,2431,2024-07-06,2024
525247,543,379,2024-07-06,2024
530742,7775,398,2024-07-06,2024
533916,1148,1031,2024-07-06,2024
669511,1050,1533,2024-07-06,2024
54265,2578,1241,2024-07-05,2024
167165,2424,3325,2024-07-05,2024
168156,354,3057,2024-07-05,2024
178425,621,683,2024-07-05,2024
186988,167,127,2024-07-05,2024
199704,1421,618,2024-07-05,2024
228940,11282,2425,2024-07-05,2024
238639,3911,167,2024-07-05,2024
241420,723,443,2024-07-05,2024
252677,1050,3368,2024-07-05,2024
268112,932,1096,2024-07-05,2024
280080,2672,3999,2024-07-05,2024
301238,2919,506,2024-07-05,2024
357826,499,1269,2024-07-05,2024
388513,16,237,2024-07-05,2024
392085,141,800,2024-07-05,2024
415381,234,1237,2024-07-05,2024
419119,10690,3592,2024-07-05,2024
419828,443,60949,2024-07-05,2024
441170,114,1244,2024-07-05,2024
449377,2698,3714,2024-07-05,2024
485963,244,1050,2024-07-05,2024
503990,2288,180,2024-07-05,2024
527279,520,403,2024-07-05,2024
538954,3729,3719,2024-07-05,2024
623319,660,3592,2024-07-05,2024
634427,940,200,2024-07-05,2024
645191,2424,3325,2024-07-05,2024
646402,150,1041,2024-07-05,2024
695121,2431,1039,2024-07-05,2024
719383,7378,2995,2024-07-05,2024
726120,24,4795,2024-07-05,2024
864112,642,467,2024-07-05,2024
882717,48726,39097,2024-07-05,2024
111830,1241,2759,2024-07-04,2024
144304,30120,49702,2024-07-04,2024
211727,3725,932,2024-07-04,2024
262749,1148,11,2024-07-04,2024
291200,703,1041,2024-07-04,2024
333098,30120,4603,2024-07-04,2024
399780,3709,4294,2024-07-04,2024
442805,237,3302,2024-07-04,2024
450427,265,30120,2024-07-04,2024
450936,148,417,2024-07-04,2024
451677,38,2282,2024-07-04,2024
548193,58,336,2024-07-04,2024
632088,2282,403,2024-07-04,2024
634460,1108,723,2024-07-04,2024
708271,984,511,2024-07-04,2024
820146,1421,172,2024-07-04,2024
892053,10690,55686,2024-07-04,2024
913115,55686,39097,2024-07-04,2024
131553,10690,55686,2024-07-03,2024
229817,1083,126,2024-07-03,2024
275159,2698,3690,2024-07-03,2024
321647,3524,3057,2024-07-03,2024
335725,16704,605,2024-07-03,2024
340459,1090,80,2024-07-03,2024
341227,150,1025,2024-07-03,2024
485960,3911,244,2024-07-03,2024
487924,1063,1304,2024-07-03,2024
494679,2671,3385,2024-07-03,2024
609361,940,8024,2024-07-03,2024
623570,244,29,2024-07-03,2024
659543,273,995,2024-07-03,2024
666943,60551,338,2024-07-03,2024
843931,47,30120,2024-07-03,2024
919173,1421,520,2024-07-03,2024
921655,1010,244,2024-07-03,2024
924885,2503,1301,2024-07-03,2024
146799,265,2441,2024-07-02,2024
237641,3385,3060,2024-07-02,2024
278654,3840,7160,2024-07-02,2024
279829,30120,683,2024-07-02,2024
289592,703,1041,2024-07-02,2024
297212,148,399,2024-07-02,2024
329723,79,3329,2024-07-02,2024
341713,1244,1050,2024-07-02,2024
353252,6992,85465,2024-07-02,2024
357233,39,294,2024-07-02,2024
405690,16,2425,2024-07-02,2024
416704,2698,71985,2024-07-02,2024
429983,940,543,2024-07-02,2024
441216,403,202,2024-07-02,2024
475188,1003,631,2024-07-02,2024
487466,2995,1177,2024-07-02,2024
490967,369,157,2024-07-02,2024
495489,3060,54189,2024-07-02,2024
533239,3060,4603,2024-07-02,2024
569033,27,39,2024-07-02,2024
617018,703,683,2024-07-02,2024
631996,703,2425,2024-07-02,2024
689637,150,873,2024-07-02,2024
809569,18303,61825,2024-07-02,2024
816585,4,24,2024-07-02,2024
911985,738,172,2024-07-02,2024
922693,399,148,2024-07-02,2024
930998,23826,642,2024-07-02,2024
934991,47,3999,2024-07-02,2024
14044,29,1071,2024-07-01,2024
39125,124,449,2024-07-01,2024
41384,1025,46,2024-07-01,2024
43530,1237,180,2024-07-01,2024
44726,2414,443,2024-07-01,2024
50355,121,16704,2024-07-01,2024
59543,43,987,2024-07-01,2024
59641,2282,1096,2024-07-01,2024
60164,3385,169,2024-07-01,2024
61397,1083,2696,2024-07-01,2024
61697,350,379,2024-07-01,2024
70074,49702,2698,2024-07-01,2024
70114,2410,3719,2024-07-01,2024
73794,800,416,2024-07-01,2024
81999,714,418,2024-07-01,2024
93315,865,678,2024-07-01,2024
94922,10690,6992,2024-07-01,2024
94928,60551,53646,2024-07-01,2024
95673,2441,3060,2024-07-01,2024
97541,41231,3719,2024-07-01,2024
102134,1177,19657,2024-07-01,2024
104543,54189,172,2024-07-01,2024
106872,80,18,2024-07-01,2024
115763,276,1467,2024-07-01,2024
118161,33,82,2024-07-01,2024
118413,60949,4603,2024-07-01,2024
118850,121,80,2024-07-01,2024
122155,150,232,2024-07-01,2024
124419,703,762,2024-07-01,2024
129646,660,6992,2024-07-01,2024
131745,60949,6676,2024-07-01,2024
131978,1031,405,2024-07-01,2024
136109,3999,3060,2024-07-01,2024
136180,3209,7160,2024-07-01,2024
143891,82,60,2024-07-01,2024
144545,1124,41231,2024-07-01,2024
146227,467,472,2024-07-01,2024
146690,350,265,2024-07-01,2024
146889,190,2778,2024-07-01,2024
147462,12321,2441,2024-07-01,2024
148252,703,1025,2024-07-01,2024
148485,41231,11127,2024-07-01,2024
149498,13,114,2024-07-01,2024
151213,2759,987,2024-07-01,2024
154396,80,4,2024-07-01,2024
156676,553,3062,2024-07-01,2024
156941,124,449,2024-07-01,2024
157113,6646,1467,2024-07-01,2024
159143,468,1426,2024-07-01,2024
160954,127,60,2024-07-01,2024
161202,3385,4603,2024-07-01,2024
164729,3060,6676,2024-07-01,2024
165467,367,1049,2024-07-01,2024
166581,60551,53646,2024-07-01,2024
167727,12,1047,2024-07-01,2024
174094,405,417,2024-07-01,2024
175722,148,27,2024-07-01,2024
178313,667,1420,2024-07-01,2024
178314,41231,75231,2024-07-01,2024
179184,36,141,2024-07-01,2024
181136,6195,46,2024-07-01,2024
182682,605,3060,2024-07-01,2024
182891,520,403,2024-07-01,2024
186239,4603,2672,2024-07-01,2024
187188,1435,317,2024-07-01,2024
189744,157,1039,2024-07-01,2024
191359,2036,4,2024-07-01,2024
193033,2036,18,2024-07-01,2024
193861,2999,43,2024-07-01,2024
195633,1132,180,2024-07-01,2024
196095,82,3,2024-07-01,2024
202604,173,23,2024-07-01,2024
203411,89,5817,2024-07-01,2024
206386,932,265,2024-07-01,2024
208166,3522,265,2024-07-01,2024
208772,987,124,2024-07-01,2024
211973,511,2760,2024-07-01,2024
215213,964,71985,2024-07-01,2024
216270,987,2759,2024-07-01,2024
217111,631,141,2024-07-01,2024
220650,3725,1124,2024-07-01,2024
222079,2740,26459,2024-07-01,2024
223972,15,206,2024-07-01,2024
226524,89,252,2024-07-01,2024
227961,3709,472,2024-07-01,2024
228584,3999,30120,2024-07-01,2024
228660,2698,16704,2024-07-01,2024
228948,379,162,2024-07-01,2024
231471,3999,6676,2024-07-01,2024
236471,3008,449,2024-07-01,2024
237923,3999,2441,2024-07-01,2024
238029,2578,987,2024-07-01,2024
238055,294,114,2024-07-01,2024
241207,4603,2672,2024-07-01,2024
241251,589,2293,2024-07-01,2024
243188,41,89,2024-07-01,2024
243616,5572,2672,2024-07-01,2024
243760,3368,472,2024-07-01,2024
245048,53646,55686,2024-07-01,2024
250138,3057,601,2024-07-01,2024
250543,2727,2282,2024-07-01,2024
251106,3709,989,2024-07-01,2024
251587,987,43,2024-07-01,2024
257986,724,1304,2024-07-01,2024
258362,133,235,2024-07-01,2024
258878,931,631,2024-07-01,2024
259849,2741,3725,2024-07-01,2024
259953,5,36,2024-07-01,2024
260677,3719,932,2024-07-01,2024
261504,12321,15,2024-07-01,2024
261905,44,276,2024-07-01,2024
264302,2578,370,2024-07-01,2024
264567,855,723,2024-07-01,2024
268427,2741,71985,2024-07-01,2024
273152,3709,265,2024-07-01,2024
274984,5724,2414,2024-07-01,2024
275935,3840,7160,2024-07-01,2024
277179,23826,12,2024-07-01,2024
282700,3368,1244,2024-07-01,2024
283497,105,2036,2024-07-01,2024
286392,5572,2672,2024-07-01,2024
286533,2671,6418,2024-07-01,2024
286949,410,416,2024-07-01,2024
288240,3690,1186,2024-07-01,2024
289255,1108,621,2024-07-01,2024
290336,10484,3329,2024-07-01,2024
290346,16795,366,2024-07-01,2024
290532,379,1041,2024-07-01,2024
291939,6912,2420,2024-07-01,2024
291968,3268,4294,2024-07-01,2024
294780,60551,338,2024-07-01,2024
295744,2671,653,2024-07-01,2024
296366,60551,53646,2024-07-01,2024
296513,1083,49702,2024-07-01,2024
296741,499,127,2024-07-01,2024
300137,398,1627,2024-07-01,2024
301037,1245,3719,2024-07-01,2024
301696,798,467,2024-07-01,2024
303219,3,79,2024-07-01,2024
307183,127,2036,2024-07-01,2024
311178,6574,2919,2024-07-01,2024
312891,2741,964,2024-07-01,2024
314915,798,200,2024-07-01,2024
316296,1124,1186,2024-07-01,2024
318470,16704,583,2024-07-01,2024
318523,180,150,2024-07-01,2024
320141,13,36,2024-07-01,2024
320265,338,678,2024-07-01,2024
324503,1090,294,2024-07-01,2024
325179,865,1063,2024-07-01,2024
328784,399,24,2024-07-01,2024
332340,2759,43,2024-07-01,2024
336869,399,150,2024-07-01,2024
337333,232,89,2024-07-01,2024
338285,621,940,2024-07-01,2024
339816,1531,1005,2024-07-01,2024
339820,237,366,2024-07-01,2024
340308,6418,653,2024-07-01,2024
340376,1075,12321,2024-07-01,2024
340487,28643,9010,2024-07-01,2024
341549,114,7160,2024-07-01,2024
342039,60,79,2024-07-01,2024
342229,583,418,2024-07-01,2024
343475,29,800,2024-07-01,2024
345590,1090,1025,2024-07-01,2024
345746,1053,1177,2024-07-01,2024
346551,190,82,2024-07-01,2024
353892,79,27,2024-07-01,2024
354909,1390,607,2024-07-01,2024
356141,398,873,2024-07-01,2024
357186,60949,4603,2024-07-01,2024
361083,798,60949,2024-07-01,2024
361104,131,383,2024-07-01,2024
362572,932,14589,2024-07-01,2024
363227,1241,43,2024-07-01,2024
365540,660,48332,2024-07-01,2024
367464,398,3302,2024-07-01,2024
368629,1031,1519,2024-07-01,2024
369552,200,306,2024-07-01,2024
370287,14589,932,2024-07-01,2024
371686,499,1420,2024-07-01,2024
372535,964,2410,2024-07-01,2024
372712,667,80,2024-07-01,2024
374212,317,234,2024-07-01,2024
374954,24,167,2024-07-01,2024
377641,1075,114,2024-07-01,2024
379637,1124,41231,2024-07-01,2024
380376,53646,26459,2024-07-01,2024
381834,49702,1083,2024-07-01,2024
381963,1184,1132,2024-07-01,2024
382096,1241,2553,2024-07-01,2024
382895,48332,26459,2024-07-01,2024
384060,1041,995,2024-07-01,2024
385394,1390,1047,2024-07-01,2024
387197,235,202,2024-07-01,2024
388125,130,366,2024-07-01,2024
388409,269,18,2024-07-01,2024
388820,6646,36,2024-07-01,2024
389624,3714,2698,2024-07-01,2024
390539,6676,1091,2024-07-01,2024
393240,192,468,2024-07-01,2024
393699,41231,2698,2024-07-01,2024
394300,6574,46,2024-07-01,2024
395522,6912,167,2024-07-01,2024
395729,2759,2760,2024-07-01,2024
396400,6992,63007,2024-07-01,2024
396428,6912,71985,2024-07-01,2024
400532,1177,10,2024-07-01,2024
400544,678,3426,2024-07-01,2024
400549,369,19657,2024-07-01,2024
402887,868,7160,2024-07-01,2024
403564,1123,511,2024-07-01,2024
404912,121,49702,2024-07-01,2024
405399,3057,449,2024-07-01,2024
405689,39,105,2024-07-01,2024
405892,354,317,2024-07-01,2024
406806,380,252,2024-07-01,2024
408563,8024,6890,2024-07-01,2024
412937,383,1132,2024-07-01,2024
413843,60,167,2024-07-01,2024
415383,172,826,2024-07-01,2024
415645,2424,8024,2024-07-01,2024
416802,235,1269,2024-07-01,2024
420189,19,3329,2024-07-01,2024
422760,1455,1435,2024-07-01,2024
430797,1269,306,2024-07-01,2024
431422,379,190,2024-07-01,2024
431561,79,65,2024-07-01,2024
433183,281,543,2024-07-01,2024
433388,79,105,2024-07-01,2024
435772,5,800,2024-07-01,2024
436064,234,79,2024-07-01,2024
443331,80,60,2024-07-01,2024
443541,987,2999,2024-07-01,2024
445126,8970,130,2024-07-01,2024
447661,405,506,2024-07-01,2024
448028,2036,44,2024-07-01,2024
448177,24,42,2024-07-01,2024
448981,932,964,2024-07-01,2024
448983,2696,964,2024-07-01,2024
450218,3508,354,2024-07-01,2024
450790,110302,979,2024-07-01,2024
451576,385,192,2024-07-01,2024
451677,1123,38,2024-07-01,2024
455016,964,3725,2024-07-01,2024
455661,86,79,2024-07-01,2024
456292,1148,465,2024-07-01,2024
457673,1005,1047,2024-07-01,2024
457736,276,398,2024-07-01,2024
457859,8970,19,2024-07-01,2024
458715,417,1075,2024-07-01,2024
459988,8970,19,2024-07-01,2024
462329,932,49702,2024-07-01,2024
463526,1304,1283,2024-07-01,2024
463601,347,9010,2024-07-01,2024
463738,41274,172,2024-07-01,2024
465830,244,398,2024-07-01,2024
465868,3385,683,2024-07-01,2024
467437,27,383,2024-07-01,2024
468002,379,677,2024-07-01,2024
470240,60949,6418,2024-07-01,2024
470422,380,3062,2024-07-01,2024
471621,28643,9010,2024-07-01,2024
474838,724,41274,2024-07-01,2024
480116,989,762,2024-07-01,2024
480457,723,133,2024-07-01,2024
480883,1108,1244,2024-07-01,2024
481173,683,1091,2024-07-01,2024
481680,3385,1091,2024-07-01,2024
482838,2921,1304,2024-07-01,2024
485585,631,405,2024-07-01,2024
486046,1184,23826,2024-07-01,2024
487474,610,720,2024-07-01,2024
490384,506,252,2024-07-01,2024
491737,2282,903,2024-07-01,2024
494237,932,964,2024-07-01,2024
496745,3522,1025,2024-07-01,2024
500067,2410,368,2024-07-01,2024
500274,2921,1304,2024-07-01,2024
503977,281,180,2024-07-01,2024
504581,1031,3008,2024-07-01,2024
505675,150,467,2024-07-01,2024
507341,273,79,2024-07-01,2024
508642,724,642,2024-07-01,2024
511813,720,979,2024-07-01,2024
512385,399,989,2024-07-01,2024
512496,26459,39097,2024-07-01,2024
512690,347,3524,2024-07-01,2024
518505,89,79,2024-07-01,2024
519567,3714,71985,2024-07-01,2024
520060,16704,964,2024-07-01,2024
523907,3592,53646,2024-07-01,2024
524181,2741,41231,2024-07-01,2024
532536,1519,2451,2024-07-01,2024
532574,932,3719,2024-07-01,2024
534677,6676,653,2024-07-01,2024
540516,903,2760,2024-07-01,2024
542525,1053,1177,2024-07-01,2024
542697,1184,3,2024-07-01,2024
545332,89,2036,2024-07-01,2024
549354,465,1519,2024-07-01,2024
565429,1184,3948,2024-07-01,2024
565899,1184,1531,2024-07-01,2024
566930,1283,1435,2024-07-01,2024
567151,370,124,2024-07-01,2024
567576,762,703,2024-07-01,2024
569033,65,27,2024-07-01,2024
569376,415,1465,2024-07-01,2024
570597,192,200,2024-07-01,2024
572048,553,3385,2024-07-01,2024
578421,1455,3268,2024-07-01,2024
579565,190,38,2024-07-01,2024
581121,1075,8024,2024-07-01,2024
581672,506,405,2024-07-01,2024
582074,49702,932,2024-07-01,2024
585700,150,1244,2024-07-01,2024
585982,2919,46,2024-07-01,2024
586429,6574,200,2024-07-01,2024
586853,244,252,2024-07-01,2024
590775,306,1283,2024-07-01,2024
591880,234,1304,2024-07-01,2024
596821,873,35,2024-07-01,2024
600942,533,65,2024-07-01,2024
604320,27,79,2024-07-01,2024
604813,235,200,2024-07-01,2024
606526,932,2741,2024-07-01,2024
607226,380,398,2024-07-01,2024
613781,130,723,2024-07-01,2024
616340,798,468,2024-07-01,2024
618102,1304,1426,2024-07-01,2024
620317,290,467,2024-07-01,2024
621397,2410,49702,2024-07-01,2024
624942,398,366,2024-07-01,2024
627248,29,405,2024-07-01,2024
631472,3325,3302,2024-07-01,2024
633652,31,1071,2024-07-01,2024
641426,61825,39097,2024-07-01,2024
645774,86,60,2024-07-01,2024
646733,3524,1420,2024-07-01,2024
651735,1083,269,2024-07-01,2024
651977,499,595,2024-07-01,2024
658531,2778,124,2024-07-01,2024
658534,2778,290,2024-07-01,2024
659521,583,3840,2024-07-01,2024
661805,1241,2999,2024-07-01,2024
667121,1075,543,2024-07-01,2024
670845,985,2919,2024-07-01,2024
670858,631,762,2024-07-01,2024
671649,1075,621,2024-07-01,2024
671915,506,405,2024-07-01,2024
671916,173,19657,2024-07-01,2024
685679,369,19657,2024-07-01,2024
685887,2995,6890,2024-07-01,2024
689637,131,150,2024-07-01,2024
690429,60,35,2024-07-01,2024
690799,415,79,2024-07-01,2024
695310,6992,338,2024-07-01,2024
696589,405,29,2024-07-01,2024
701757,33,86,2024-07-01,2024
707159,475,1184,2024-07-01,2024
707844,2727,1096,2024-07-01,2024
709726,583,24,2024-07-01,2024
713644,16795,27,2024-07-01,2024
717345,24,23,2024-07-01,2024
717585,3719,2424,2024-07-01,2024
720162,3,79,2024-07-01,2024
720287,2741,16704,2024-07-01,2024
729638,61825,85465,2024-07-01,2024
729814,610,347,2024-07-01,2024
735051,855,1075,2024-07-01,2024
739438,6912,2423,2024-07-01,2024
739443,2282,1148,2024-07-01,2024
740529,475,512,2024-07-01,2024
741238,631,677,2024-07-01,2024
743376,3057,449,2024-07-01,2024
743395,15,38,2024-07-01,2024
743523,130,290,2024-07-01,2024
748061,65,19657,2024-07-01,2024
748506,172,33,2024-07-01,2024
749186,932,1124,2024-07-01,2024
751977,48332,660,2024-07-01,2024
755174,10690,48332,2024-07-01,2024
789252,44,82,2024-07-01,2024
794349,826,3911,2024-07-01,2024
795738,24,200,2024-07-01,2024
807165,1158,244,2024-07-01,2024
810570,41231,3714,2024-07-01,2024
811778,985,294,2024-07-01,2024
836441,2431,1005,2024-07-01,2024
838947,667,750,2024-07-01,2024
840688,750,9010,2024-07-01,2024
842341,969,1132,2024-07-01,2024
844299,1416,273,2024-07-01,2024
848509,172,276,2024-07-01,2024
851990,2553,2578,2024-07-01,2024
855134,1041,86,2024-07-01,2024
864121,336,1003,2024-07-01,2024
867357,24,601,2024-07-01,2024
875447,2423,11127,2024-07-01,2024
891971,1465,1075,2024-07-01,2024
895402,2861,9010,2024-07-01,2024
897424,33,23826,2024-07-01,2024
897481,35,703,2024-07-01,2024
900909,27,2036,2024-07-01,2024
906948,12321,1075,2024-07-01,2024
913085,3725,1186,2024-07-01,2024
913539,131,1038,2024-07-01,2024
918365,1426,306,2024-07-01,2024
919515,273,15,2024-07-01,2024
938158,131,631,2024-07-01,2024
941418,660,865,2024-07-01,2024
950091,1091,4,2024-07-01,2024
1012421,2919,6195,2024-07-01,2024
1012534,762,1237,2024-07-01,2024
1019174,475,1184,2024-07-01,2024
1034665,3948,601,2024-07-01,2024
1045071,2375,44006,2024-07-01,2024
1045187,39097,48726,2024-07-01,2024
1110406,2778,1237,2024-07-01,2024
1123952,2715,520,2024-07-01,2024
1159925,61825,53646,2024-07-01,2024
12907,6574,2919,2024-06-30,2024
33763,2239,252,2024-06-30,2024
41384,46,1025,2024-06-30,2024
44726,443,2414,2024-06-30,2024
52119,383,141,2024-06-30,2024
60957,105,33,2024-06-30,2024
71292,126,703,2024-06-30,2024
73794,416,800,2024-06-30,2024
73926,430,276,2024-06-30,2024
80059,36,6646,2024-06-30,2024
81999,418,714,2024-06-30,2024
91849,58,368,2024-06-30,2024
96341,12,631,2024-06-30,2024
99227,6646,2239,2024-06-30,2024
99254,398,380,2024-06-30,2024
115763,6646,276,2024-06-30,2024
118850,80,121,2024-06-30,2024
126719,294,583,2024-06-30,2024
126737,2687,150,2024-06-30,2024
131275,3302,3709,2024-06-30,2024
131951,6646,276,2024-06-30,2024
143891,60,82,2024-06-30,2024
144143,749,1038,2024-06-30,2024
147462,2441,12321,2024-06-30,2024
148252,1025,703,2024-06-30,2024
148368,703,5,2024-06-30,2024
157543,6646,449,2024-06-30,2024
159143,1426,468,2024-06-30,2024
159894,2553,202,2024-06-30,2024
163568,1158,273,2024-06-30,2024
163639,6646,276,2024-06-30,2024
164913,1091,294,2024-06-30,2024
167727,430,12,2024-06-30,2024
168157,6195,405,2024-06-30,2024
170481,2919,398,2024-06-30,2024
170646,58,368,2024-06-30,2024
174094,417,405,2024-06-30,2024
175722,27,148,2024-06-30,2024
180337,12,15,2024-06-30,2024
181118,1091,338,2024-06-30,2024
181547,80,940,2024-06-30,2024
182712,131,281,2024-06-30,2024
182904,405,131,2024-06-30,2024
183321,167,931,2024-06-30,2024
183841,1038,749,2024-06-30,2024
190289,105,80,2024-06-30,2024
191422,79,1237,2024-06-30,2024
192279,418,631,2024-06-30,2024
193867,458,749,2024-06-30,2024
195171,6574,1049,2024-06-30,2024
196095,3,82,2024-06-30,2024
197751,749,1047,2024-06-30,2024
198008,681,23826,2024-06-30,2024
199258,1390,2919,2024-06-30,2024
203074,53646,660,2024-06-30,2024
203842,749,800,2024-06-30,2024
204176,152,141,2024-06-30,2024
206386,265,932,2024-06-30,2024
206717,1184,667,2024-06-30,2024
208166,265,3522,2024-06-30,2024
211251,2687,366,2024-06-30,2024
212229,3209,7160,2024-06-30,2024
216870,237,331,2024-06-30,2024
217033,41231,964,2024-06-30,2024
217111,141,631,2024-06-30,2024
217115,1148,29,2024-06-30,2024
217686,11127,2410,2024-06-30,2024
221958,1049,2282,2024-06-30,2024
223972,206,15,2024-06-30,2024
225122,1050,543,2024-06-30,2024
226524,252,89,2024-06-30,2024
227081,244,46,2024-06-30,2024
228444,252,607,2024-06-30,2024
228645,533,1132,2024-06-30,2024
228948,162,379,2024-06-30,2024
229817,868,1083,2024-06-30,2024
232463,105,79,2024-06-30,2024
235339,41231,964,2024-06-30,2024
236400,6890,141,2024-06-30,2024
236510,601,603,2024-06-30,2024
237125,603,16795,2024-06-30,2024
237666,969,252,2024-06-30,2024
238266,1041,180,2024-06-30,2024
238752,714,232,2024-06-30,2024
241229,3911,244,2024-06-30,2024
241501,415,826,2024-06-30,2024
241527,276,380,2024-06-30,2024
242813,3522,252,2024-06-30,2024
243770,370,865,2024-06-30,2024
244192,6195,800,2024-06-30,2024
244491,2919,506,2024-06-30,2024
244904,6992,18303,2024-06-30,2024
245078,237,416,2024-06-30,2024
246291,12,399,2024-06-30,2024
247377,8970,1025,2024-06-30,2024
247652,380,16795,2024-06-30,2024
248271,3209,36,2024-06-30,2024
249513,3709,681,2024-06-30,2024
250543,2282,2727,2024-06-30,2024
251106,989,3709,2024-06-30,2024
251896,16795,418,2024-06-30,2024
255906,190,703,2024-06-30,2024
256339,46,1038,2024-06-30,2024
256977,683,543,2024-06-30,2024
257751,749,3522,2024-06-30,2024
258027,12,583,2024-06-30,2024
258475,3368,1108,2024-06-30,2024
259953,36,5,2024-06-30,2024
260166,11282,703,2024-06-30,2024
261905,276,44,2024-06-30,2024
262749,11,1148,2024-06-30,2024
262939,331,1050,2024-06-30,2024
263361,18,399,2024-06-30,2024
263380,60,533,2024-06-30,2024
263804,167,683,2024-06-30,2024
265625,1304,276,2024-06-30,2024
267160,589,826,2024-06-30,2024
268112,1096,932,2024-06-30,2024
272631,3209,11282,2024-06-30,2024
272855,449,180,2024-06-30,2024
275159,75231,2698,2024-06-30,2024
275457,28643,54189,2024-06-30,2024
277179,12,23826,2024-06-30,2024
277777,48332,660,2024-06-30,2024
278359,15,150,2024-06-30,2024
282076,1108,124,2024-06-30,2024
282615,2671,7160,2024-06-30,2024
282700,1244,3368,2024-06-30,2024
283223,6646,36,2024-06-30,2024
284177,200,4,2024-06-30,2024
284883,683,720,2024-06-30,2024
284884,3709,368,2024-06-30,2024
286005,10484,354,2024-06-30,2024
286949,416,410,2024-06-30,2024
287579,985,430,2024-06-30,2024
287700,19,398,2024-06-30,2024
287920,105,89,2024-06-30,2024
288255,24,985,2024-06-30,2024
289510,10484,1132,2024-06-30,2024
289592,1041,703,2024-06-30,2024
289643,1186,1083,2024-06-30,2024
290346,366,16795,2024-06-30,2024
290532,1041,379,2024-06-30,2024
290862,430,6574,2024-06-30,2024
291124,820,152,2024-06-30,2024
291399,2431,152,2024-06-30,2024
293168,449,410,2024-06-30,2024
293228,589,458,2024-06-30,2024
293281,1132,533,2024-06-30,2024
295024,265,36,2024-06-30,2024
295183,749,1390,2024-06-30,2024
295810,2293,141,2024-06-30,2024
296422,931,5,2024-06-30,2024
298583,995,1049,2024-06-30,2024
298975,8970,244,2024-06-30,2024
300532,1005,1083,2024-06-30,2024
300716,681,11,2024-06-30,2024
303657,989,46,2024-06-30,2024
307052,41,167,2024-06-30,2024
309393,1269,252,2024-06-30,2024
311178,2919,6574,2024-06-30,2024
314980,3508,968,2024-06-30,2024
315332,44,39,2024-06-30,2024
315604,2687,533,2024-06-30,2024
318523,417,180,2024-06-30,2024
320141,36,13,2024-06-30,2024
320265,678,338,2024-06-30,2024
321860,1894,1053,2024-06-30,2024
324804,969,416,2024-06-30,2024
324861,105,533,2024-06-30,2024
325200,6912,3008,2024-06-30,2024
325223,1041,1095,2024-06-30,2024
325924,1005,6890,2024-06-30,2024
327863,142,1082,2024-06-30,2024
328784,24,399,2024-06-30,2024
329722,683,1075,2024-06-30,2024
333859,1177,2414,2024-06-30,2024
334481,14589,11127,2024-06-30,2024
334835,380,398,2024-06-30,2024
335725,605,16704,2024-06-30,2024
335997,1455,1435,2024-06-30,2024
336074,1467,152,2024-06-30,2024
336869,150,399,2024-06-30,2024
337333,89,232,2024-06-30,2024
338285,940,621,2024-06-30,2024
338672,3057,46,2024-06-30,2024
339314,79,1237,2024-06-30,2024
339328,1096,610,2024-06-30,2024
339820,366,237,2024-06-30,2024
339829,3060,683,2024-06-30,2024
340251,2381,36,2024-06-30,2024
341019,6646,252,2024-06-30,2024
342226,618,167,2024-06-30,2024
344565,2741,2698,2024-06-30,2024
344605,368,1003,2024-06-30,2024
345437,1467,180,2024-06-30,2024
345590,1025,1090,2024-06-30,2024
345746,1177,1053,2024-06-30,2024
351749,379,281,2024-06-30,2024
352659,2832,141,2024-06-30,2024
354666,3524,232,2024-06-30,2024
354909,607,1390,2024-06-30,2024
355369,18,89,2024-06-30,2024
355861,29,1050,2024-06-30,2024
356044,720,610,2024-06-30,2024
357072,16795,2282,2024-06-30,2024
357158,276,336,2024-06-30,2024
357163,3329,1091,2024-06-30,2024
357917,385,338,2024-06-30,2024
358008,1390,6195,2024-06-30,2024
358166,1390,12,2024-06-30,2024
359796,26459,53646,2024-06-30,2024
361071,1283,723,2024-06-30,2024
361074,723,1090,2024-06-30,2024
361104,383,131,2024-06-30,2024
361264,2381,114,2024-06-30,2024
362572,2741,932,2024-06-30,2024
362842,430,506,2024-06-30,2024
365540,48332,660,2024-06-30,2024
367464,3302,398,2024-06-30,2024
369552,306,200,2024-06-30,2024
369567,24,543,2024-06-30,2024
369684,12,399,2024-06-30,2024
370399,53646,338,2024-06-30,2024
370833,7775,3008,2024-06-30,2024
370998,105,82,2024-06-30,2024
371000,443,167,2024-06-30,2024
371142,903,44,2024-06-30,2024
371371,6574,12,2024-06-30,2024
372051,1531,142,2024-06-30,2024
374954,167,24,2024-06-30,2024
375857,2741,2410,2024-06-30,2024
377042,276,6195,2024-06-30,2024
377219,1049,366,2024-06-30,2024
377387,41231,11282,2024-06-30,2024
377641,114,1075,2024-06-30,2024
380376,26459,53646,2024-06-30,2024
381950,1025,5,2024-06-30,2024
381963,1132,1184,2024-06-30,2024
384060,995,1041,2024-06-30,2024
384859,276,995,2024-06-30,2024
386164,1269,133,2024-06-30,2024
386786,33,1132,2024-06-30,2024
386914,200,124,2024-06-30,2024
388125,366,130,2024-06-30,2024
390125,6676,1091,2024-06-30,2024
391065,6195,989,2024-06-30,2024
391278,126,924,2024-06-30,2024
391498,868,276,2024-06-30,2024
391719,6912,410,2024-06-30,2024
392085,405,141,2024-06-30,2024
392777,3057,703,2024-06-30,2024
392966,8970,800,2024-06-30,2024
393323,89,399,2024-06-30,2024
394300,46,6574,2024-06-30,2024
395242,868,58,2024-06-30,2024
395523,3057,44,2024-06-30,2024
395632,2425,683,2024-06-30,2024
395677,723,738,2024-06-30,2024
396333,8024,114,2024-06-30,2024
396894,2687,449,2024-06-30,2024
396908,1003,141,2024-06-30,2024
397099,2671,80,2024-06-30,2024
397225,380,6195,2024-06-30,2024
397609,2741,2698,2024-06-30,2024
399553,1423,2861,2024-06-30,2024
400549,1426,369,2024-06-30,2024
401173,16,985,2024-06-30,2024
402733,703,368,2024-06-30,2024
404851,26459,53646,2024-06-30,2024
404912,49702,121,2024-06-30,2024
405399,2832,3057,2024-06-30,2024
405892,317,354,2024-06-30,2024
406806,252,380,2024-06-30,2024
408563,6890,8024,2024-06-30,2024
409485,1423,3057,2024-06-30,2024
409886,2425,385,2024-06-30,2024
410285,28643,968,2024-06-30,2024
410436,678,1132,2024-06-30,2024
410854,385,202,2024-06-30,2024
412932,317,162,2024-06-30,2024
412943,798,1090,2024-06-30,2024
412954,1283,370,2024-06-30,2024
413605,416,2239,2024-06-30,2024
413843,80,60,2024-06-30,2024
415970,114,703,2024-06-30,2024
416465,2671,1091,2024-06-30,2024
419723,354,130,2024-06-30,2024
419828,60949,443,2024-06-30,2024
421636,6992,2414,2024-06-30,2024
421873,749,6195,2024-06-30,2024
422466,2687,1244,2024-06-30,2024
422986,1423,1420,2024-06-30,2024
424881,683,703,2024-06-30,2024
426192,350,1050,2024-06-30,2024
429309,1465,683,2024-06-30,2024
429987,1090,294,2024-06-30,2024
431422,443,379,2024-06-30,2024
432092,1005,800,2024-06-30,2024
433388,105,79,2024-06-30,2024
433584,2919,6195,2024-06-30,2024
434223,371,1123,2024-06-30,2024
434990,1108,681,2024-06-30,2024
435772,800,5,2024-06-30,2024
436064,499,234,2024-06-30,2024
439292,1123,1025,2024-06-30,2024
440135,41231,964,2024-06-30,2024
441170,417,114,2024-06-30,2024
442320,347,7775,2024-06-30,2024
442805,3302,237,2024-06-30,2024
447066,2861,903,2024-06-30,2024
448177,39,24,2024-06-30,2024
448466,683,336,2024-06-30,2024
448628,681,13,2024-06-30,2024
449721,1124,1083,2024-06-30,2024
450936,141,148,2024-06-30,2024
451677,38,1123,2024-06-30,2024
455016,14589,964,2024-06-30,2024
456492,3,24,2024-06-30,2024
457673,1047,1005,2024-06-30,2024
457859,19,8970,2024-06-30,2024
458715,8024,417,2024-06-30,2024
459151,749,800,2024-06-30,2024
459655,416,380,2024-06-30,2024
459988,19,8970,2024-06-30,2024
460629,290,583,2024-06-30,2024
460688,10484,1467,2024-06-30,2024
461833,8970,800,2024-06-30,2024
462250,131,13,2024-06-30,2024
463610,723,703,2024-06-30,2024
465606,7775,141,2024-06-30,2024
465830,398,244,2024-06-30,2024
466794,12321,131,2024-06-30,2024
466810,1237,131,2024-06-30,2024
467437,383,27,2024-06-30,2024
467563,383,180,2024-06-30,2024
468301,1091,398,2024-06-30,2024
470391,385,276,2024-06-30,2024
471474,5358,331,2024-06-30,2024
472161,458,380,2024-06-30,2024
472242,449,33,2024-06-30,2024
476237,3057,1237,2024-06-30,2024
479589,2832,40,2024-06-30,2024
480457,133,723,2024-06-30,2024
480883,1244,1108,2024-06-30,2024
481623,410,1010,2024-06-30,2024
481688,683,336,2024-06-30,2024
482769,60949,265,2024-06-30,2024
483046,15,27,2024-06-30,2024
483348,252,148,2024-06-30,2024
485585,16,631,2024-06-30,2024
485588,192,200,2024-06-30,2024
485965,995,82,2024-06-30,2024
486051,601,58,2024-06-30,2024
487474,720,610,2024-06-30,2024
487688,6912,16795,2024-06-30,2024
487843,2919,5,2024-06-30,2024
488996,23,1005,2024-06-30,2024
490384,252,506,2024-06-30,2024
491616,10484,1095,2024-06-30,2024
491648,3060,380,2024-06-30,2024
491966,3209,449,2024-06-30,2024
493702,6574,417,2024-06-30,2024
494237,964,932,2024-06-30,2024
496745,800,3522,2024-06-30,2024
498237,683,720,2024-06-30,2024
498529,367,36,2024-06-30,2024
500067,1096,2410,2024-06-30,2024
502062,41274,512,2024-06-30,2024
502289,1455,601,2024-06-30,2024
503162,42,1096,2024-06-30,2024
503858,1455,234,2024-06-30,2024
504090,371,294,2024-06-30,2024
504215,703,16,2024-06-30,2024
505653,124,543,2024-06-30,2024
505675,467,150,2024-06-30,2024
508639,317,610,2024-06-30,2024
510241,6646,449,2024-06-30,2024
512354,54189,873,2024-06-30,2024
512385,989,399,2024-06-30,2024
512394,2698,683,2024-06-30,2024
513970,472,131,2024-06-30,2024
515624,1268,167,2024-06-30,2024
518505,79,89,2024-06-30,2024
520815,6890,683,2024-06-30,2024
521407,8970,6195,2024-06-30,2024
525287,141,931,2024-06-30,2024
527350,142,12321,2024-06-30,2024
527698,367,366,2024-06-30,2024
528888,443,931,2024-06-30,2024
530258,41274,1269,2024-06-30,2024
532390,2672,265,2024-06-30,2024
532574,3719,932,2024-06-30,2024
532826,3709,985,2024-06-30,2024
534084,380,430,2024-06-30,2024
535551,1245,82,2024-06-30,2024
535834,1096,162,2024-06-30,2024
535955,703,11,2024-06-30,2024
536030,1531,3302,2024-06-30,2024
538566,2293,924,2024-06-30,2024
538918,1038,46,2024-06-30,2024
539134,2919,5,2024-06-30,2024
539665,1304,383,2024-06-30,2024
541231,39,31,2024-06-30,2024
542697,3,1184,2024-06-30,2024
543051,3911,417,2024-06-30,2024
543529,3060,683,2024-06-30,2024
543666,8970,6574,2024-06-30,2024
545331,467,141,2024-06-30,2024
545400,1467,601,2024-06-30,2024
545647,1531,940,2024-06-30,2024
546880,33,800,2024-06-30,2024
547039,601,603,2024-06-30,2024
550106,749,398,2024-06-30,2024
551752,8970,416,2024-06-30,2024
552223,1038,46,2024-06-30,2024
554251,350,1095,2024-06-30,2024
554284,499,1237,2024-06-30,2024
555166,3729,232,2024-06-30,2024
557410,3008,3057,2024-06-30,2024
557614,618,167,2024-06-30,2024
558727,152,968,2024-06-30,2024
559263,3008,31,2024-06-30,2024
559327,467,610,2024-06-30,2024
563137,2687,681,2024-06-30,2024
564489,3057,2282,2024-06-30,2024
564529,1025,1003,2024-06-30,2024
565428,2727,3057,2024-06-30,2024
565899,1531,1184,2024-06-30,2024
566823,172,3911,2024-06-30,2024
568698,290,738,2024-06-30,2024
569383,3524,162,2024-06-30,2024
569384,368,46,2024-06-30,2024
572919,1304,79,2024-06-30,2024
576033,1095,273,2024-06-30,2024
578680,520,60,2024-06-30,2024
579565,38,190,2024-06-30,2024
580276,924,2293,2024-06-30,2024
581121,8024,1075,2024-06-30,2024
582074,932,49702,2024-06-30,2024
583404,6574,234,2024-06-30,2024
585700,1244,150,2024-06-30,2024
585982,46,2919,2024-06-30,2024
586429,200,6574,2024-06-30,2024
586659,467,18,2024-06-30,2024
586853,252,244,2024-06-30,2024
588020,7775,79,2024-06-30,2024
589737,3057,252,2024-06-30,2024
590835,443,865,2024-06-30,2024
591880,798,234,2024-06-30,2024
594991,738,1082,2024-06-30,2024
595238,798,234,2024-06-30,2024
595940,1269,1090,2024-06-30,2024
596821,35,873,2024-06-30,2024
604073,3729,2698,2024-06-30,2024
606023,306,2288,2024-06-30,2024
606526,14589,932,2024-06-30,2024
607224,368,985,2024-06-30,2024
607225,54189,1041,2024-06-30,2024
607720,65,3,2024-06-30,2024
608469,126,2410,2024-06-30,2024
613393,1390,46,2024-06-30,2024
616628,2919,800,2024-06-30,2024
617074,3709,23826,2024-06-30,2024
617267,3329,294,2024-06-30,2024
618869,7160,141,2024-06-30,2024
618898,3209,7160,2024-06-30,2024
620295,724,86,2024-06-30,2024
620317,467,290,2024-06-30,2024
620477,8970,506,2024-06-30,2024
621397,49702,2410,2024-06-30,2024
622410,61825,3592,2024-06-30,2024
623095,601,2282,2024-06-30,2024
623521,3709,418,2024-06-30,2024
624942,366,398,2024-06-30,2024
625144,61825,3592,2024-06-30,2024
626475,18303,338,2024-06-30,2024
627226,8970,418,2024-06-30,2024
627228,12321,281,2024-06-30,2024
631404,2995,1075,2024-06-30,2024
631472,3302,3325,2024-06-30,2024
632088,798,2282,2024-06-30,2024
634460,5358,1108,2024-06-30,2024
635336,1158,1010,2024-06-30,2024
637802,4294,7378,2024-06-30,2024
640109,3911,46,2024-06-30,2024
644613,385,15,2024-06-30,2024
645774,2036,86,2024-06-30,2024
646896,3719,2410,2024-06-30,2024
647534,499,1005,2024-06-30,2024
651005,1075,583,2024-06-30,2024
651269,865,1083,2024-06-30,2024
651735,678,1083,2024-06-30,2024
652803,54189,1096,2024-06-30,2024
652996,932,415,2024-06-30,2024
653415,2424,410,2024-06-30,2024
654049,820,36,2024-06-30,2024
654415,3524,1082,2024-06-30,2024
654872,4,24,2024-06-30,2024
654949,41274,410,2024-06-30,2024
655893,968,6890,2024-06-30,2024
655895,2381,36,2024-06-30,2024
655902,968,141,2024-06-30,2024
656316,1245,631,2024-06-30,2024
656441,244,114,2024-06-30,2024
658531,124,2778,2024-06-30,2024
658534,5724,2778,2024-06-30,2024
659513,1096,16,2024-06-30,2024
659518,520,162,2024-06-30,2024
659521,3840,583,2024-06-30,2024
659543,995,273,2024-06-30,2024
660735,58,368,2024-06-30,2024
662261,1108,418,2024-06-30,2024
662493,601,603,2024-06-30,2024
667121,1465,1075,2024-06-30,2024
667914,1032,190,2024-06-30,2024
668547,472,281,2024-06-30,2024
668951,8970,506,2024-06-30,2024
669305,3592,338,2024-06-30,2024
670103,2778,294,2024-06-30,2024
670717,3325,336,2024-06-30,2024
670858,762,631,2024-06-30,2024
671594,3911,1421,2024-06-30,2024
671829,49702,232,2024-06-30,2024
671915,8970,506,2024-06-30,2024
676318,16795,985,2024-06-30,2024
678546,499,1090,2024-06-30,2024
684062,1162,3911,2024-06-30,2024
689637,150,131,2024-06-30,2024
690429,65,60,2024-06-30,2024
690799,79,415,2024-06-30,2024
691892,4,24,2024-06-30,2024
692737,35,89,2024-06-30,2024
693352,380,10484,2024-06-30,2024
695454,3329,543,2024-06-30,2024
697149,868,141,2024-06-30,2024
697728,2696,932,2024-06-30,2024
698548,385,5,2024-06-30,2024
700998,458,5,2024-06-30,2024
701819,1038,276,2024-06-30,2024
701845,2832,19789,2024-06-30,2024
707242,1158,417,2024-06-30,2024
707274,366,1049,2024-06-30,2024
707844,1096,2727,2024-06-30,2024
708240,85465,660,2024-06-30,2024
708241,60551,660,2024-06-30,2024
708454,968,2282,2024-06-30,2024
709006,3349,3325,2024-06-30,2024
709726,24,583,2024-06-30,2024
709957,3368,131,2024-06-30,2024
711625,3709,368,2024-06-30,2024
711969,1132,273,2024-06-30,2024
713644,27,16795,2024-06-30,2024
716276,1050,543,2024-06-30,2024
717585,2424,3719,2024-06-30,2024
720038,12321,131,2024-06-30,2024
721470,306,234,2024-06-30,2024
723835,499,1237,2024-06-30,2024
726035,61825,48332,2024-06-30,2024
726701,703,336,2024-06-30,2024
728597,3349,3325,2024-06-30,2024
729814,347,610,2024-06-30,2024
738478,723,383,2024-06-30,2024
742201,1108,13,2024-06-30,2024
743091,6890,416,2024-06-30,2024
743523,290,130,2024-06-30,2024
743591,12321,1095,2024-06-30,2024
743598,667,631,2024-06-30,2024
743627,605,289,2024-06-30,2024
744728,8970,27,2024-06-30,2024
745252,18303,2740,2024-06-30,2024
747016,192,467,2024-06-30,2024
748061,1063,65,2024-06-30,2024
748319,506,180,2024-06-30,2024
748382,82,1041,2024-06-30,2024
748506,601,172,2024-06-30,2024
755327,85465,660,2024-06-30,2024
769063,3302,5,2024-06-30,2024
776303,380,5,2024-06-30,2024
782476,723,1158,2024-06-30,2024
787618,2919,46,2024-06-30,2024
794349,3911,826,2024-06-30,2024
795738,499,24,2024-06-30,2024
798043,269,16,2024-06-30,2024
802512,678,3522,2024-06-30,2024
802747,1423,1158,2024-06-30,2024
802997,354,1162,2024-06-30,2024
804661,1095,347,2024-06-30,2024
807165,244,1158,2024-06-30,2024
809569,61825,18303,2024-06-30,2024
810093,1158,583,2024-06-30,2024
810570,3690,41231,2024-06-30,2024
811778,294,985,2024-06-30,2024
812625,1038,6574,2024-06-30,2024
816124,543,583,2024-06-30,2024
817180,1095,415,2024-06-30,2024
817665,2995,3329,2024-06-30,2024
820146,595,1421,2024-06-30,2024
825199,1038,506,2024-06-30,2024
833315,660,3508,2024-06-30,2024
838384,10690,338,2024-06-30,2024
842341,1132,969,2024-06-30,2024
847759,3329,40,2024-06-30,2024
848509,276,172,2024-06-30,2024
851804,2425,336,2024-06-30,2024
852024,995,350,2024-06-30,2024
852953,1455,234,2024-06-30,2024
855134,86,1041,2024-06-30,2024
860051,1416,417,2024-06-30,2024
860812,133,468,2024-06-30,2024
862972,1147,3911,2024-06-30,2024
864121,1003,336,2024-06-30,2024
866250,3057,252,2024-06-30,2024
873535,820,141,2024-06-30,2024
875447,11127,2423,2024-06-30,2024
879631,192,1096,2024-06-30,2024
880245,1465,336,2024-06-30,2024
888493,368,148,2024-06-30,2024
890290,12,506,2024-06-30,2024
891989,2944,10484,2024-06-30,2024
910905,54189,1041,2024-06-30,2024
913022,1426,385,2024-06-30,2024
913539,1038,131,2024-06-30,2024
924447,110302,366,2024-06-30,2024
925584,724,410,2024-06-30,2024
926954,22110,2778,2024-06-30,2024
927644,2995,3329,2024-06-30,2024
931712,2861,601,2024-06-30,2024
935039,55686,660,2024-06-30,2024
935996,7179,2431,2024-06-30,2024
947431,1531,237,2024-06-30,2024
953901,142,13,2024-06-30,2024
955070,1041,54189,2024-06-30,2024
958647,1467,11282,2024-06-30,2024
967948,724,762,2024-06-30,2024
970609,68608,4294,2024-06-30,2024
980576,1162,1421,2024-06-30,2024
987700,3729,16704,2024-06-30,2024
991268,1108,13,2024-06-30,2024
1004344,607,416,2024-06-30,2024
1012534,234,762,2024-06-30,2024
1014243,724,410,2024-06-30,2024
1033486,28095,14589,2024-06-30,2024
1050797,24245,114,2024-06-30,2024
616628,252,2919,2024-06-29,2024
59543,987,43,2024-05-31,2024
146795,180,762,2024-05-31,2024
183293,180,989,2024-05-31,2024
203869,2451,2759,2024-05-31,2024
206225,1039,762,2024-05-31,2024
214666,399,1132,2024-05-31,2024
216270,511,987,2024-05-31,2024
232964,903,989,2024-05-31,2024
239949,2288,989,2024-05-31,2024
251485,1519,2759,2024-05-31,2024
260841,512,1003,2024-05-31,2024
270596,2451,511,2024-05-31,2024
275590,677,989,2024-05-31,2024
277033,180,989,2024-05-31,2024
282429,1148,148,2024-05-31,2024
297212,399,148,2024-05-31,2024
297257,984,371,2024-05-31,2024
346018,1010,762,2024-05-31,2024
348623,350,29,2024-05-31,2024
349300,512,371,2024-05-31,2024
371814,603,31,2024-05-31,2024
376856,1071,1148,2024-05-31,2024
381967,1031,11,2024-05-31,2024
396561,2451,511,2024-05-31,2024
403564,511,1123,2024-05-31,2024
423757,2760,2553,2024-05-31,2024
424900,1032,1031,2024-05-31,2024
433183,543,281,2024-05-31,2024
433329,2553,677,2024-05-31,2024
448854,1010,703,2024-05-31,2024
484389,1071,762,2024-05-31,2024
485583,512,543,2024-05-31,2024
491296,3008,1132,2024-05-31,2024
503975,1039,543,2024-05-31,2024
503977,180,281,2024-05-31,2024
504581,3008,1031,2024-05-31,2024
505194,641,1003,2024-05-31,2024
506189,180,379,2024-05-31,2024
506470,603,703,2024-05-31,2024
507700,677,985,2024-05-31,2024
532541,512,543,2024-05-31,2024
535927,512,1132,2024-05-31,2024
540516,1241,903,2024-05-31,2024
550957,465,371,2024-05-31,2024
551007,2759,603,2024-05-31,2024
554250,2451,1241,2024-05-31,2024
559130,2288,762,2024-05-31,2024
560694,641,703,2024-05-31,2024
568005,677,1237,2024-05-31,2024
571743,931,631,2024-05-31,2024
576121,603,281,2024-05-31,2024
582078,2553,989,2024-05-31,2024
583199,350,281,2024-05-31,2024
614700,511,1132,2024-05-31,2024
623560,1071,371,2024-05-31,2024
633649,987,124,2024-05-31,2024
646353,2288,1237,2024-05-31,2024
649452,1031,281,2024-05-31,2024
652633,2760,43,2024-05-31,2024
684210,399,989,2024-05-31,2024
723666,2759,1110,2024-05-31,2024
741238,677,631,2024-05-31,2024
776798,124,1237,2024-05-31,2024
787232,1132,631,2024-05-31,2024
808456,2760,370,2024-05-31,2024
953135,984,379,2024-05-31,2024
957224,903,289,2024-05-31,2024
967346,903,289,2024-05-31,2024
986866,2451,1241,2024-05-31,2024
369523,1241,124,2024-05-20,2024
647376,2578,1071,2024-05-14,2024
369523,124,1241,2024-05-11,2024
368629,1519,1031,2024-05-08,2024
549566,1519,2578,2024-05-08,2024
835410,1519,465,2024-05-08,2024
29391,1241,43,2024-04-03,2024
569349,1465,167,2024-03-26,2024
536475,54189,41231,2024-03-20,2024
111072,53646,6992,2024-03-12,2024
203074,660,53646,2024-03-12,2024
755327,660,85465,2024-03-11,2024
245048,60551,53646,2024-03-09,2024
703581,2696,2410,2024-03-07,2024
381430,48726,6992,2024-03-06,2024
316945,48726,86209,2024-03-04,2024
323831,86,24,2024-03-04,2024
986866,1241,2451,2024-03-01,2024
380376,53646,26459,2024-02-28,2024
375657,53646,6992,2024-02-23,2024
527967,30120,6992,2024-02-23,2024
726035,48332,61825,2024-02-23,2024
55356,1083,11127,2024-02-22,2024
381834,2410,49702,2024-02-22,2024
718408,660,55686,2024-02-22,2024
1033486,14589,28095,2024-02-22,2024
498015,14589,2696,2024-02-21,2024
686059,932,1186,2024-02-21,2024
701226,28643,206,2024-02-21,2024
718408,55686,660,2024-02-21,2024
362572,932,2741,2024-02-20,2024
1033486,3714,14589,2024-02-20,2024
231724,41231,1124,2024-02-19,2024
287015,7160,63007,2024-02-18,2024
289643,1083,1186,2024-02-16,2024
526578,53646,61825,2024-02-16,2024
94924,3060,55686,2024-02-15,2024
522791,2715,2740,2024-02-14,2024
555166,232,3729,2024-02-14,2024
708240,660,85465,2024-02-14,2024
669310,3592,660,2024-02-12,2024
217033,964,41231,2024-02-11,2024
80059,6646,36,2024-02-09,2024
131731,8970,3205,2024-02-09,2024
169927,2381,152,2024-02-09,2024
184816,3209,11282,2024-02-09,2024
235347,1083,41231,2024-02-09,2024
290336,336,10484,2024-02-09,2024
291124,152,820,2024-02-09,2024
366194,3840,868,2024-02-09,2024
377641,1075,114,2024-02-09,2024
416108,417,3840,2024-02-09,2024
465606,141,7775,2024-02-09,2024
494954,14589,2741,2024-02-09,2024
606967,1096,152,2024-02-09,2024
294525,6646,3205,2024-02-08,2024
391278,924,126,2024-02-08,2024
391780,42,141,2024-02-08,2024
397609,2698,2741,2024-02-08,2024
460688,1467,10484,2024-02-08,2024
697149,141,868,2024-02-08,2024
1112706,18303,61825,2024-02-08,2024
100986,16,449,2024-02-07,2024
203510,14589,2741,2024-02-07,2024
353775,3840,126,2024-02-07,2024
512690,2715,347,2024-02-07,2024
242272,63007,26459,2024-02-06,2024
260166,703,11282,2024-02-06,2024
395242,58,868,2024-02-06,2024
708241,660,60551,2024-02-06,2024
211325,3840,3209,2024-02-05,2024
377387,11282,41231,2024-02-05,2024
415970,703,114,2024-02-05,2024
549566,2578,1519,2024-02-05,2024
580276,2293,924,2024-02-05,2024
1050797,114,24245,2024-02-05,2024
176412,3592,63007,2024-02-03,2024
661467,2671,553,2024-02-03,2024
127032,703,141,2024-02-02,2024
232142,605,30120,2024-02-02,2024
344607,738,3840,2024-02-02,2024
525287,931,141,2024-02-02,2024
708242,660,85465,2024-02-02,2024
57134,618,667,2024-02-01,2024
60957,33,105,2024-02-01,2024
95641,331,1244,2024-02-01,2024
112930,58,152,2024-02-01,2024
126737,150,2687,2024-02-01,2024
127048,141,150,2024-02-01,2024
127160,3840,1421,2024-02-01,2024
127202,667,703,2024-02-01,2024
131275,3709,3302,2024-02-01,2024
131996,405,1050,2024-02-01,2024
143029,3709,157,2024-02-01,2024
159079,3840,868,2024-02-01,2024
159894,202,2553,2024-02-01,2024
167721,331,150,2024-02-01,2024
182079,3209,2381,2024-02-01,2024
191422,1237,79,2024-02-01,2024
205657,11,190,2024-02-01,2024
206225,762,1039,2024-02-01,2024
214666,1132,399,2024-02-01,2024
226450,865,601,2024-02-01,2024
235355,5724,865,2024-02-01,2024
242284,703,603,2024-02-01,2024
247652,16795,380,2024-02-01,2024
251106,3709,989,2024-02-01,2024
253316,126,855,2024-02-01,2024
258475,1108,3368,2024-02-01,2024
263804,683,167,2024-02-01,2024
265625,276,1304,2024-02-01,2024
271495,449,3008,2024-02-01,2024
275457,54189,28643,2024-02-01,2024
275590,989,677,2024-02-01,2024
286949,410,416,2024-02-01,2024
289446,430,1390,2024-02-01,2024
289592,703,1041,2024-02-01,2024
290532,379,1041,2024-02-01,2024
297257,371,984,2024-02-01,2024
315604,533,2687,2024-02-01,2024
324804,416,969,2024-02-01,2024
327863,1082,142,2024-02-01,2024
335600,2451,1241,2024-02-01,2024
339820,237,366,2024-02-01,2024
343184,1435,467,2024-02-01,2024
345590,1090,1025,2024-02-01,2024
345760,371,603,2024-02-01,2024
348623,29,350,2024-02-01,2024
355627,3302,1421,2024-02-01,2024
357885,379,150,2024-02-01,2024
358008,6195,1390,2024-02-01,2024
359796,53646,26459,2024-02-01,2024
361071,723,1283,2024-02-01,2024
370833,3008,7775,2024-02-01,2024
371371,12,6574,2024-02-01,2024
372051,142,1531,2024-02-01,2024
378316,723,798,2024-02-01,2024
378953,667,932,2024-02-01,2024
384859,995,276,2024-02-01,2024
386164,133,1269,2024-02-01,2024
388266,347,3008,2024-02-01,2024
400550,499,369,2024-02-01,2024
403564,1123,511,2024-02-01,2024
404851,53646,26459,2024-02-01,2024
409517,383,89,2024-02-01,2024
410285,968,28643,2024-02-01,2024
412932,162,317,2024-02-01,2024
413605,2239,416,2024-02-01,2024
431706,49702,1186,2024-02-01,2024
434223,1123,371,2024-02-01,2024
439292,1025,1123,2024-02-01,2024
442320,7775,347,2024-02-01,2024
448177,24,39,2024-02-01,2024
462819,5818,5724,2024-02-01,2024
485584,610,317,2024-02-01,2024
485965,82,995,2024-02-01,2024
489929,467,190,2024-02-01,2024
491296,1132,3008,2024-02-01,2024
491616,1095,10484,2024-02-01,2024
502062,512,41274,2024-02-01,2024
503743,641,405,2024-02-01,2024
503975,543,1039,2024-02-01,2024
512354,873,54189,2024-02-01,2024
524925,200,969,2024-02-01,2024
528888,931,443,2024-02-01,2024
535834,162,1096,2024-02-01,2024
542796,3426,1053,2024-02-01,2024
546880,800,33,2024-02-01,2024
564449,499,512,2024-02-01,2024
566823,3911,172,2024-02-01,2024
569383,162,3524,2024-02-01,2024
571743,631,931,2024-02-01,2024
576121,281,603,2024-02-01,2024
585700,150,1244,2024-02-01,2024
589737,252,3057,2024-02-01,2024
631472,3325,3302,2024-02-01,2024
633649,124,987,2024-02-01,2024
641537,749,12,2024-02-01,2024
658530,2778,678,2024-02-01,2024
676318,985,16795,2024-02-01,2024
685145,5724,206,2024-02-01,2024
693352,10484,380,2024-02-01,2024
696181,3057,289,2024-02-01,2024
700998,5,458,2024-02-01,2024
709726,583,24,2024-02-01,2024
711969,273,1132,2024-02-01,2024
713644,16795,27,2024-02-01,2024
718643,2431,10690,2024-02-01,2024
719383,1465,7378,2024-02-01,2024
726701,336,703,2024-02-01,2024
728864,724,1090,2024-02-01,2024
743600,631,667,2024-02-01,2024
747016,467,192,2024-02-01,2024
757272,987,371,2024-02-01,2024
776303,5,380,2024-02-01,2024
795738,24,499,2024-02-01,2024
802747,1158,1423,2024-02-01,2024
823584,2861,2727,2024-02-01,2024
842341,969,1132,2024-02-01,2024
854325,410,172,2024-02-01,2024
860051,417,1416,2024-02-01,2024
876034,969,47,2024-02-01,2024
888493,148,368,2024-02-01,2024
926954,2778,22110,2024-02-01,2024
947431,237,1531,2024-02-01,2024
957224,289,903,2024-02-01,2024
967346,289,903,2024-02-01,2024
975689,826,124,2024-02-01,2024
981197,354,54189,2024-02-01,2024
58965,3329,2431,2024-01-31,2024
117432,89,82,2024-01-31,2024
149498,1049,13,2024-01-31,2024
157501,3840,749,2024-01-31,2024
167727,12,430,2024-01-31,2024
205657,603,11,2024-01-31,2024
207877,244,252,2024-01-31,2024
222556,3385,2672,2024-01-31,2024
232454,15,39,2024-01-31,2024
237125,16795,603,2024-01-31,2024
245078,416,237,2024-01-31,2024
257851,3368,683,2024-01-31,2024
276337,2381,7775,2024-01-31,2024
282615,7160,2671,2024-01-31,2024
283223,36,6646,2024-01-31,2024
291399,152,2431,2024-01-31,2024
325200,3008,6912,2024-01-31,2024
344519,1423,6912,2024-01-31,2024
348623,180,29,2024-01-31,2024
399780,1244,3709,2024-01-31,2024
409886,385,2425,2024-01-31,2024
445126,2239,8970,2024-01-31,2024
447052,621,1533,2024-01-31,2024
448466,336,683,2024-01-31,2024
459655,380,416,2024-01-31,2024
469949,3,41,2024-01-31,2024
470422,653,380,2024-01-31,2024
479589,40,2832,2024-01-31,2024
480975,3008,968,2024-01-31,2024
491616,683,1095,2024-01-31,2024
498529,36,367,2024-01-31,2024
504215,16,703,2024-01-31,2024
536030,3302,1531,2024-01-31,2024
540333,202,276,2024-01-31,2024
546880,416,800,2024-01-31,2024
555076,1158,989,2024-01-31,2024
569375,1465,336,2024-01-31,2024
576121,1421,281,2024-01-31,2024
586853,244,252,2024-01-31,2024
589737,969,252,2024-01-31,2024
590835,865,443,2024-01-31,2024
649024,868,995,2024-01-31,2024
652996,415,932,2024-01-31,2024
663578,714,683,2024-01-31,2024
670717,336,3325,2024-01-31,2024
678546,1090,499,2024-01-31,2024
707242,417,1158,2024-01-31,2024
708242,61825,660,2024-01-31,2024
744074,8024,1082,2024-01-31,2024
747016,192,467,2024-01-31,2024
748319,180,506,2024-01-31,2024
787776,9010,39097,2024-01-31,2024
816124,1038,583,2024-01-31,2024
816124,583,543,2024-01-31,2024
818495,3329,720,2024-01-31,2024
855134,1041,86,2024-01-31,2024
860051,1159,417,2024-01-31,2024
924447,366,110302,2024-01-31,2024
980576,1421,1162,2024-01-31,2024
1091130,2420,7179,2024-01-31,2024
88909,276,868,2024-01-30,2024
159143,468,1426,2024-01-30,2024
207877,252,244,2024-01-30,2024
243725,3205,6890,2024-01-30,2024
255906,703,190,2024-01-30,2024
277033,989,180,2024-01-30,2024
277179,23826,12,2024-01-30,2024
371814,31,603,2024-01-30,2024
387191,475,1031,2024-01-30,2024
392777,703,3057,2024-01-30,2024
395632,683,2425,2024-01-30,2024
422986,1420,1423,2024-01-30,2024
448466,380,336,2024-01-30,2024
455662,1304,86,2024-01-30,2024
461937,6912,3268,2024-01-30,2024
493003,1184,873,2024-01-30,2024
504581,1031,3008,2024-01-30,2024
530258,1269,41274,2024-01-30,2024
539665,383,1304,2024-01-30,2024
540333,276,202,2024-01-30,2024
557410,3057,3008,2024-01-30,2024
569375,1049,1465,2024-01-30,2024
588114,1465,7378,2024-01-30,2024
591619,443,6992,2024-01-30,2024
627939,172,1184,2024-01-30,2024
649024,995,868,2024-01-30,2024
652996,499,415,2024-01-30,2024
655895,36,2381,2024-01-30,2024
660735,368,58,2024-01-30,2024
707221,19657,369,2024-01-30,2024
743627,289,605,2024-01-30,2024
787776,39097,9010,2024-01-30,2024
802553,865,369,2024-01-30,2024
815652,2503,1082,2024-01-30,2024
913022,385,1426,2024-01-30,2024
175446,543,1091,2024-01-29,2024
235275,354,206,2024-01-29,2024
277179,141,23826,2024-01-29,2024
290346,16795,366,2024-01-29,2024
320141,13,36,2024-01-29,2024
391719,410,6912,2024-01-29,2024
457673,1005,1047,2024-01-29,2024
458715,417,8024,2024-01-29,2024
569349,167,1465,2024-01-29,2024
569375,1465,1049,2024-01-29,2024
573981,6890,7775,2024-01-29,2024
603137,979,2423,2024-01-29,2024
645173,317,232,2024-01-29,2024
651005,583,1075,2024-01-29,2024
668276,200,23826,2024-01-29,2024
790918,533,38,2024-01-29,2024
798404,3524,273,2024-01-29,2024
1004301,273,3524,2024-01-29,2024
80702,2553,1519,2024-01-28,2024
127188,58,417,2024-01-28,2024
147043,1096,1039,2024-01-28,2024
242940,1390,1047,2024-01-28,2024
365692,660,48332,2024-01-28,2024
475413,141,27,2024-01-28,2024
74683,273,1041,2024-01-27,2024
278359,150,15,2024-01-27,2024
537566,369,58,2024-01-27,2024
541601,1177,1435,2024-01-27,2024
67556,276,2919,2024-01-26,2024
115763,276,6646,2024-01-26,2024
168157,405,6195,2024-01-26,2024
216870,331,237,2024-01-26,2024
226073,13,350,2024-01-26,2024
288240,2698,3690,2024-01-26,2024
351749,281,379,2024-01-26,2024
357158,336,276,2024-01-26,2024
498237,720,683,2024-01-26,2024
505194,1003,641,2024-01-26,2024
509246,43,2578,2024-01-26,2024
557613,995,244,2024-01-26,2024
569777,924,2293,2024-01-26,2024
616628,2919,252,2024-01-26,2024
658531,2778,124,2024-01-26,2024
860812,468,133,2024-01-26,2024
926694,1096,13,2024-01-26,2024
953135,379,984,2024-01-26,2024
137313,1423,2424,2024-01-25,2024
258618,3209,7160,2024-01-25,2024
270596,511,2451,2024-01-25,2024
333355,2441,3840,2024-01-25,2024
343273,366,367,2024-01-25,2024
344072,3522,995,2024-01-25,2024
357072,2282,16795,2024-01-25,2024
357158,3008,336,2024-01-25,2024
372445,2420,276,2024-01-25,2024
395522,1162,6912,2024-01-25,2024
412954,370,1283,2024-01-25,2024
433584,6195,2919,2024-01-25,2024
461954,20698,7775,2024-01-25,2024
525990,5724,5817,2024-01-25,2024
538566,924,2293,2024-01-25,2024
566677,1032,683,2024-01-25,2024
606023,2288,306,2024-01-25,2024
654949,410,41274,2024-01-25,2024
666953,2715,7378,2024-01-25,2024
723666,1110,2759,2024-01-25,2024
847487,667,750,2024-01-25,2024
927644,3329,2995,2024-01-25,2024
939964,1420,24,2024-01-25,2024
982855,417,276,2024-01-25,2024
1113528,750,54189,2024-01-25,2024
72768,2293,2420,2024-01-24,2024
170672,3999,2671,2024-01-24,2024
206717,667,1184,2024-01-24,2024
284177,4,200,2024-01-24,2024
337036,127,60,2024-01-24,2024
351216,723,132,2024-01-24,2024
357072,826,2282,2024-01-24,2024
371000,167,443,2024-01-24,2024
387996,1283,202,2024-01-24,2024
395522,6912,1162,2024-01-24,2024
439072,6574,12,2024-01-24,2024
448628,13,681,2024-01-24,2024
448854,703,1010,2024-01-24,2024
539860,20,126,2024-01-24,2024
611195,415,5724,2024-01-24,2024
697853,2698,4128,2024-01-24,2024
860051,417,1159,2024-01-24,2024
1014243,410,724,2024-01-24,2024
386786,1132,33,2024-01-23,2024
448854,6890,703,2024-01-23,2024
457736,385,276,2024-01-23,2024
462086,467,276,2024-01-23,2024
470391,276,385,2024-01-23,2024
551752,416,8970,2024-01-23,2024
662493,603,601,2024-01-23,2024
708410,589,44006,2024-01-23,2024
716276,543,1050,2024-01-23,2024
719857,589,44006,2024-01-23,2024
162571,449,265,2024-01-22,2024
193158,48332,2740,2024-01-22,2024
232964,989,903,2024-01-22,2024
282734,2381,338,2024-01-22,2024
315145,1421,273,2024-01-22,2024
376856,1148,1071,2024-01-22,2024
397099,80,2671,2024-01-22,2024
420465,1082,506,2024-01-22,2024
500054,294,533,2024-01-22,2024
622410,3592,61825,2024-01-22,2024
625144,3592,61825,2024-01-22,2024
655006,1041,631,2024-01-22,2024
708454,2282,968,2024-01-22,2024
723835,1237,499,2024-01-22,2024
769063,5,3302,2024-01-22,2024
842718,7378,1063,2024-01-22,2024
162029,762,940,2024-01-21,2024
190289,80,105,2024-01-21,2024
263380,533,60,2024-01-21,2024
557614,167,618,2024-01-21,2024
80702,1519,2553,2024-01-20,2024
190289,589,80,2024-01-20,2024
329722,1075,683,2024-01-20,2024
334557,294,683,2024-01-20,2024
339501,601,3302,2024-01-20,2024
361264,114,2381,2024-01-20,2024
371013,385,3008,2024-01-20,2024
419828,443,60949,2024-01-20,2024
567129,276,6574,2024-01-20,2024
29391,43,1241,2024-01-19,2024
59543,43,987,2024-01-19,2024
197751,1047,749,2024-01-19,2024
203869,2759,2451,2024-01-19,2024
208166,3522,265,2024-01-19,2024
225122,543,1050,2024-01-19,2024
248219,2832,10484,2024-01-19,2024
249747,3999,14589,2024-01-19,2024
324861,533,105,2024-01-19,2024
357917,338,385,2024-01-19,2024
358032,276,6195,2024-01-19,2024
361264,6646,114,2024-01-19,2024
374954,24,167,2024-01-19,2024
461963,2420,1455,2024-01-19,2024
622380,1003,631,2024-01-19,2024
633753,43,124,2024-01-19,2024
647376,1071,2578,2024-01-19,2024
707274,1049,366,2024-01-19,2024
925584,410,724,2024-01-19,2024
188888,89,681,2024-01-18,2024
225122,294,543,2024-01-18,2024
264848,3325,3268,2024-01-18,2024
315332,39,44,2024-01-18,2024
357917,58,338,2024-01-18,2024
371142,44,903,2024-01-18,2024
390125,1091,6676,2024-01-18,2024
392966,800,8970,2024-01-18,2024
424900,1031,1032,2024-01-18,2024
441170,114,417,2024-01-18,2024
489611,506,458,2024-01-18,2024
537956,3385,47,2024-01-18,2024
564451,6676,2687,2024-01-18,2024
659225,2778,5724,2024-01-18,2024
812625,6574,1038,2024-01-18,2024
910905,1041,54189,2024-01-18,2024
1018259,157,1041,2024-01-18,2024
58267,1075,979,2024-01-17,2024
86097,1083,1124,2024-01-17,2024
157373,2740,55686,2024-01-17,2024
167859,6646,1627,2024-01-17,2024
242813,252,3522,2024-01-17,2024
282429,148,1148,2024-01-17,2024
334835,398,380,2024-01-17,2024
346478,167,148,2024-01-17,2024
391065,989,6195,2024-01-17,2024
397225,6195,380,2024-01-17,2024
406806,380,252,2024-01-17,2024
418891,61825,26459,2024-01-17,2024
424900,1032,1031,2024-01-17,2024
462833,3426,1177,2024-01-17,2024
489611,749,506,2024-01-17,2024
682032,410,506,2024-01-17,2024
748838,10690,85465,2024-01-17,2024
796739,2431,1301,2024-01-17,2024
25508,417,6646,2024-01-16,2024
131506,2381,7160,2024-01-16,2024
811778,985,294,2024-01-16,2024
844299,273,1416,2024-01-16,2024
44726,2414,443,2024-01-15,2024
183293,989,180,2024-01-15,2024
313691,2832,83678,2024-01-15,2024
383008,68608,3268,2024-01-15,2024
392777,603,703,2024-01-15,2024
485588,200,192,2024-01-15,2024
551007,603,2759,2024-01-15,2024
607224,985,368,2024-01-15,2024
635336,1010,1158,2024-01-15,2024
757272,371,987,2024-01-15,2024
873535,141,820,2024-01-15,2024
235339,964,41231,2024-01-14,2024
248271,36,3209,2024-01-14,2024
295024,36,265,2024-01-14,2024
307052,167,41,2024-01-14,2024
433818,3008,1132,2024-01-14,2024
726036,18303,3592,2024-01-14,2024
811778,16795,985,2024-01-14,2024
73926,276,430,2024-01-13,2024
187809,200,235,2024-01-13,2024
259953,5,36,2024-01-13,2024
344565,2698,2741,2024-01-13,2024
449151,5,252,2024-01-13,2024
787232,631,1132,2024-01-13,2024
817969,2410,2741,2024-01-13,2024
1045568,61825,6992,2024-01-13,2024
163053,3205,3209,2024-01-12,2024
288259,202,385,2024-01-12,2024
398808,276,16795,2024-01-12,2024
449151,252,5,2024-01-12,2024
469787,252,141,2024-01-12,2024
485585,631,16,2024-01-12,2024
505194,350,1003,2024-01-12,2024
510241,449,6646,2024-01-12,2024
550957,371,465,2024-01-12,2024
568698,738,290,2024-01-12,2024
668268,995,11,2024-01-12,2024
817665,3329,2995,2024-01-12,2024
951439,10690,26459,2024-01-12,2024
39983,89,36,2024-01-11,2024
84435,533,89,2024-01-11,2024
99227,2239,6646,2024-01-11,2024
157543,449,6646,2024-01-11,2024
175722,148,27,2024-01-11,2024
196524,589,7160,2024-01-11,2024
206225,3057,762,2024-01-11,2024
357163,1091,3329,2024-01-11,2024
401173,985,16,2024-01-11,2024
412943,1090,798,2024-01-11,2024
431811,683,12,2024-01-11,2024
483348,148,252,2024-01-11,2024
534084,430,380,2024-01-11,2024
559333,798,610,2024-01-11,2024
568559,252,148,2024-01-11,2024
668183,1269,621,2024-01-11,2024
787232,89,631,2024-01-11,2024
804661,347,1095,2024-01-11,2024
851804,336,2425,2024-01-11,2024
1141628,2381,1148,2024-01-11,2024
136184,3840,114,2024-01-10,2024
248931,83678,63007,2024-01-10,2024
386914,124,200,2024-01-10,2024
438311,3385,4603,2024-01-10,2024
539134,5,2919,2024-01-10,2024
549013,2420,2425,2024-01-10,2024
559263,31,3008,2024-01-10,2024
562484,61825,39097,2024-01-10,2024
569384,46,368,2024-01-10,2024
586659,18,467,2024-01-10,2024
697728,932,2696,2024-01-10,2024
743386,157,1041,2024-01-10,2024
758845,61825,3592,2024-01-10,2024
851804,190,336,2024-01-10,2024
24202,3268,3325,2024-01-09,2024
170527,23826,148,2024-01-09,2024
248931,60551,83678,2024-01-09,2024
260166,1123,703,2024-01-09,2024
334440,16704,964,2024-01-09,2024
380554,49364,39097,2024-01-09,2024
387234,3522,749,2024-01-09,2024
450218,1096,3508,2024-01-09,2024
503988,601,703,2024-01-09,2024
532541,543,512,2024-01-09,2024
539134,749,5,2024-01-09,2024
621910,3385,47,2024-01-09,2024
654415,1082,3524,2024-01-09,2024
742611,820,3209,2024-01-09,2024
748505,9010,3948,2024-01-09,2024
835410,465,1519,2024-01-09,2024
144128,6646,1531,2024-01-08,2024
247377,1025,8970,2024-01-08,2024
443338,2420,2423,2024-01-08,2024
463613,520,415,2024-01-08,2024
617074,23826,3709,2024-01-08,2024
631007,276,5,2024-01-08,2024
654872,24,4,2024-01-08,2024
656441,114,244,2024-01-08,2024
670847,681,417,2024-01-08,2024
728982,2759,1110,2024-01-08,2024
731491,2919,46,2024-01-08,2024
738478,383,723,2024-01-08,2024
817180,415,1095,2024-01-08,2024
369567,543,24,2024-01-07,2024
692737,89,35,2024-01-07,2024
697728,2696,932,2024-01-07,2024
481692,1091,3060,2024-01-06,2024
890290,506,12,2024-01-06,2024
228948,379,162,2024-01-05,2024
250153,380,6195,2024-01-05,2024
260841,1003,512,2024-01-05,2024
313097,968,1455,2024-01-05,2024
426192,1050,350,2024-01-05,2024
502289,601,1455,2024-01-05,2024
638793,2282,46,2024-01-05,2024
168471,3057,1245,2024-01-04,2024
282429,985,148,2024-01-04,2024
384060,1041,995,2024-01-04,2024
483348,399,148,2024-01-04,2024
691892,24,4,2024-01-04,2024
729814,610,347,2024-01-04,2024
730484,167,127,2024-01-04,2024
852024,350,995,2024-01-04,2024
862972,3911,1147,2024-01-04,2024
78819,924,369,2024-01-03,2024
323167,1050,5,2024-01-03,2024
337799,1053,2423,2024-01-03,2024
342226,167,618,2024-01-03,2024
371814,371,31,2024-01-03,2024
387355,2760,987,2024-01-03,2024
457859,8970,19,2024-01-03,2024
503679,370,31,2024-01-03,2024
568005,1237,677,2024-01-03,2024
691892,4,24,2024-01-03,2024
701011,987,1110,2024-01-03,2024
743600,703,631,2024-01-03,2024
237666,252,969,2024-01-02,2024
257448,162,683,2024-01-02,2024
503075,276,800,2024-01-02,2024
535740,2921,1390,2024-01-02,2024
690924,7179,6912,2024-01-02,2024
158799,475,157,2024-01-01,2024
284883,720,683,2024-01-01,2024
286384,114,1050,2024-01-01,2024
288255,985,24,2024-01-01,2024
307053,61825,49364,2024-01-01,2024
324344,3,265,2024-01-01,2024
400489,6195,23826,2024-01-01,2024
486083,1083,14589,2024-01-01,2024
505653,543,124,2024-01-01,2024
524791,2741,71985,2024-01-01,2024
535974,932,49702,2024-01-01,2024
550550,294,583,2024-01-01,2024
568005,984,1237,2024-01-01,2024
614700,1132,511,2024-01-01,2024
621397,2410,49702,2024-01-01,2024
647376,2578,1071,2024-01-01,2024
654117,2741,2410,2024-01-01,2024
849429,677,1241,2024-01-01,2024
176412,63007,3592,2023-12-31,2023
330085,683,703,2023-12-31,2023
343151,63007,18303,2023-12-31,2023
479019,3349,1063,2023-12-31,2023
526578,6992,53646,2023-12-31,2023
531925,22110,2778,2023-12-31,2023
550550,583,294,2023-12-31,2023
559263,23826,31,2023-12-31,2023
584548,60949,2441,2023-12-31,2023
614700,2578,1132,2023-12-31,2023
711382,1108,681,2023-12-31,2023
750886,467,1095,2023-12-31,2023
670883,677,148,2023-12-27,2023
800177,7378,2423,2023-12-20,2023
947360,1416,162,2023-11-01,2023
357658,512,989,2023-10-27,2023
745202,162,595,2023-10-23,2023
387355,987,2760,2023-09-30,2023
330060,338,3999,2023-09-16,2023
537467,987,2671,2023-09-16,2023
55605,868,3205,2023-09-15,2023
79110,449,2381,2023-09-15,2023
82130,868,2293,2023-09-15,2023
90959,7775,820,2023-09-15,2023
126687,10484,6646,2023-09-15,2023
134277,290,3205,2023-09-15,2023
170953,10484,3205,2023-09-15,2023
184816,683,3209,2023-09-15,2023
199470,11688,3205,2023-09-15,2023
201248,10484,152,2023-09-15,2023
236400,141,6890,2023-09-15,2023
289510,1132,10484,2023-09-15,2023
340251,36,2381,2023-09-15,2023
364234,683,3840,2023-09-15,2023
422203,11282,449,2023-09-15,2023
448854,703,6890,2023-09-15,2023
461951,114,3205,2023-09-15,2023
461954,7775,20698,2023-09-15,2023
659521,583,3840,2023-09-15,2023
19041,3840,114,2023-09-14,2023
71292,703,126,2023-09-14,2023
157113,36,6646,2023-09-14,2023
182403,2741,3729,2023-09-14,2023
225004,142,2698,2023-09-14,2023
239733,385,1467,2023-09-14,2023
241501,826,415,2023-09-14,2023
252641,865,11282,2023-09-14,2023
375857,2410,2741,2023-09-14,2023
408563,8024,6890,2023-09-14,2023
449377,3729,2698,2023-09-14,2023
449721,1083,1124,2023-09-14,2023
512394,683,2698,2023-09-14,2023
580276,449,2293,2023-09-14,2023
582074,49702,932,2023-09-14,2023
608469,2410,126,2023-09-14,2023
701937,964,14589,2023-09-14,2023
836336,2995,11282,2023-09-14,2023
1033486,14589,3714,2023-09-14,2023
248219,141,2832,2023-09-13,2023
405399,3057,2832,2023-09-13,2023
558727,968,152,2023-09-13,2023
574930,1083,49702,2023-09-13,2023
605534,1083,49702,2023-09-13,2023
701937,49702,964,2023-09-13,2023
703581,2410,2696,2023-09-13,2023
306166,290,10484,2023-09-12,2023
339829,683,3060,2023-09-12,2023
532390,265,2672,2023-09-12,2023
622461,932,2696,2023-09-12,2023
42942,3209,3060,2023-09-11,2023
60577,605,2832,2023-09-11,2023
234193,1096,605,2023-09-11,2023
272855,180,449,2023-09-11,2023
286005,354,10484,2023-09-11,2023
532390,2672,265,2023-09-11,2023
536507,703,683,2023-09-11,2023
622461,2696,932,2023-09-11,2023
843931,6676,47,2023-09-11,2023
487421,2424,49702,2023-09-10,2023
107525,6676,60949,2023-09-09,2023
199927,252,6646,2023-09-09,2023
491648,380,3060,2023-09-09,2023
494237,932,964,2023-09-09,2023
147462,12321,2441,2023-09-08,2023
288721,16704,2698,2023-09-08,2023
335725,16704,605,2023-09-08,2023
341019,252,6646,2023-09-08,2023
343052,11,449,2023-09-08,2023
136180,141,3209,2023-09-07,2023
251485,2759,1519,2023-09-07,2023
395234,1420,449,2023-09-07,2023
102226,16,58,2023-09-06,2023
140803,723,28643,2023-09-06,2023
202278,273,152,2023-09-06,2023
287700,398,19,2023-09-06,2023
326300,1041,54189,2023-09-06,2023
387143,449,968,2023-09-06,2023
476237,1237,3057,2023-09-06,2023
536475,41231,54189,2023-09-06,2023
564489,2282,3057,2023-09-06,2023
601407,520,3508,2023-09-06,2023
627163,1147,601,2023-09-06,2023
655902,141,968,2023-09-06,2023
712857,932,601,2023-09-06,2023
748505,3948,9010,2023-09-06,2023
931712,601,2861,2023-09-06,2023
16911,417,58,2023-09-05,2023
124182,338,968,2023-09-05,2023
206225,762,3057,2023-09-05,2023
275159,2698,75231,2023-09-05,2023
339328,610,1096,2023-09-05,2023
345468,1237,1184,2023-09-05,2023
419723,130,354,2023-09-05,2023
485424,180,3057,2023-09-05,2023
503988,703,601,2023-09-05,2023
820474,54189,1184,2023-09-05,2023
25557,583,368,2023-09-04,2023
46104,44,683,2023-09-04,2023
72768,1091,2293,2023-09-04,2023
184440,11282,114,2023-09-04,2023
195906,371,2832,2023-09-04,2023
256977,543,683,2023-09-04,2023
286384,985,114,2023-09-04,2023
341429,148,141,2023-09-04,2023
341516,3325,979,2023-09-04,2023
450936,148,141,2023-09-04,2023
222876,1421,3840,2023-09-02,2023
340166,157,3948,2023-09-02,2023
431811,12,683,2023-09-02,2023
39983,506,89,2023-09-01,2023
52480,7775,3325,2023-09-01,2023
64399,873,940,2023-09-01,2023
73794,800,416,2023-09-01,2023
79967,80,35,2023-09-01,2023
87854,589,7160,2023-09-01,2023
99353,3709,12321,2023-09-01,2023
124419,294,703,2023-09-01,2023
126719,583,294,2023-09-01,2023
129646,83678,660,2023-09-01,2023
131731,3522,8970,2023-09-01,2023
144244,1090,1390,2023-09-01,2023
148252,703,1025,2023-09-01,2023
148368,5,703,2023-09-01,2023
162079,1244,6676,2023-09-01,2023
163568,273,1158,2023-09-01,2023
166683,1108,366,2023-09-01,2023
170544,3911,347,2023-09-01,2023
176412,3592,63007,2023-09-01,2023
181547,940,80,2023-09-01,2023
182712,281,131,2023-09-01,2023
182904,131,405,2023-09-01,2023
182932,610,46,2023-09-01,2023
183321,931,167,2023-09-01,2023
195171,1049,6574,2023-09-01,2023
203746,162,826,2023-09-01,2023
203854,660,55686,2023-09-01,2023
217115,29,1148,2023-09-01,2023
221958,2282,1049,2023-09-01,2023
225020,418,368,2023-09-01,2023
238752,232,714,2023-09-01,2023
239949,989,2288,2023-09-01,2023
242631,29,931,2023-09-01,2023
243770,865,370,2023-09-01,2023
249513,681,3709,2023-09-01,2023
253341,11,873,2023-09-01,2023
257462,430,5,2023-09-01,2023
257751,3522,749,2023-09-01,2023
260166,703,1123,2023-09-01,2023
268113,200,206,2023-09-01,2023
271455,294,940,2023-09-01,2023
277635,1095,2687,2023-09-01,2023
277777,660,48332,2023-09-01,2023
280730,418,681,2023-09-01,2023
282429,148,985,2023-09-01,2023
284884,368,3709,2023-09-01,2023
287579,430,985,2023-09-01,2023
290862,6574,430,2023-09-01,2023
293194,79,610,2023-09-01,2023
296422,5,931,2023-09-01,2023
311489,714,152,2023-09-01,2023
312712,2414,1894,2023-09-01,2023
315128,724,317,2023-09-01,2023
316889,6195,383,2023-09-01,2023
323831,24,86,2023-09-01,2023
331779,3,2288,2023-09-01,2023
336077,36,985,2023-09-01,2023
344069,39,533,2023-09-01,2023
344605,1003,368,2023-09-01,2023
346478,148,167,2023-09-01,2023
349300,371,512,2023-09-01,2023
354666,232,3524,2023-09-01,2023
357072,2282,826,2023-09-01,2023
366729,10690,289,2023-09-01,2023
372240,1148,865,2023-09-01,2023
375885,383,703,2023-09-01,2023
381963,1184,1132,2023-09-01,2023
381967,11,1031,2023-09-01,2023
387687,714,3302,2023-09-01,2023
388266,3008,347,2023-09-01,2023
392768,631,703,2023-09-01,2023
392777,703,603,2023-09-01,2023
395677,738,723,2023-09-01,2023
409485,3057,1423,2023-09-01,2023
410854,202,385,2023-09-01,2023
412660,405,410,2023-09-01,2023
412946,499,133,2023-09-01,2023
424330,468,133,2023-09-01,2023
429901,150,1041,2023-09-01,2023
433183,281,543,2023-09-01,2023
434990,681,1108,2023-09-01,2023
447995,289,180,2023-09-01,2023
450050,667,543,2023-09-01,2023
458734,200,403,2023-09-01,2023
459988,8970,19,2023-09-01,2023
460629,583,290,2023-09-01,2023
461833,800,8970,2023-09-01,2023
462250,13,131,2023-09-01,2023
463610,703,723,2023-09-01,2023
466794,131,12321,2023-09-01,2023
466810,131,1237,2023-09-01,2023
467563,180,383,2023-09-01,2023
468301,398,1091,2023-09-01,2023
470607,703,148,2023-09-01,2023
472161,380,458,2023-09-01,2023
476836,3057,415,2023-09-01,2023
478573,27,31,2023-09-01,2023
480457,723,133,2023-09-01,2023
480883,1108,1244,2023-09-01,2023
481675,653,398,2023-09-01,2023
486051,58,601,2023-09-01,2023
487474,610,720,2023-09-01,2023
487843,5,2919,2023-09-01,2023
487969,24,583,2023-09-01,2023
490842,8970,5818,2023-09-01,2023
497291,1025,703,2023-09-01,2023
503162,1096,42,2023-09-01,2023
503977,281,180,2023-09-01,2023
504090,294,371,2023-09-01,2023
512385,399,989,2023-09-01,2023
532826,985,3709,2023-09-01,2023
535955,11,703,2023-09-01,2023
536521,499,595,2023-09-01,2023
538998,583,289,2023-09-01,2023
540333,202,276,2023-09-01,2023
543051,417,3911,2023-09-01,2023
545647,940,1531,2023-09-01,2023
554250,1241,2451,2023-09-01,2023
555820,641,410,2023-09-01,2023
563137,681,2687,2023-09-01,2023
568177,281,631,2023-09-01,2023
572919,79,1304,2023-09-01,2023
578421,200,1455,2023-09-01,2023
583199,281,350,2023-09-01,2023
589737,252,969,2023-09-01,2023
591193,618,24,2023-09-01,2023
594991,1082,738,2023-09-01,2023
601883,543,281,2023-09-01,2023
621993,1123,703,2023-09-01,2023
627226,418,8970,2023-09-01,2023
655006,631,1041,2023-09-01,2023
658534,2778,5724,2023-09-01,2023
659518,162,520,2023-09-01,2023
665390,405,3008,2023-09-01,2023
668276,23826,200,2023-09-01,2023
669366,29,1003,2023-09-01,2023
670103,294,2778,2023-09-01,2023
671594,1421,3911,2023-09-01,2023
684062,3911,1162,2023-09-01,2023
684210,989,399,2023-09-01,2023
690799,415,79,2023-09-01,2023
695454,543,3329,2023-09-01,2023
698259,678,410,2023-09-01,2023
708678,244,1158,2023-09-01,2023
711382,681,1108,2023-09-01,2023
717345,65,24,2023-09-01,2023
724520,131,150,2023-09-01,2023
728597,3325,3349,2023-09-01,2023
728982,1110,2759,2023-09-01,2023
731879,1075,979,2023-09-01,2023
744728,27,8970,2023-09-01,2023
744934,1041,750,2023-09-01,2023
745252,2740,18303,2023-09-01,2023
750886,1095,467,2023-09-01,2023
787776,9010,39097,2023-09-01,2023
794349,826,3911,2023-09-01,2023
802512,3522,678,2023-09-01,2023
802997,1162,354,2023-09-01,2023
807165,1158,244,2023-09-01,2023
811778,985,16795,2023-09-01,2023
833315,3508,660,2023-09-01,2023
851804,336,190,2023-09-01,2023
935039,660,55686,2023-09-01,2023
1004344,416,607,2023-09-01,2023
38607,1005,458,2023-08-31,2023
57328,1269,1268,2023-08-31,2023
75489,86,16,2023-08-31,2023
110036,89,3,2023-08-31,2023
112822,190,40,2023-08-31,2023
117481,60551,48332,2023-08-31,2023
157535,683,44,2023-08-31,2023
182618,631,1158,2023-08-31,2023
198067,124,173,2023-08-31,2023
212804,1095,618,2023-08-31,2023
232895,11282,1420,2023-08-31,2023
241229,244,3911,2023-08-31,2023
258919,985,873,2023-08-31,2023
287920,89,105,2023-08-31,2023
324377,1005,749,2023-08-31,2023
345746,1053,1177,2023-08-31,2023
355369,89,18,2023-08-31,2023
371814,31,371,2023-08-31,2023
381753,86,399,2023-08-31,2023
393239,1421,317,2023-08-31,2023
400680,595,347,2023-08-31,2023
432092,800,1005,2023-08-31,2023
432092,749,800,2023-08-31,2023
436064,234,499,2023-08-31,2023
438001,12321,543,2023-08-31,2023
465830,244,398,2023-08-31,2023
469787,141,252,2023-08-31,2023
487688,16795,6912,2023-08-31,2023
488996,1005,23,2023-08-31,2023
496745,3522,800,2023-08-31,2023
505194,1003,350,2023-08-31,2023
546880,800,416,2023-08-31,2023
548470,985,1031,2023-08-31,2023
559333,610,798,2023-08-31,2023
560694,703,641,2023-08-31,2023
564451,2687,6676,2023-08-31,2023
607226,273,380,2023-08-31,2023
610335,3329,720,2023-08-31,2023
621802,520,86,2023-08-31,2023
637469,369,19657,2023-08-31,2023
655456,121,416,2023-08-31,2023
670883,148,677,2023-08-31,2023
695454,512,543,2023-08-31,2023
708265,1041,583,2023-08-31,2023
721470,234,306,2023-08-31,2023
748382,1041,82,2023-08-31,2023
810570,41231,3690,2023-08-31,2023
820146,1421,595,2023-08-31,2023
848509,172,276,2023-08-31,2023
859396,1095,468,2023-08-31,2023
864121,336,1003,2023-08-31,2023
935996,2431,7179,2023-08-31,2023
955070,54189,1041,2023-08-31,2023
970609,4294,68608,2023-08-31,2023
96341,631,12,2023-08-30,2023
99499,3268,2423,2023-08-30,2023
126656,1420,7775,2023-08-30,2023
159844,24,23826,2023-08-30,2023
199258,2919,1390,2023-08-30,2023
307924,167,533,2023-08-30,2023
325223,1095,1041,2023-08-30,2023
334222,1531,16795,2023-08-30,2023
343151,18303,63007,2023-08-30,2023
344864,3911,995,2023-08-30,2023
353366,27,46,2023-08-30,2023
354482,58,244,2023-08-30,2023
381469,2288,931,2023-08-30,2023
381950,5,1025,2023-08-30,2023
400549,369,1426,2023-08-30,2023
418891,18303,61825,2023-08-30,2023
457341,724,33,2023-08-30,2023
483348,148,399,2023-08-30,2023
503770,11,162,2023-08-30,2023
539043,605,371,2023-08-30,2023
564529,1003,1025,2023-08-30,2023
567873,18303,85465,2023-08-30,2023
729814,347,610,2023-08-30,2023
743091,416,6890,2023-08-30,2023
855015,415,24,2023-08-30,2023
946883,366,336,2023-08-30,2023
955070,2778,54189,2023-08-30,2023
33781,1158,1082,2023-08-29,2023
59209,41231,2741,2023-08-29,2023
77825,416,749,2023-08-29,2023
99352,1244,605,2023-08-29,2023
134602,7775,4294,2023-08-29,2023
181477,653,30120,2023-08-29,2023
208172,3524,1390,2023-08-29,2023
225122,543,294,2023-08-29,2023
262226,1003,931,2023-08-29,2023
330909,132,1268,2023-08-29,2023
356044,610,720,2023-08-29,2023
377219,366,1049,2023-08-29,2023
481084,1049,366,2023-08-29,2023
481116,347,2727,2023-08-29,2023
513245,24,6195,2023-08-29,2023
520815,683,6890,2023-08-29,2023
585339,601,370,2023-08-29,2023
595809,410,29,2023-08-29,2023
620477,506,8970,2023-08-29,2023
622801,1038,6646,2023-08-29,2023
647534,1005,499,2023-08-29,2023
672803,7775,273,2023-08-29,2023
701226,206,28643,2023-08-29,2023
880245,336,1465,2023-08-29,2023
973085,1082,1237,2023-08-29,2023
27493,2448,237,2023-08-28,2023
193867,749,458,2023-08-28,2023
232144,89,1245,2023-08-28,2023
245537,1420,1082,2023-08-28,2023
274484,1041,54189,2023-08-28,2023
298975,244,8970,2023-08-28,2023
308133,415,290,2023-08-28,2023
318523,180,417,2023-08-28,2023
396333,114,8024,2023-08-28,2023
396561,511,2451,2023-08-28,2023
399543,40,1005,2023-08-28,2023
399553,2861,1423,2023-08-28,2023
523318,200,940,2023-08-28,2023
524677,60949,1465,2023-08-28,2023
668951,506,8970,2023-08-28,2023
735354,683,60949,2023-08-28,2023
33763,252,2239,2023-08-27,2023
164913,294,1091,2023-08-27,2023
282076,124,1108,2023-08-27,2023
300716,11,681,2023-08-27,2023
325924,6890,1005,2023-08-27,2023
340322,180,15,2023-08-27,2023
354145,2410,121,2023-08-27,2023
533662,405,350,2023-08-27,2023
543499,610,379,2023-08-27,2023
40433,244,46,2023-08-26,2023
87162,2414,1894,2023-08-26,2023
170481,398,2919,2023-08-26,2023
180337,15,12,2023-08-26,2023
216270,987,511,2023-08-26,2023
238630,738,60949,2023-08-26,2023
298583,1049,995,2023-08-26,2023
396908,141,1003,2023-08-26,2023
527966,5358,367,2023-08-26,2023
566271,1090,3840,2023-08-26,2023
663578,683,714,2023-08-26,2023
991268,13,1108,2023-08-26,2023
29364,543,1075,2023-08-25,2023
80059,36,6646,2023-08-25,2023
99254,380,398,2023-08-25,2023
130360,416,1047,2023-08-25,2023
146795,762,180,2023-08-25,2023
168166,3948,601,2023-08-25,2023
203842,800,749,2023-08-25,2023
227081,46,244,2023-08-25,2023
293228,458,589,2023-08-25,2023
293998,7775,6890,2023-08-25,2023
342012,192,1053,2023-08-25,2023
348623,29,180,2023-08-25,2023
361264,114,6646,2023-08-25,2023
424881,703,683,2023-08-25,2023
443710,533,79,2023-08-25,2023
659543,273,995,2023-08-25,2023
743600,631,703,2023-08-25,2023
891989,10484,2944,2023-08-25,2023
72857,969,2431,2023-08-24,2023
138736,141,3209,2023-08-24,2023
207048,1283,306,2023-08-24,2023
303259,44,368,2023-08-24,2023
335003,86,1063,2023-08-24,2023
340353,1010,410,2023-08-24,2023
354909,1390,607,2023-08-24,2023
447066,903,2861,2023-08-24,2023
459945,1390,607,2023-08-24,2023
467243,660,2740,2023-08-24,2023
486049,273,281,2023-08-24,2023
507700,985,677,2023-08-24,2023
698548,5,385,2023-08-24,2023
701011,1110,987,2023-08-24,2023
816124,583,1038,2023-08-24,2023
56331,200,467,2023-08-23,2023
127573,383,39,2023-08-23,2023
186368,46,416,2023-08-23,2023
234124,3840,924,2023-08-23,2023
316709,2715,54189,2023-08-23,2023
367992,1090,1025,2023-08-23,2023
402733,368,703,2023-08-23,2023
448466,336,380,2023-08-23,2023
471474,331,5358,2023-08-23,2023
526578,53646,6992,2023-08-23,2023
527350,12321,142,2023-08-23,2023
610428,18,200,2023-08-23,2023
668547,281,472,2023-08-23,2023
91849,368,58,2023-08-22,2023
144143,1038,749,2023-08-22,2023
159622,58,172,2023-08-22,2023
177821,724,1268,2023-08-22,2023
183841,749,1038,2023-08-22,2023
261905,44,276,2023-08-22,2023
279009,44,39,2023-08-22,2023
338635,58,1132,2023-08-22,2023
344107,1071,370,2023-08-22,2023
396894,449,2687,2023-08-22,2023
413843,60,80,2023-08-22,2023
415912,79,379,2023-08-22,2023
538918,46,1038,2023-08-22,2023
583404,234,6574,2023-08-22,2023
632088,2282,798,2023-08-22,2023
647376,1071,2578,2023-08-22,2023
670858,631,762,2023-08-22,2023
707221,369,19657,2023-08-22,2023
748601,1096,610,2023-08-22,2023
825199,506,1038,2023-08-22,2023
965929,55686,2740,2023-08-22,2023
143891,82,60,2023-08-21,2023
167859,252,6646,2023-08-21,2023
222805,3302,232,2023-08-21,2023
264848,2420,3325,2023-08-21,2023
272631,11282,3209,2023-08-21,2023
344299,2410,114,2023-08-21,2023
361104,131,383,2023-08-21,2023
369552,200,306,2023-08-21,2023
388465,1053,2293,2023-08-21,2023
399551,443,750,2023-08-21,2023
456492,24,3,2023-08-21,2023
506189,379,180,2023-08-21,2023
521407,6195,8970,2023-08-21,2023
584548,2441,60949,2023-08-21,2023
748061,65,1063,2023-08-21,2023
782476,1158,723,2023-08-21,2023
991268,16795,13,2023-08-21,2023
73517,23826,368,2023-08-20,2023
251845,1148,1049,2023-08-20,2023
332705,399,989,2023-08-20,2023
388125,130,366,2023-08-20,2023
429551,141,868,2023-08-20,2023
483046,27,15,2023-08-20,2023
633668,46,1025,2023-08-20,2023
659542,969,826,2023-08-20,2023
207877,244,252,2023-08-19,2023
217111,631,141,2023-08-19,2023
243302,653,3999,2023-08-19,2023
246204,367,714,2023-08-19,2023
491966,449,3209,2023-08-19,2023
555143,121,681,2023-08-19,2023
580434,1184,2727,2023-08-19,2023
59631,6890,968,2023-08-18,2023
90024,369,1245,2023-08-18,2023
146310,79,31,2023-08-18,2023
182688,449,603,2023-08-18,2023
190222,200,589,2023-08-18,2023
205657,11,603,2023-08-18,2023
223972,15,206,2023-08-18,2023
257805,121,1083,2023-08-18,2023
282897,2727,601,2023-08-18,2023
293315,22110,173,2023-08-18,2023
330085,703,683,2023-08-18,2023
370998,82,105,2023-08-18,2023
392085,141,405,2023-08-18,2023
394872,6646,449,2023-08-18,2023
397676,3368,367,2023-08-18,2023
517300,1075,16704,2023-08-18,2023
586429,6574,200,2023-08-18,2023
628451,180,631,2023-08-18,2023
723621,338,3592,2023-08-18,2023
33027,1123,1031,2023-08-17,2023
82009,162,89,2023-08-17,2023
170895,683,868,2023-08-17,2023
204049,2293,3209,2023-08-17,2023
210747,36,265,2023-08-17,2023
232463,79,105,2023-08-17,2023
346567,506,398,2023-08-17,2023
355689,865,472,2023-08-17,2023
433818,1132,3008,2023-08-17,2023
443308,19,235,2023-08-17,2023
455181,3368,367,2023-08-17,2023
505674,13,367,2023-08-17,2023
648779,416,162,2023-08-17,2023
701055,1063,610,2023-08-17,2023
709006,3325,3349,2023-08-17,2023
876298,2722,1390,2023-08-17,2023
41384,1025,46,2023-08-16,2023
166237,583,12,2023-08-16,2023
170646,368,58,2023-08-16,2023
197642,641,610,2023-08-16,2023
226169,11282,1467,2023-08-16,2023
236510,603,601,2023-08-16,2023
258027,583,12,2023-08-16,2023
291739,1123,114,2023-08-16,2023
314210,29,350,2023-08-16,2023
347900,1025,383,2023-08-16,2023
367464,398,3302,2023-08-16,2023
377042,6195,276,2023-08-16,2023
387106,273,82,2023-08-16,2023
403564,511,1123,2023-08-16,2023
410735,133,1063,2023-08-16,2023
416465,1091,2671,2023-08-16,2023
417575,1049,6574,2023-08-16,2023
435772,5,800,2023-08-16,2023
490223,1158,3302,2023-08-16,2023
525704,506,398,2023-08-16,2023
550106,398,749,2023-08-16,2023
667914,190,1032,2023-08-16,2023
722371,660,26459,2023-08-16,2023
742611,3209,820,2023-08-16,2023
92164,2282,58,2023-08-15,2023
131951,276,6646,2023-08-15,2023
163639,276,6646,2023-08-15,2023
225593,1531,714,2023-08-15,2023
262749,1148,11,2023-08-15,2023
265763,2861,601,2023-08-15,2023
273132,46,89,2023-08-15,2023
288121,3719,2832,2023-08-15,2023
405892,354,317,2023-08-15,2023
469082,235,132,2023-08-15,2023
511534,1177,641,2023-08-15,2023
550829,985,15,2023-08-15,2023
585982,2919,46,2023-08-15,2023
614700,1132,2578,2023-08-15,2023
622380,631,1003,2023-08-15,2023
671915,506,8970,2023-08-15,2023
74683,12,273,2023-08-14,2023
177866,468,499,2023-08-14,2023
181579,180,379,2023-08-14,2023
192279,631,418,2023-08-14,2023
196793,499,80,2023-08-14,2023
282250,273,190,2023-08-14,2023
334526,506,162,2023-08-14,2023
370701,430,8970,2023-08-14,2023
417346,399,29,2023-08-14,2023
418661,3508,601,2023-08-14,2023
539154,3522,3325,2023-08-14,2023
545400,601,1467,2023-08-14,2023
687626,1237,631,2023-08-14,2023
709957,131,3368,2023-08-14,2023
879631,1096,192,2023-08-14,2023
911328,1423,1005,2023-08-14,2023
93936,331,1108,2023-08-13,2023
191614,985,36,2023-08-13,2023
341647,244,36,2023-08-13,2023
394903,750,2727,2023-08-13,2023
461496,1005,336,2023-08-13,2023
606023,798,2288,2023-08-13,2023
132098,148,27,2023-08-12,2023
143424,31,114,2023-08-12,2023
204103,543,931,2023-08-12,2023
288230,131,583,2023-08-12,2023
363010,14589,75231,2023-08-12,2023
369674,800,82,2023-08-12,2023
393621,1091,995,2023-08-12,2023
395242,1421,58,2023-08-12,2023
668268,11,995,2023-08-12,2023
743498,1095,1132,2023-08-12,2023
795280,3592,61825,2023-08-12,2023
142021,714,237,2023-08-11,2023
244904,18303,6992,2023-08-11,2023
255688,265,2381,2023-08-11,2023
289255,681,1108,2023-08-11,2023
449151,5,252,2023-08-11,2023
461670,338,18303,2023-08-11,2023
462285,200,1304,2023-08-11,2023
466801,3709,150,2023-08-11,2023
490384,506,252,2023-08-11,2023
552223,46,1038,2023-08-11,2023
574385,610,1421,2023-08-11,2023
618472,1041,23826,2023-08-11,2023
659513,16,1096,2023-08-11,2023
670688,336,29,2023-08-11,2023
701819,276,1038,2023-08-11,2023
701845,19789,2832,2023-08-11,2023
913539,131,1038,2023-08-11,2023
953901,13,142,2023-08-11,2023
14881,1301,1465,2023-08-10,2023
149716,931,1082,2023-08-10,2023
241527,380,276,2023-08-10,2023
256339,1038,46,2023-08-10,2023
257987,3948,234,2023-08-10,2023
258987,371,940,2023-08-10,2023
287635,653,290,2023-08-10,2023
297212,148,399,2023-08-10,2023
306382,3008,347,2023-08-10,2023
343273,367,366,2023-08-10,2023
354814,3522,430,2023-08-10,2023
364567,7160,3209,2023-08-10,2023
371256,660,141,2023-08-10,2023
381187,173,738,2023-08-10,2023
390638,430,294,2023-08-10,2023
401356,610,379,2023-08-10,2023
413502,472,126,2023-08-10,2023
442805,237,3302,2023-08-10,2023
467437,27,383,2023-08-10,2023
468066,1421,6195,2023-08-10,2023
469958,512,1031,2023-08-10,2023
471690,1123,989,2023-08-10,2023
471936,44,430,2023-08-10,2023
521956,10484,3209,2023-08-10,2023
527698,366,367,2023-08-10,2023
537844,660,294,2023-08-10,2023
592924,5,2239,2023-08-10,2023
596148,200,468,2023-08-10,2023
596821,873,35,2023-08-10,2023
631002,150,331,2023-08-10,2023
656316,631,1245,2023-08-10,2023
657430,3302,237,2023-08-10,2023
668183,621,1269,2023-08-10,2023
707844,2727,1096,2023-08-10,2023
808456,370,2760,2023-08-10,2023
131978,417,1031,2023-08-09,2023
157501,290,3840,2023-08-09,2023
226802,3060,10484,2023-08-09,2023
228645,1132,533,2023-08-09,2023
237623,475,60551,2023-08-09,2023
286392,3999,5572,2023-08-09,2023
302991,3709,1465,2023-08-09,2023
333014,350,1132,2023-08-09,2023
333859,2414,1177,2023-08-09,2023
423606,338,60551,2023-08-09,2023
425306,11,703,2023-08-09,2023
579565,190,38,2023-08-09,2023
647024,2292,924,2023-08-09,2023
657387,1075,979,2023-08-09,2023
672202,1041,3725,2023-08-09,2023
807128,618,667,2023-08-09,2023
844637,3368,3302,2023-08-09,2023
68645,150,605,2023-08-08,2023
182079,7160,3209,2023-08-08,2023
186172,1010,589,2023-08-08,2023
293200,379,416,2023-08-08,2023
318507,1420,2293,2023-08-08,2023
338668,3948,86,2023-08-08,2023
379168,3911,157,2023-08-08,2023
462823,865,398,2023-08-08,2023
503981,180,762,2023-08-08,2023
512690,347,2715,2023-08-08,2023
540664,40,667,2023-08-08,2023
557459,82,148,2023-08-08,2023
569375,1049,1465,2023-08-08,2023
590926,605,2832,2023-08-08,2023
634460,1108,5358,2023-08-08,2023
667121,1075,1465,2023-08-08,2023
724106,252,6574,2023-08-08,2023
743598,631,667,2023-08-08,2023
847759,40,3329,2023-08-08,2023
860255,19789,44006,2023-08-08,2023
967948,762,724,2023-08-08,2023
1011200,40,667,2023-08-08,2023
42205,27,46,2023-08-07,2023
137206,6646,1091,2023-08-07,2023
224088,2288,152,2023-08-07,2023
238809,10484,11282,2023-08-07,2023
257388,720,16795,2023-08-07,2023
285845,11,1041,2023-08-07,2023
315867,379,800,2023-08-07,2023
336367,641,180,2023-08-07,2023
395523,44,3057,2023-08-07,2023
396401,660,85465,2023-08-07,2023
413942,1005,5724,2023-08-07,2023
442320,601,7775,2023-08-07,2023
461512,683,232,2023-08-07,2023
498517,7160,3209,2023-08-07,2023
550550,294,583,2023-08-07,2023
565899,1184,1531,2023-08-07,2023
682032,506,410,2023-08-07,2023
728924,369,2778,2023-08-07,2023
784719,2687,1465,2023-08-07,2023
216240,366,16704,2023-08-06,2023
343537,60551,12321,2023-08-06,2023
451677,1123,38,2023-08-06,2023
488755,35,610,2023-08-06,2023
632901,142,8024,2023-08-06,2023
190289,80,589,2023-08-05,2023
289446,29,430,2023-08-05,2023
296783,1531,2441,2023-08-05,2023
314980,968,3508,2023-08-05,2023
401527,6574,82,2023-08-05,2023
403151,1237,631,2023-08-05,2023
475959,23826,281,2023-08-05,2023
610442,800,985,2023-08-05,2023
649033,1421,3302,2023-08-05,2023
718643,2457,2431,2023-08-05,2023
924399,825,11282,2023-08-05,2023
931567,1429,749,2023-08-05,2023
25732,553,660,2023-08-04,2023
64352,403,234,2023-08-04,2023
208848,141,152,2023-08-04,2023
212723,24,368,2023-08-04,2023
253290,2381,3060,2023-08-04,2023
275249,86,415,2023-08-04,2023
313691,83678,2832,2023-08-04,2023
356141,24,398,2023-08-04,2023
386047,162,631,2023-08-04,2023
398163,12,16795,2023-08-04,2023
442703,370,1005,2023-08-04,2023
503991,1049,5,2023-08-04,2023
540516,903,1241,2023-08-04,2023
542697,1184,3,2023-08-04,2023
559130,762,2288,2023-08-04,2023
620317,290,467,2023-08-04,2023
633753,124,43,2023-08-04,2023
41131,465,511,2023-08-03,2023
94924,10690,3060,2023-08-03,2023
125858,15,141,2023-08-03,2023
193612,10484,60949,2023-08-03,2023
343463,366,237,2023-08-03,2023
352659,141,2832,2023-08-03,2023
363057,2448,40,2023-08-03,2023
389253,11,350,2023-08-03,2023
423757,2553,2760,2023-08-03,2023
448705,24,610,2023-08-03,2023
451576,798,385,2023-08-03,2023
481688,336,683,2023-08-03,2023
579084,54189,9010,2023-08-03,2023
586925,47,3385,2023-08-03,2023
589128,520,234,2023-08-03,2023
618869,141,7160,2023-08-03,2023
652633,43,2760,2023-08-03,2023
55769,46,2919,2023-08-02,2023
126014,1010,202,2023-08-02,2023
174694,368,1075,2023-08-02,2023
181469,499,3385,2023-08-02,2023
198008,23826,681,2023-08-02,2023
238266,180,1041,2023-08-02,2023
277607,10,865,2023-08-02,2023
282199,1095,265,2023-08-02,2023
315283,1421,385,2023-08-02,2023
339314,1237,79,2023-08-02,2023
353922,6574,36,2023-08-02,2023
404912,121,49702,2023-08-02,2023
412952,2995,1063,2023-08-02,2023
491616,1095,683,2023-08-02,2023
495920,60551,53646,2023-08-02,2023
535927,1132,512,2023-08-02,2023
547039,603,601,2023-08-02,2023
774067,338,10690,2023-08-02,2023
8246,533,3,2023-08-01,2023
56818,417,2293,2023-08-01,2023
85352,10484,2293,2023-08-01,2023
114422,2832,141,2023-08-01,2023
168158,968,3060,2023-08-01,2023
213555,683,589,2023-08-01,2023
226524,89,252,2023-08-01,2023
250543,2727,2282,2023-08-01,2023
271098,683,2282,2023-08-01,2023
295810,141,2293,2023-08-01,2023
315211,589,723,2023-08-01,2023
345654,1095,2293,2023-08-01,2023
410185,39,995,2023-08-01,2023
455016,964,14589,2023-08-01,2023
469669,618,1244,2023-08-01,2023
472242,33,449,2023-08-01,2023
479019,1063,3349,2023-08-01,2023
481623,1010,410,2023-08-01,2023
501709,2578,987,2023-08-01,2023
506470,703,603,2023-08-01,2023
513970,131,472,2023-08-01,2023
563963,180,162,2023-08-01,2023
588020,79,7775,2023-08-01,2023
623570,350,244,2023-08-01,2023
711999,273,631,2023-08-01,2023
22628,1082,380,2023-07-31,2023
187587,5,114,2023-07-31,2023
244491,506,2919,2023-07-31,2023
263361,399,18,2023-07-31,2023
335997,1435,1455,2023-07-31,2023
336960,130,749,2023-07-31,2023
340328,969,1003,2023-07-31,2023
365770,2969,3329,2023-07-31,2023
369319,192,903,2023-07-31,2023
372713,19,290,2023-07-31,2023
400542,865,5724,2023-07-31,2023
412949,234,306,2023-07-31,2023
439072,12,6574,2023-07-31,2023
646353,1237,2288,2023-07-31,2023
649024,868,995,2023-07-31,2023
697716,1465,1063,2023-07-31,2023
730126,1095,2288,2023-07-31,2023
199321,940,244,2023-07-30,2023
223725,3709,472,2023-07-30,2023
475208,12,968,2023-07-30,2023
500067,2410,1096,2023-07-30,2023
606849,2861,54189,2023-07-30,2023
607225,1041,54189,2023-07-30,2023
429309,683,1465,2023-07-29,2023
464597,19657,678,2023-07-29,2023
466805,131,720,2023-07-29,2023
649016,3302,800,2023-07-29,2023
78507,28643,41274,2023-07-28,2023
127108,1108,367,2023-07-28,2023
131708,1244,10484,2023-07-28,2023
248658,371,200,2023-07-28,2023
264176,1455,2861,2023-07-28,2023
311178,6574,2919,2023-07-28,2023
336074,152,1467,2023-07-28,2023
429309,2995,683,2023-07-28,2023
461883,610,931,2023-07-28,2023
503638,506,152,2023-07-28,2023
504581,543,1031,2023-07-28,2023
519731,234,124,2023-07-28,2023
530157,3524,868,2023-07-28,2023
662261,418,1108,2023-07-28,2023
958647,11282,1467,2023-07-28,2023
967346,750,289,2023-07-28,2023
124560,1455,3999,2023-07-27,2023
186644,180,190,2023-07-27,2023
238537,1038,1005,2023-07-27,2023
268670,1531,16795,2023-07-27,2023
293281,533,1132,2023-07-27,2023
294723,48332,3592,2023-07-27,2023
303657,46,989,2023-07-27,2023
324806,855,40,2023-07-27,2023
346018,762,1010,2023-07-27,2023
357658,989,512,2023-07-27,2023
358166,12,1390,2023-07-27,2023
401922,1050,5,2023-07-27,2023
484389,762,1071,2023-07-27,2023
531925,2778,22110,2023-07-27,2023
689637,131,150,2023-07-27,2023
727089,58,3948,2023-07-27,2023
805908,1421,3911,2023-07-27,2023
57895,2740,63007,2023-07-26,2023
68863,583,141,2023-07-26,2023
93763,44,89,2023-07-26,2023
107544,465,1519,2023-07-26,2023
153678,3,152,2023-07-26,2023
181382,252,738,2023-07-26,2023
205809,8970,6646,2023-07-26,2023
262939,1050,331,2023-07-26,2023
282734,338,2381,2023-07-26,2023
323167,5,1050,2023-07-26,2023
342065,2293,2381,2023-07-26,2023
355370,7775,6912,2023-07-26,2023
380350,430,1237,2023-07-26,2023
409344,417,234,2023-07-26,2023
470831,338,10690,2023-07-26,2023
524937,472,415,2023-07-26,2023
577590,3329,44006,2023-07-26,2023
631904,82,1269,2023-07-26,2023
646896,2410,3719,2023-07-26,2023
726019,338,10690,2023-07-26,2023
838384,338,10690,2023-07-26,2023
28140,2381,2832,2023-07-25,2023
55524,11688,868,2023-07-25,2023
81512,1010,410,2023-07-25,2023
88706,1005,8970,2023-07-25,2023
195778,27,79,2023-07-25,2023
204176,141,152,2023-07-25,2023
206040,543,931,2023-07-25,2023
216569,800,417,2023-07-25,2023
238407,23826,1050,2023-07-25,2023
334477,41231,964,2023-07-25,2023
347594,5358,2727,2023-07-25,2023
357917,338,58,2023-07-25,2023
421636,2414,6992,2023-07-25,2023
440135,964,41231,2023-07-25,2023
448783,18105,6992,2023-07-25,2023
495621,418,1108,2023-07-25,2023
568005,1237,984,2023-07-25,2023
583189,985,703,2023-07-25,2023
591880,234,798,2023-07-25,2023
644613,15,385,2023-07-25,2023
669310,660,3592,2023-07-25,2023
99922,449,150,2023-07-24,2023
106987,27,16,2023-07-24,2023
145988,873,141,2023-07-24,2023
174094,405,417,2023-07-24,2023
263380,36,533,2023-07-24,2023
282700,3368,1244,2023-07-24,2023
319674,924,10484,2023-07-24,2023
380913,512,924,2023-07-24,2023
392570,6574,1047,2023-07-24,2023
410225,1010,244,2023-07-24,2023
410436,1132,678,2023-07-24,2023
421873,6195,749,2023-07-24,2023
479643,3329,1090,2023-07-24,2023
645589,1063,190,2023-07-24,2023
157507,276,416,2023-07-23,2023
173589,3060,24245,2023-07-23,2023
355861,1050,29,2023-07-23,2023
394328,1421,1465,2023-07-23,2023
398065,1003,762,2023-07-23,2023
576121,281,1421,2023-07-23,2023
78339,167,868,2023-07-22,2023
111433,4171,6646,2023-07-22,2023
126540,131,1082,2023-07-22,2023
236490,416,703,2023-07-22,2023
341278,1050,12321,2023-07-22,2023
362842,506,430,2023-07-22,2023
395516,15,405,2023-07-22,2023
429987,294,1090,2023-07-22,2023
453376,157,1421,2023-07-22,2023
623560,371,1071,2023-07-22,2023
656681,3948,15,2023-07-22,2023
695454,543,512,2023-07-22,2023
911644,18105,61825,2023-07-22,2023
58864,631,244,2023-07-21,2023
88909,430,276,2023-07-21,2023
91315,370,2553,2023-07-21,2023
99227,6646,2239,2023-07-21,2023
129078,114,1132,2023-07-21,2023
212832,36,6890,2023-07-21,2023
214056,1003,114,2023-07-21,2023
227039,468,1269,2023-07-21,2023
241076,3522,749,2023-07-21,2023
275935,449,3840,2023-07-21,2023
289432,3329,618,2023-07-21,2023
354741,150,605,2023-07-21,2023
361074,1090,723,2023-07-21,2023
395083,1421,3840,2023-07-21,2023
396532,338,18303,2023-07-21,2023
405686,1237,1421,2023-07-21,2023
419828,1283,443,2023-07-21,2023
485583,543,512,2023-07-21,2023
545331,141,467,2023-07-21,2023
649452,281,1031,2023-07-21,2023
649490,1245,2727,2023-07-21,2023
656441,826,114,2023-07-21,2023
742201,13,1108,2023-07-21,2023
807689,595,415,2023-07-21,2023
837329,417,347,2023-07-21,2023
962090,49364,53646,2023-07-21,2023
39333,6890,7160,2023-07-20,2023
76274,2919,607,2023-07-20,2023
95152,114,3209,2023-07-20,2023
103444,683,30120,2023-07-20,2023
171679,13,543,2023-07-20,2023
234509,46,985,2023-07-20,2023
324882,405,1031,2023-07-20,2023
357158,336,3008,2023-07-20,2023
395522,1162,6912,2023-07-20,2023
396428,60949,6912,2023-07-20,2023
403569,124,2553,2023-07-20,2023
410158,410,36,2023-07-20,2023
531065,3948,1025,2023-07-20,2023
532574,932,3719,2023-07-20,2023
591190,855,1158,2023-07-20,2023
613393,46,1390,2023-07-20,2023
649023,1416,1158,2023-07-20,2023
655895,244,36,2023-07-20,2023
673514,1041,1095,2023-07-20,2023
711625,368,3709,2023-07-20,2023
730861,1090,989,2023-07-20,2023
741238,631,677,2023-07-20,2023
799899,1053,190,2023-07-20,2023
821535,18105,61825,2023-07-20,2023
46062,2671,30120,2023-07-19,2023
48805,5817,5724,2023-07-19,2023
66100,12321,131,2023-07-19,2023
91970,506,46,2023-07-19,2023
127142,1082,3911,2023-07-19,2023
157495,281,1158,2023-07-19,2023
221916,1177,5817,2023-07-19,2023
277135,553,3385,2023-07-19,2023
295059,2423,2727,2023-07-19,2023
353948,44,89,2023-07-19,2023
460939,1090,5,2023-07-19,2023
566931,583,23826,2023-07-19,2023
717585,3719,2424,2023-07-19,2023
809569,18303,61825,2023-07-19,2023
830079,6992,18303,2023-07-19,2023
33829,1082,1075,2023-07-18,2023
42412,1003,985,2023-07-18,2023
127188,415,58,2023-07-18,2023
137326,58,1184,2023-07-18,2023
174488,1038,6418,2023-07-18,2023
187211,2423,3325,2023-07-18,2023
187245,499,385,2023-07-18,2023
191217,336,150,2023-07-18,2023
267160,826,589,2023-07-18,2023
284595,1038,1390,2023-07-18,2023
292818,1082,940,2023-07-18,2023
322073,1435,200,2023-07-18,2023
325200,468,3008,2023-07-18,2023
327757,44,6890,2023-07-18,2023
346849,38,105,2023-07-18,2023
400131,3948,237,2023-07-18,2023
400536,206,1003,2023-07-18,2023
418571,2921,1005,2023-07-18,2023
503482,6195,27,2023-07-18,2023
515624,167,1268,2023-07-18,2023
524031,820,18303,2023-07-18,2023
529223,724,1435,2023-07-18,2023
566931,383,583,2023-07-18,2023
586855,1465,385,2023-07-18,2023
595940,1090,1269,2023-07-18,2023
617267,294,3329,2023-07-18,2023
652996,415,499,2023-07-18,2023
653415,410,2424,2023-07-18,2023
720038,131,12321,2023-07-18,2023
787912,583,23826,2023-07-18,2023
33873,29,1039,2023-07-17,2023
88721,306,235,2023-07-17,2023
181783,1301,10484,2023-07-17,2023
182201,36,1091,2023-07-17,2023
227199,63007,61825,2023-07-17,2023
276337,449,2381,2023-07-17,2023
311044,2687,367,2023-07-17,2023
336869,399,150,2023-07-17,2023
340339,1049,1244,2023-07-17,2023
462738,7179,2832,2023-07-17,2023
482769,265,60949,2023-07-17,2023
489611,506,749,2023-07-17,2023
554251,1095,350,2023-07-17,2023
624942,398,366,2023-07-17,2023
652275,190,1082,2023-07-17,2023
662242,750,738,2023-07-17,2023
693352,1416,10484,2023-07-17,2023
36139,610,36,2023-07-16,2023
260838,2414,1894,2023-07-16,2023
422287,47,2671,2023-07-16,2023
535740,1390,2921,2023-07-16,2023
12907,2919,6574,2023-07-15,2023
193303,1075,3209,2023-07-15,2023
251896,418,16795,2023-07-15,2023
319160,3709,1390,2023-07-15,2023
357662,379,11,2023-07-15,2023
431706,1186,49702,2023-07-15,2023
465606,1148,141,2023-07-15,2023
692563,28095,49702,2023-07-15,2023
787618,46,2919,2023-07-15,2023
962555,2282,667,2023-07-15,2023
29391,1123,43,2023-07-14,2023
144304,60949,30120,2023-07-14,2023
158946,2381,589,2023-07-14,2023
166581,48332,60551,2023-07-14,2023
206386,932,265,2023-07-14,2023
240219,430,1005,2023-07-14,2023
283233,430,206,2023-07-14,2023
330876,126,1467,2023-07-14,2023
368887,826,23826,2023-07-14,2023
369684,399,12,2023-07-14,2023
378293,281,12321,2023-07-14,2023
405687,23826,39,2023-07-14,2023
420243,610,11,2023-07-14,2023
448177,44,24,2023-07-14,2023
476352,13,244,2023-07-14,2023
505675,150,467,2023-07-14,2023
547985,749,430,2023-07-14,2023
550116,1005,8970,2023-07-14,2023
555076,989,1158,2023-07-14,2023
606752,33,1075,2023-07-14,2023
640109,46,3911,2023-07-14,2023
854325,1110,410,2023-07-14,2023
14086,405,29,2023-07-13,2023
81649,18303,63007,2023-07-13,2023
176249,3062,3999,2023-07-13,2023
216489,553,30120,2023-07-13,2023
297645,6574,8970,2023-07-13,2023
315779,631,5,2023-07-13,2023
364370,475,354,2023-07-13,2023
395069,49364,61825,2023-07-13,2023
416386,6574,8970,2023-07-13,2023
420808,1003,677,2023-07-13,2023
426008,85465,86209,2023-07-13,2023
426011,85465,86209,2023-07-13,2023
441515,8970,6574,2023-07-13,2023
448471,2414,369,2023-07-13,2023
518505,89,79,2023-07-13,2023
541231,31,39,2023-07-13,2023
543666,6574,8970,2023-07-13,2023
546712,206,350,2023-07-13,2023
555076,1041,989,2023-07-13,2023
603149,2423,1083,2023-07-13,2023
640395,169,30120,2023-07-13,2023
743591,1095,12321,2023-07-13,2023
56100,1039,124,2023-07-12,2023
124422,2381,7160,2023-07-12,2023
204201,141,3209,2023-07-12,2023
277179,23826,141,2023-07-12,2023
279570,964,738,2023-07-12,2023
280701,2687,232,2023-07-12,2023
288340,105,167,2023-07-12,2023
320748,121,36,2023-07-12,2023
369093,83678,61825,2023-07-12,2023
399776,1050,405,2023-07-12,2023
441986,678,46,2023-07-12,2023
452084,6890,7160,2023-07-12,2023
464529,653,924,2023-07-12,2023
493702,417,6574,2023-07-12,2023
535551,82,1245,2023-07-12,2023
575594,3948,157,2023-07-12,2023
587588,642,468,2023-07-12,2023
623095,2282,601,2023-07-12,2023
65467,1050,683,2023-07-11,2023
94199,44,868,2023-07-11,2023
186848,2424,7775,2023-07-11,2023
215099,15,472,2023-07-11,2023
223053,16795,683,2023-07-11,2023
229006,3911,18,2023-07-11,2023
248271,7160,36,2023-07-11,2023
250464,1063,132,2023-07-11,2023
262300,2288,180,2023-07-11,2023
291399,720,152,2023-07-11,2023
297583,60,79,2023-07-11,2023
307053,83678,61825,2023-07-11,2023
327402,11282,868,2023-07-11,2023
331498,237,276,2023-07-11,2023
345437,180,1467,2023-07-11,2023
352721,820,2832,2023-07-11,2023
354340,89,152,2023-07-11,2023
361207,610,798,2023-07-11,2023
396638,660,148,2023-07-11,2023
401736,2457,7179,2023-07-11,2023
454576,234,2503,2023-07-11,2023
503625,5818,1894,2023-07-11,2023
543311,1053,1063,2023-07-11,2023
787232,631,89,2023-07-11,2023
63489,80,653,2023-07-10,2023
224884,631,1091,2023-07-10,2023
226450,1053,865,2023-07-10,2023
245048,2740,60551,2023-07-10,2023
248938,18303,60551,2023-07-10,2023
250844,667,36,2023-07-10,2023
257937,2441,10690,2023-07-10,2023
288857,49364,39097,2023-07-10,2023
290615,2861,723,2023-07-10,2023
293168,410,449,2023-07-10,2023
304338,3062,3999,2023-07-10,2023
353037,2410,232,2023-07-10,2023
368629,1031,1519,2023-07-10,2023
391498,276,868,2023-07-10,2023
402604,121,1186,2023-07-10,2023
416472,3999,30120,2023-07-10,2023
539134,5,749,2023-07-10,2023
564305,416,800,2023-07-10,2023
593774,1455,1269,2023-07-10,2023
593862,1269,234,2023-07-10,2023
595238,234,798,2023-07-10,2023
257937,10690,2441,2023-07-09,2023
281963,27,583,2023-07-09,2023
340310,641,152,2023-07-09,2023
393323,399,89,2023-07-09,2023
465967,681,1108,2023-07-09,2023
624920,969,53646,2023-07-09,2023
242854,6992,55686,2023-07-08,2023
309393,252,1269,2023-07-08,2023
328480,3368,1049,2023-07-08,2023
338672,46,3057,2023-07-08,2023
339332,2282,383,2023-07-08,2023
502247,2727,58,2023-07-08,2023
557149,237,583,2023-07-08,2023
571189,6992,39097,2023-07-08,2023
618898,7160,3209,2023-07-08,2023
12282,27,12321,2023-07-07,2023
42942,2441,3209,2023-07-07,2023
137648,1091,865,2023-07-07,2023
182581,714,265,2023-07-07,2023
197471,46,2919,2023-07-07,2023
218144,987,465,2023-07-07,2023
243225,3522,60949,2023-07-07,2023
248934,60551,48332,2023-07-07,2023
262489,543,3057,2023-07-07,2023
269878,39,2778,2023-07-07,2023
282169,202,607,2023-07-07,2023
283196,417,58,2023-07-07,2023
299400,7378,2431,2023-07-07,2023
314137,1184,8024,2023-07-07,2023
337198,83678,6992,2023-07-07,2023
338637,4171,354,2023-07-07,2023
358042,28643,41274,2023-07-07,2023
360520,132,1269,2023-07-07,2023
361065,15,800,2023-07-07,2023
396411,18105,10690,2023-07-07,2023
409153,3948,1421,2023-07-07,2023
457422,46,6574,2023-07-07,2023
459128,5,8970,2023-07-07,2023
476701,336,583,2023-07-07,2023
490760,5817,3268,2023-07-07,2023
524964,897,6912,2023-07-07,2023
581405,49364,10690,2023-07-07,2023
598399,2715,152,2023-07-07,2023
627207,167,383,2023-07-07,2023
631404,1075,2995,2023-07-07,2023
633992,1158,273,2023-07-07,2023
743523,130,290,2023-07-07,2023
57500,631,13,2023-07-06,2023
91931,338,53646,2023-07-06,2023
94005,244,800,2023-07-06,2023
111455,11,15,2023-07-06,2023
116088,33,533,2023-07-06,2023
187718,2282,1041,2023-07-06,2023
204069,46,583,2023-07-06,2023
216579,10690,85465,2023-07-06,2023
243744,133,924,2023-07-06,2023
246968,1003,150,2023-07-06,2023
295624,202,3385,2023-07-06,2023
296622,418,583,2023-07-06,2023
317806,2239,124,2023-07-06,2023
321146,49364,85465,2023-07-06,2023
328784,399,24,2023-07-06,2023
371245,1075,11127,2023-07-06,2023
375659,61825,63007,2023-07-06,2023
394300,6574,46,2023-07-06,2023
401624,150,3302,2023-07-06,2023
484888,750,618,2023-07-06,2023
486043,41274,1435,2023-07-06,2023
596884,16795,2420,2023-07-06,2023
649035,2282,172,2023-07-06,2023
677820,855,995,2023-07-06,2023
678783,83678,85465,2023-07-06,2023
727147,114,6646,2023-07-06,2023
769063,398,5,2023-07-06,2023
861410,36,418,2023-07-06,2023
875447,2423,11127,2023-07-06,2023
7161,18,15,2023-07-05,2023
32113,416,2919,2023-07-05,2023
45320,506,294,2023-07-05,2023
48634,589,1124,2023-07-05,2023
82503,331,367,2023-07-05,2023
91945,10484,11282,2023-07-05,2023
158863,621,131,2023-07-05,2023
177031,3205,2381,2023-07-05,2023
193256,1095,273,2023-07-05,2023
284883,2424,720,2023-07-05,2023
288225,995,273,2023-07-05,2023
290587,3,24,2023-07-05,2023
307052,10,167,2023-07-05,2023
312773,2921,252,2023-07-05,2023
320141,1003,13,2023-07-05,2023
321860,1053,1894,2023-07-05,2023
341424,660,605,2023-07-05,2023
346483,631,985,2023-07-05,2023
388160,1421,105,2023-07-05,2023
404845,83678,63007,2023-07-05,2023
422466,1244,2687,2023-07-05,2023
445517,3329,1465,2023-07-05,2023
465868,4603,3385,2023-07-05,2023
496652,1519,903,2023-07-05,2023
502298,2282,968,2023-07-05,2023
555194,47,3385,2023-07-05,2023
576033,273,1095,2023-07-05,2023
604073,2698,3729,2023-07-05,2023
607720,3,65,2023-07-05,2023
616344,336,82,2023-07-05,2023
620295,86,724,2023-07-05,2023
671829,232,49702,2023-07-05,2023
804661,2715,347,2023-07-05,2023
816580,1465,1082,2023-07-05,2023
855134,750,1041,2023-07-05,2023
987700,16704,3729,2023-07-05,2023
75413,553,30120,2023-07-04,2023
192875,1010,1091,2023-07-04,2023
263860,1108,8024,2023-07-04,2023
294534,10,678,2023-07-04,2023
314944,2503,2420,2023-07-04,2023
320953,83678,61825,2023-07-04,2023
324803,2420,11282,2023-07-04,2023
334495,41274,132,2023-07-04,2023
346499,1123,35,2023-07-04,2023
351843,1095,738,2023-07-04,2023
400797,22110,1177,2023-07-04,2023
469050,543,1148,2023-07-04,2023
522714,2420,11282,2023-07-04,2023
548716,750,3524,2023-07-04,2023
568698,41274,738,2023-07-04,2023
570597,1184,192,2023-07-04,2023
616628,800,2919,2023-07-04,2023
669000,1041,3524,2023-07-04,2023
725356,18303,48332,2023-07-04,2023
745233,449,1467,2023-07-04,2023
49016,6992,26459,2023-07-03,2023
125769,605,202,2023-07-03,2023
178335,932,49702,2023-07-03,2023
185817,403,1304,2023-07-03,2023
193592,58,865,2023-07-03,2023
212229,7160,3209,2023-07-03,2023
213980,83678,53646,2023-07-03,2023
224164,85465,39097,2023-07-03,2023
244262,18303,60551,2023-07-03,2023
251878,39,252,2023-07-03,2023
343492,18303,3592,2023-07-03,2023
397033,5,762,2023-07-03,2023
399780,3709,1244,2023-07-03,2023
403564,1123,511,2023-07-03,2023
406640,82,16,2023-07-03,2023
433984,1090,1025,2023-07-03,2023
439465,142,3268,2023-07-03,2023
448628,940,13,2023-07-03,2023
471055,33,2036,2023-07-03,2023
479589,1416,40,2023-07-03,2023
562030,1025,443,2023-07-03,2023
565093,58,1237,2023-07-03,2023
577394,1025,1090,2023-07-03,2023
618809,13,940,2023-07-03,2023
654049,36,820,2023-07-03,2023
932259,605,2441,2023-07-03,2023
104700,1186,49702,2023-07-02,2023
242272,3592,63007,2023-07-02,2023
307924,36,167,2023-07-02,2023
316934,121,1025,2023-07-02,2023
388519,897,605,2023-07-02,2023
433388,79,105,2023-07-02,2023
440135,49702,964,2023-07-02,2023
451276,23826,31,2023-07-02,2023
503858,234,1455,2023-07-02,2023
517081,85465,39097,2023-07-02,2023
852953,234,1455,2023-07-02,2023
1012534,762,234,2023-07-02,2023
3333,31,1237,2023-07-01,2023
12907,1390,2919,2023-07-01,2023
19619,18105,39097,2023-07-01,2023
25488,1038,380,2023-07-01,2023
28396,46,36,2023-07-01,2023
51471,631,281,2023-07-01,2023
53622,281,131,2023-07-01,2023
55356,16704,1083,2023-07-01,2023
56836,468,235,2023-07-01,2023
58402,49364,63007,2023-07-01,2023
59597,232,2698,2023-07-01,2023
59791,475,110302,2023-07-01,2023
62514,2698,1124,2023-07-01,2023
68864,244,252,2023-07-01,2023
81999,714,418,2023-07-01,2023
84765,1038,749,2023-07-01,2023
86097,1124,1083,2023-07-01,2023
94137,89,1245,2023-07-01,2023
94307,1038,265,2023-07-01,2023
95950,1071,370,2023-07-01,2023
99353,681,3709,2023-07-01,2023
104597,1038,467,2023-07-01,2023
107219,35,3,2023-07-01,2023
108725,762,703,2023-07-01,2023
110688,60551,18303,2023-07-01,2023
111275,383,24,2023-07-01,2023
119031,6574,141,2023-07-01,2023
119150,180,449,2023-07-01,2023
119574,465,511,2023-07-01,2023
122797,417,995,2023-07-01,2023
125714,60,1148,2023-07-01,2023
125781,131,13,2023-07-01,2023
126751,237,621,2023-07-01,2023
127189,13,244,2023-07-01,2023
128899,873,124,2023-07-01,2023
128901,543,1003,2023-07-01,2023
129585,2861,54189,2023-07-01,2023
129586,172,1184,2023-07-01,2023
131075,398,46,2023-07-01,2023
131161,190,265,2023-07-01,2023
131275,2687,3709,2023-07-01,2023
131326,2293,605,2023-07-01,2023
131658,979,2423,2023-07-01,2023
132207,370,2553,2023-07-01,2023
136537,660,6992,2023-07-01,2023
139396,36,1075,2023-07-01,2023
142031,1531,237,2023-07-01,2023
142924,157,475,2023-07-01,2023
146258,202,1304,2023-07-01,2023
146752,276,2919,2023-07-01,2023
148215,1241,370,2023-07-01,2023
154147,269,35,2023-07-01,2023
155964,18303,48332,2023-07-01,2023
157543,265,449,2023-07-01,2023
157912,22110,1894,2023-07-01,2023
159894,987,202,2023-07-01,2023
160971,127,23826,2023-07-01,2023
164729,2671,3060,2023-07-01,2023
165007,940,1050,2023-07-01,2023
170986,16,27,2023-07-01,2023
173192,903,1241,2023-07-01,2023
175188,3327,979,2023-07-01,2023
177475,60949,2671,2023-07-01,2023
181380,379,114,2023-07-01,2023
182682,553,605,2023-07-01,2023
183383,1096,157,2023-07-01,2023
186581,2760,1519,2023-07-01,2023
186988,89,167,2023-07-01,2023
187024,16704,1083,2023-07-01,2023
187809,235,200,2023-07-01,2023
189650,723,1455,2023-07-01,2023
190188,3719,1124,2023-07-01,2023
191422,16,1237,2023-07-01,2023
191891,244,506,2023-07-01,2023
193082,294,15,2023-07-01,2023
195488,931,12321,2023-07-01,2023
195736,610,533,2023-07-01,2023
196095,82,3,2023-07-01,2023
196792,294,18,2023-07-01,2023
196829,58,234,2023-07-01,2023
197473,130,749,2023-07-01,2023
197751,1390,1047,2023-07-01,2023
199258,6195,2919,2023-07-01,2023
199369,5358,472,2023-07-01,2023
199976,800,5,2023-07-01,2023
200188,607,252,2023-07-01,2023
202886,631,5,2023-07-01,2023
203938,415,610,2023-07-01,2023
204047,499,80,2023-07-01,2023
204189,141,152,2023-07-01,2023
205128,467,200,2023-07-01,2023
207623,4795,127,2023-07-01,2023
207877,800,244,2023-07-01,2023
208167,38,86,2023-07-01,2023
208690,1032,252,2023-07-01,2023
210178,11,2919,2023-07-01,2023
211251,366,2687,2023-07-01,2023
212430,6418,6676,2023-07-01,2023
213865,338,48332,2023-07-01,2023
214073,1519,2778,2023-07-01,2023
215551,642,202,2023-07-01,2023
221321,366,449,2023-07-01,2023
223967,23826,27,2023-07-01,2023
223974,533,1025,2023-07-01,2023
225151,7179,4294,2023-07-01,2023
226025,2919,8970,2023-07-01,2023
232418,3,276,2023-07-01,2023
235108,1268,385,2023-07-01,2023
236537,720,3268,2023-07-01,2023
237125,11282,16795,2023-07-01,2023
237244,1304,202,2023-07-01,2023
238856,553,60949,2023-07-01,2023
241501,415,826,2023-07-01,2023
242063,317,82,2023-07-01,2023
245021,48332,53646,2023-07-01,2023
245078,244,416,2023-07-01,2023
247652,366,16795,2023-07-01,2023
249126,148,1003,2023-07-01,2023
249565,1003,405,2023-07-01,2023
250013,39,826,2023-07-01,2023
250450,403,5724,2023-07-01,2023
251299,39,167,2023-07-01,2023
251345,11688,7775,2023-07-01,2023
256429,366,2687,2023-07-01,2023
257324,173,2778,2023-07-01,2023
257468,3719,60949,2023-07-01,2023
257980,499,235,2023-07-01,2023
257988,403,173,2023-07-01,2023
258362,385,133,2023-07-01,2023
258475,3302,1108,2023-07-01,2023
258916,1123,124,2023-07-01,2023
262980,989,873,2023-07-01,2023
263267,11688,868,2023-07-01,2023
265088,6574,506,2023-07-01,2023
265513,465,2759,2023-07-01,2023
266795,398,2687,2023-07-01,2023
268273,60551,605,2023-07-01,2023
270055,6912,11127,2023-07-01,2023
270541,273,79,2023-07-01,2023
273455,4294,54189,2023-07-01,2023
274461,16,80,2023-07-01,2023
278531,6195,749,2023-07-01,2023
279457,124,36,2023-07-01,2023
281492,1177,1894,2023-07-01,2023
282144,82,1005,2023-07-01,2023
282388,276,6195,2023-07-01,2023
282421,1533,472,2023-07-01,2023
282660,44,79,2023-07-01,2023
282810,12,940,2023-07-01,2023
284010,10,18,2023-07-01,2023
284732,18,16,2023-07-01,2023
284769,79,60,2023-07-01,2023
286047,749,148,2023-07-01,2023
288449,200,468,2023-07-01,2023
294057,1003,148,2023-07-01,2023
295414,2424,1075,2023-07-01,2023
296227,467,4,2023-07-01,2023
297070,273,681,2023-07-01,2023
297693,235,468,2023-07-01,2023
300532,1083,1005,2023-07-01,2023
302215,31,86,2023-07-01,2023
303219,1038,3,2023-07-01,2023
307800,23,354,2023-07-01,2023
308541,3725,49702,2023-07-01,2023
308552,33,190,2023-07-01,2023
309400,631,11,2023-07-01,2023
314886,3349,3268,2023-07-01,2023
315233,133,467,2023-07-01,2023
315236,26459,63007,2023-07-01,2023
315865,46,6574,2023-07-01,2023
318426,932,41231,2023-07-01,2023
318528,18,46,2023-07-01,2023
320271,1049,237,2023-07-01,2023
322873,1467,36,2023-07-01,2023
323713,1096,54189,2023-07-01,2023
324278,533,23826,2023-07-01,2023
324351,276,683,2023-07-01,2023
324352,605,60949,2023-07-01,2023
324377,430,1005,2023-07-01,2023
324795,618,3911,2023-07-01,2023
324861,127,533,2023-07-01,2023
325179,1177,865,2023-07-01,2023
325386,49364,26459,2023-07-01,2023
326329,467,1435,2023-07-01,2023
326590,2451,2759,2023-07-01,2023
330659,12,989,2023-07-01,2023
332179,800,2919,2023-07-01,2023
334042,940,2441,2023-07-01,2023
334213,35,80,2023-07-01,2023
334441,14589,11127,2023-07-01,2023
334481,11127,14589,2023-07-01,2023
335225,1050,237,2023-07-01,2023
337092,82,2036,2023-07-01,2023
337333,232,89,2023-07-01,2023
338226,11688,868,2023-07-01,2023
339707,410,8024,2023-07-01,2023
340343,2715,172,2023-07-01,2023
340521,10,41,2023-07-01,2023
341264,367,418,2023-07-01,2023
341713,3709,1244,2023-07-01,2023
343463,2282,366,2023-07-01,2023
344381,23826,631,2023-07-01,2023
345105,589,44006,2023-07-01,2023
345458,1390,749,2023-07-01,2023
349433,4,105,2023-07-01,2023
353032,44,3709,2023-07-01,2023
357156,720,89,2023-07-01,2023
357186,441,60949,2023-07-01,2023
357992,1390,416,2023-07-01,2023
358956,49364,26459,2023-07-01,2023
361070,1283,200,2023-07-01,2023
364135,29,506,2023-07-01,2023
364603,1244,331,2023-07-01,2023
364857,2420,969,2023-07-01,2023
365195,49364,26459,2023-07-01,2023
365540,660,48332,2023-07-01,2023
369267,232,3524,2023-07-01,2023
370399,338,53646,2023-07-01,2023
370846,1082,506,2023-07-01,2023
371013,276,385,2023-07-01,2023
371149,24,12,2023-07-01,2023
372711,33,244,2023-07-01,2023
372808,14589,49702,2023-07-01,2023
378174,3349,6912,2023-07-01,2023
380598,367,1050,2023-07-01,2023
381206,6676,653,2023-07-01,2023
382423,553,6676,2023-07-01,2023
383807,2457,2431,2023-07-01,2023
386914,800,124,2023-07-01,2023
387234,430,3522,2023-07-01,2023
387579,2760,511,2023-07-01,2023
387928,1091,660,2023-07-01,2023
388516,23826,252,2023-07-01,2023
390177,749,6574,2023-07-01,2023
391065,6574,989,2023-07-01,2023
391719,1010,410,2023-07-01,2023
391742,105,167,2023-07-01,2023
391907,14589,16704,2023-07-01,2023
393864,41231,932,2023-07-01,2023
395693,1041,12,2023-07-01,2023
395729,2760,2759,2023-07-01,2023
396847,403,3948,2023-07-01,2023
399258,903,2553,2023-07-01,2023
401320,984,1132,2023-07-01,2023
403898,18,1132,2023-07-01,2023
405674,79,605,2023-07-01,2023
405885,6574,6195,2023-07-01,2023
406609,33,200,2023-07-01,2023
412669,131,336,2023-07-01,2023
412941,1269,234,2023-07-01,2023
412959,234,200,2023-07-01,2023
413118,855,1075,2023-07-01,2023
416660,317,234,2023-07-01,2023
418652,2715,653,2023-07-01,2023
423752,2451,2553,2023-07-01,2023
424784,244,3302,2023-07-01,2023
428502,1268,132,2023-07-01,2023
429874,16,24,2023-07-01,2023
431755,506,148,2023-07-01,2023
432682,49702,467,2023-07-01,2023
433329,677,2553,2023-07-01,2023
444208,2288,1132,2023-07-01,2023
445939,82,24,2023-07-01,2023
447801,35,1304,2023-07-01,2023
449084,49364,6992,2023-07-01,2023
449796,367,331,2023-07-01,2023
452584,28643,9010,2023-07-01,2023
454567,234,294,2023-07-01,2023
456182,3729,3719,2023-07-01,2023
459988,2921,8970,2023-07-01,2023
460245,1158,82,2023-07-01,2023
461895,589,44006,2023-07-01,2023
462348,141,995,2023-07-01,2023
463845,6992,48332,2023-07-01,2023
470794,276,416,2023-07-01,2023
473050,60,1148,2023-07-01,2023
478365,1075,3329,2023-07-01,2023
481627,294,3325,2023-07-01,2023
482102,206,1177,2023-07-01,2023
486043,467,41274,2023-07-01,2023
487834,46,380,2023-07-01,2023
490417,347,1420,2023-07-01,2023
495601,714,1075,2023-07-01,2023
501418,714,368,2023-07-01,2023
502288,192,1304,2023-07-01,2023
502893,47,3060,2023-07-01,2023
503679,31,370,2023-07-01,2023
503883,2282,1096,2023-07-01,2023
504503,3325,2420,2023-07-01,2023
508639,610,317,2023-07-01,2023
509837,83678,63007,2023-07-01,2023
515017,2778,3,2023-07-01,2023
515056,232,14589,2023-07-01,2023
515506,3719,1124,2023-07-01,2023
517894,13,543,2023-07-01,2023
522030,2698,932,2023-07-01,2023
524010,621,410,2023-07-01,2023
524687,235,468,2023-07-01,2023
524925,681,200,2023-07-01,2023
528451,4795,678,2023-07-01,2023
533318,18105,63007,2023-07-01,2023
534033,1237,31,2023-07-01,2023
536081,3329,979,2023-07-01,2023
536477,162,798,2023-07-01,2023
536482,583,24,2023-07-01,2023
538874,1158,417,2023-07-01,2023
539232,1162,667,2023-07-01,2023
539738,61825,60551,2023-07-01,2023
541134,467,200,2023-07-01,2023
543771,749,46,2023-07-01,2023
545332,190,89,2023-07-01,2023
546926,1435,607,2023-07-01,2023
550106,276,398,2023-07-01,2023
551505,2727,969,2023-07-01,2023
553062,2424,1075,2023-07-01,2023
553875,336,148,2023-07-01,2023
559263,31,23826,2023-07-01,2023
559324,610,317,2023-07-01,2023
559327,610,467,2023-07-01,2023
561217,8024,172,2023-07-01,2023
565428,3057,2727,2023-07-01,2023
568559,506,252,2023-07-01,2023
569845,520,3948,2023-07-01,2023
572879,2671,2441,2023-07-01,2023
573907,6912,4294,2023-07-01,2023
575693,467,415,2023-07-01,2023
580193,27,42,2023-07-01,2023
581678,16,418,2023-07-01,2023
582078,989,2553,2023-07-01,2023
582131,317,235,2023-07-01,2023
591193,29,618,2023-07-01,2023
593415,306,173,2023-07-01,2023
598791,601,157,2023-07-01,2023
601852,16704,41231,2023-07-01,2023
612130,1894,1177,2023-07-01,2023
615350,1041,1049,2023-07-01,2023
617019,416,132,2023-07-01,2023
617679,1075,2424,2023-07-01,2023
623040,252,276,2023-07-01,2023
626724,1010,1237,2023-07-01,2023
626913,1050,380,2023-07-01,2023
633530,989,410,2023-07-01,2023
634666,465,2759,2023-07-01,2023
645682,16704,1124,2023-07-01,2023
645774,86,2036,2023-07-01,2023
646108,5818,173,2023-07-01,2023
649020,347,543,2023-07-01,2023
649301,28095,75231,2023-07-01,2023
650993,12,6574,2023-07-01,2023
651735,1083,678,2023-07-01,2023
652803,1096,54189,2023-07-01,2023
657155,3349,2423,2023-07-01,2023
657386,1075,3325,2023-07-01,2023
657957,173,1435,2023-07-01,2023
661171,1096,24,2023-07-01,2023
669531,683,60949,2023-07-01,2023
678778,83678,60551,2023-07-01,2023
686845,985,200,2023-07-01,2023
690429,60,65,2023-07-01,2023
701325,3349,2503,2023-07-01,2023
709726,1421,583,2023-07-01,2023
724104,86,18,2023-07-01,2023
730581,273,368,2023-07-01,2023
746397,18105,39097,2023-07-01,2023
746891,12,6574,2023-07-01,2023
749552,3508,1184,2023-07-01,2023
776798,1237,124,2023-07-01,2023
776890,1050,631,2023-07-01,2023
783396,12321,1050,2023-07-01,2023
787907,12,610,2023-07-01,2023
791528,7179,2420,2023-07-01,2023
798043,16,269,2023-07-01,2023
800177,2423,7378,2023-07-01,2023
811544,41231,964,2023-07-01,2023
826296,825,7775,2023-07-01,2023
842718,1063,7378,2023-07-01,2023
852953,41274,234,2023-07-01,2023
865682,132,2727,2023-07-01,2023
866328,1269,317,2023-07-01,2023
892054,18303,53646,2023-07-01,2023
901019,1159,826,2023-07-01,2023
911400,28095,75231,2023-07-01,2023
916954,7179,7378,2023-07-01,2023
920218,1420,3524,2023-07-01,2023
980576,1420,1421,2023-07-01,2023
982267,276,1390,2023-07-01,2023
1004834,1416,1096,2023-07-01,2023
1012534,173,762,2023-07-01,2023
1109816,6676,61825,2023-07-01,2023
12907,2919,1390,2023-06-30,2023
25488,380,1038,2023-06-30,2023
32113,2919,416,2023-06-30,2023
59631,968,6890,2023-06-30,2023
65467,3368,1050,2023-06-30,2023
67082,472,13,2023-06-30,2023
68863,141,583,2023-06-30,2023
68864,252,244,2023-06-30,2023
79110,10484,449,2023-06-30,2023
79422,703,583,2023-06-30,2023
84765,749,1038,2023-06-30,2023
91849,533,368,2023-06-30,2023
93763,33,44,2023-06-30,2023
96341,46,631,2023-06-30,2023
99353,3709,681,2023-06-30,2023
102226,383,16,2023-06-30,2023
106987,985,27,2023-06-30,2023
108725,703,762,2023-06-30,2023
110036,80,89,2023-06-30,2023
110688,18303,60551,2023-06-30,2023
111275,24,383,2023-06-30,2023
112988,931,11,2023-06-30,2023
113025,982,2425,2023-06-30,2023
114422,10484,2832,2023-06-30,2023
115763,1038,276,2023-06-30,2023
119031,141,6574,2023-06-30,2023
122797,995,417,2023-06-30,2023
125781,13,131,2023-06-30,2023
126540,1005,131,2023-06-30,2023
126710,931,583,2023-06-30,2023
127108,367,1108,2023-06-30,2023
128899,985,873,2023-06-30,2023
128901,29,543,2023-06-30,2023
129513,114,2832,2023-06-30,2023
130360,276,416,2023-06-30,2023
131075,46,398,2023-06-30,2023
136610,10484,2832,2023-06-30,2023
138736,7160,141,2023-06-30,2023
139396,1075,36,2023-06-30,2023
143891,86,82,2023-06-30,2023
144143,6195,1038,2023-06-30,2023
144303,449,2832,2023-06-30,2023
146752,2919,276,2023-06-30,2023
147043,33,1096,2023-06-30,2023
149716,11282,931,2023-06-30,2023
152651,738,931,2023-06-30,2023
153427,142,367,2023-06-30,2023
157535,2293,683,2023-06-30,2023
163568,1047,273,2023-06-30,2023
164913,2239,294,2023-06-30,2023
165007,714,940,2023-06-30,2023
166237,506,583,2023-06-30,2023
167342,1423,1158,2023-06-30,2023
170481,749,398,2023-06-30,2023
170646,237,368,2023-06-30,2023
172565,7160,924,2023-06-30,2023
174094,667,405,2023-06-30,2023
174694,1095,368,2023-06-30,2023
176412,85465,3592,2023-06-30,2023
177847,6890,368,2023-06-30,2023
181380,114,379,2023-06-30,2023
182201,1184,36,2023-06-30,2023
182424,601,1096,2023-06-30,2023
182581,380,714,2023-06-30,2023
182618,5,631,2023-06-30,2023
182712,27,281,2023-06-30,2023
182891,162,520,2023-06-30,2023
182904,148,131,2023-06-30,2023
184440,114,11282,2023-06-30,2023
184816,11282,683,2023-06-30,2023
186368,416,46,2023-06-30,2023
187024,1083,16704,2023-06-30,2023
189650,1455,723,2023-06-30,2023
191891,506,244,2023-06-30,2023
192875,380,1010,2023-06-30,2023
193592,865,58,2023-06-30,2023
194549,4171,380,2023-06-30,2023
195488,12321,931,2023-06-30,2023
195778,162,27,2023-06-30,2023
196792,18,294,2023-06-30,2023
196829,234,58,2023-06-30,2023
197470,3522,5,2023-06-30,2023
197473,749,130,2023-06-30,2023
197751,1047,1390,2023-06-30,2023
199258,2919,6195,2023-06-30,2023
199321,244,940,2023-06-30,2023
199369,472,5358,2023-06-30,2023
199927,6646,252,2023-06-30,2023
200188,252,607,2023-06-30,2023
203842,3522,800,2023-06-30,2023
204176,868,141,2023-06-30,2023
205657,11282,11,2023-06-30,2023
205760,2672,265,2023-06-30,2023
207877,244,800,2023-06-30,2023
207929,114,29,2023-06-30,2023
208690,252,1032,2023-06-30,2023
208848,868,141,2023-06-30,2023
210178,2919,11,2023-06-30,2023
212832,3008,36,2023-06-30,2023
213865,10690,338,2023-06-30,2023
213980,60551,83678,2023-06-30,2023
214073,2778,1519,2023-06-30,2023
216179,2919,46,2023-06-30,2023
216599,380,607,2023-06-30,2023
221025,1082,29,2023-06-30,2023
221285,3840,2832,2023-06-30,2023
223025,868,126,2023-06-30,2023
223974,1025,533,2023-06-30,2023
225122,294,543,2023-06-30,2023
226025,8970,2919,2023-06-30,2023
226169,3209,11282,2023-06-30,2023
228645,985,1132,2023-06-30,2023
232418,276,3,2023-06-30,2023
232964,2778,989,2023-06-30,2023
234124,924,3840,2023-06-30,2023
234193,354,1096,2023-06-30,2023
237125,16795,11282,2023-06-30,2023
238407,681,23826,2023-06-30,2023
238537,1005,1038,2023-06-30,2023
239949,1039,989,2023-06-30,2023
241229,3709,244,2023-06-30,2023
242284,1031,703,2023-06-30,2023
244904,6992,18303,2023-06-30,2023
245078,416,244,2023-06-30,2023
246968,150,1003,2023-06-30,2023
247652,16795,366,2023-06-30,2023
248219,3209,141,2023-06-30,2023
248271,24245,7160,2023-06-30,2023
248658,200,371,2023-06-30,2023
249126,1038,148,2023-06-30,2023
250013,826,39,2023-06-30,2023
251079,924,2832,2023-06-30,2023
251845,683,1148,2023-06-30,2023
251897,1108,621,2023-06-30,2023
255450,416,800,2023-06-30,2023
256429,2687,366,2023-06-30,2023
258005,1465,683,2023-06-30,2023
258475,1108,3302,2023-06-30,2023
265088,506,6574,2023-06-30,2023
265127,33,2282,2023-06-30,2023
266795,2687,398,2023-06-30,2023
270541,79,273,2023-06-30,2023
271098,3057,683,2023-06-30,2023
274484,1147,1041,2023-06-30,2023
277179,533,23826,2023-06-30,2023
278531,749,6195,2023-06-30,2023
282144,1005,82,2023-06-30,2023
282169,607,202,2023-06-30,2023
282388,6195,276,2023-06-30,2023
282429,13,148,2023-06-30,2023
282615,820,7160,2023-06-30,2023
282700,1244,3368,2023-06-30,2023
282810,940,12,2023-06-30,2023
283196,533,417,2023-06-30,2023
283233,234,430,2023-06-30,2023
284270,192,18,2023-06-30,2023
284884,940,368,2023-06-30,2023
286384,244,985,2023-06-30,2023
287920,33,89,2023-06-30,2023
288240,11127,2698,2023-06-30,2023
288853,85465,60551,2023-06-30,2023
290017,1010,410,2023-06-30,2023
290615,1159,2861,2023-06-30,2023
291276,19,1005,2023-06-30,2023
291399,2423,720,2023-06-30,2023
291422,1160,80,2023-06-30,2023
291739,141,1123,2023-06-30,2023
291941,2424,720,2023-06-30,2023
292396,18105,60551,2023-06-30,2023
293168,23,410,2023-06-30,2023
293200,416,379,2023-06-30,2023
293998,924,7775,2023-06-30,2023
294730,660,58,2023-06-30,2023
297212,273,148,2023-06-30,2023
297257,2420,371,2023-06-30,2023
298975,1531,244,2023-06-30,2023
302991,16795,3709,2023-06-30,2023
303219,3,1038,2023-06-30,2023
303657,290,46,2023-06-30,2023
307924,167,36,2023-06-30,2023
308552,190,33,2023-06-30,2023
311178,1025,6574,2023-06-30,2023
311489,467,714,2023-06-30,2023
313097,41274,968,2023-06-30,2023
313691,1301,83678,2023-06-30,2023
313830,2239,252,2023-06-30,2023
314678,5,418,2023-06-30,2023
314965,11282,2919,2023-06-30,2023
315604,683,533,2023-06-30,2023
315862,3057,252,2023-06-30,2023
315865,6574,46,2023-06-30,2023
316934,1025,121,2023-06-30,2023
320748,234,121,2023-06-30,2023
320953,61825,83678,2023-06-30,2023
322873,36,1467,2023-06-30,2023
323713,54189,1096,2023-06-30,2023
324351,683,276,2023-06-30,2023
324377,1005,430,2023-06-30,2023
324795,3911,618,2023-06-30,2023
325200,924,468,2023-06-30,2023
326300,1095,1041,2023-06-30,2023
327757,380,44,2023-06-30,2023
327863,290,1082,2023-06-30,2023
327911,60949,60551,2023-06-30,2023
329629,2861,2696,2023-06-30,2023
329813,133,29,2023-06-30,2023
330659,1049,12,2023-06-30,2023
332179,2919,800,2023-06-30,2023
332697,399,506,2023-06-30,2023
334042,2441,940,2023-06-30,2023
334526,631,506,2023-06-30,2023
335225,237,1050,2023-06-30,2023
336960,1005,130,2023-06-30,2023
337092,2036,82,2023-06-30,2023
337333,33,232,2023-06-30,2023
338672,1090,46,2023-06-30,2023
339327,678,1090,2023-06-30,2023
339707,2448,410,2023-06-30,2023
339829,80,683,2023-06-30,2023
340251,6646,36,2023-06-30,2023
340339,1244,1049,2023-06-30,2023
340394,1038,430,2023-06-30,2023
341278,12321,1050,2023-06-30,2023
343052,417,11,2023-06-30,2023
343273,3368,367,2023-06-30,2023
343463,366,2282,2023-06-30,2023
344596,162,631,2023-06-30,2023
345105,44006,589,2023-06-30,2023
345437,1095,180,2023-06-30,2023
345458,749,1390,2023-06-30,2023
345654,2293,1095,2023-06-30,2023
346546,520,162,2023-06-30,2023
346567,398,506,2023-06-30,2023
348795,1050,148,2023-06-30,2023
352659,6646,141,2023-06-30,2023
353032,3709,44,2023-06-30,2023
353970,126,589,2023-06-30,2023
354741,472,150,2023-06-30,2023
355689,603,865,2023-06-30,2023
355861,148,1050,2023-06-30,2023
357072,969,2282,2023-06-30,2023
357156,89,720,2023-06-30,2023
357158,29,336,2023-06-30,2023
357826,385,499,2023-06-30,2023
357992,46,1390,2023-06-30,2023
357995,458,2919,2023-06-30,2023
358166,3522,12,2023-06-30,2023
361074,798,1090,2023-06-30,2023
361104,5,131,2023-06-30,2023
361207,798,610,2023-06-30,2023
361256,24245,7160,2023-06-30,2023
362572,49702,932,2023-06-30,2023
362842,31,506,2023-06-30,2023
364135,506,29,2023-06-30,2023
364237,1032,720,2023-06-30,2023
364567,11282,7160,2023-06-30,2023
364857,969,2420,2023-06-30,2023
365540,18303,660,2023-06-30,2023
365770,3329,2969,2023-06-30,2023
369267,3524,232,2023-06-30,2023
370399,48332,338,2023-06-30,2023
370833,589,3008,2023-06-30,2023
371013,385,276,2023-06-30,2023
371142,1421,44,2023-06-30,2023
371150,1245,172,2023-06-30,2023
371256,1041,660,2023-06-30,2023
372240,202,1148,2023-06-30,2023
372711,244,33,2023-06-30,2023
375383,3268,720,2023-06-30,2023
375857,385,2410,2023-06-30,2023
378293,12321,281,2023-06-30,2023
380913,924,512,2023-06-30,2023
383807,2431,2457,2023-06-30,2023
384060,237,1041,2023-06-30,2023
384593,826,417,2023-06-30,2023
385817,3508,667,2023-06-30,2023
386726,449,1082,2023-06-30,2023
386914,749,800,2023-06-30,2023
387234,3522,430,2023-06-30,2023
387928,660,1091,2023-06-30,2023
388160,2861,1421,2023-06-30,2023
388516,252,23826,2023-06-30,2023
390177,6574,749,2023-06-30,2023
390379,10484,2832,2023-06-30,2023
391065,989,6574,2023-06-30,2023
391498,3840,276,2023-06-30,2023
392570,458,6574,2023-06-30,2023
392768,15,631,2023-06-30,2023
392966,6574,800,2023-06-30,2023
393217,24245,589,2023-06-30,2023
393371,126,7775,2023-06-30,2023
394328,1465,1421,2023-06-30,2023
394346,749,1025,2023-06-30,2023
395083,416,1421,2023-06-30,2023
396333,41,114,2023-06-30,2023
396532,48332,338,2023-06-30,2023
396638,931,660,2023-06-30,2023
397225,1038,6195,2023-06-30,2023
398163,3709,12,2023-06-30,2023
398808,366,276,2023-06-30,2023
399543,1005,40,2023-06-30,2023
400831,605,336,2023-06-30,2023
403898,1132,18,2023-06-30,2023
404846,10690,338,2023-06-30,2023
404912,3725,121,2023-06-30,2023
405399,252,3057,2023-06-30,2023
405687,33,23826,2023-06-30,2023
405692,820,589,2023-06-30,2023
405885,6195,6574,2023-06-30,2023
406609,200,33,2023-06-30,2023
409344,1096,417,2023-06-30,2023
409517,3948,383,2023-06-30,2023
410185,714,39,2023-06-30,2023
412045,16795,714,2023-06-30,2023
412669,336,131,2023-06-30,2023
412943,798,1090,2023-06-30,2023
412949,1268,234,2023-06-30,2023
412954,798,370,2023-06-30,2023
412959,798,234,2023-06-30,2023
413118,1075,855,2023-06-30,2023
413843,80,60,2023-06-30,2023
413942,19,1005,2023-06-30,2023
415646,2423,543,2023-06-30,2023
417575,1075,1049,2023-06-30,2023
418652,3999,2715,2023-06-30,2023
418891,61825,18303,2023-06-30,2023
421768,276,800,2023-06-30,2023
422355,157,24,2023-06-30,2023
422466,12321,1244,2023-06-30,2023
424784,3302,244,2023-06-30,2023
429874,24,16,2023-06-30,2023
429915,968,2282,2023-06-30,2023
429987,1091,294,2023-06-30,2023
430484,3719,2696,2023-06-30,2023
431755,148,506,2023-06-30,2023
433257,1084,3302,2023-06-30,2023
436064,200,234,2023-06-30,2023
439072,989,12,2023-06-30,2023
439292,306,1025,2023-06-30,2023
440953,306,58,2023-06-30,2023
447052,1533,621,2023-06-30,2023
450234,65,533,2023-06-30,2023
450936,6195,148,2023-06-30,2023
453704,714,5358,2023-06-30,2023
454576,2503,234,2023-06-30,2023
457422,8970,46,2023-06-30,2023
459658,1025,506,2023-06-30,2023
459661,252,46,2023-06-30,2023
459763,2239,800,2023-06-30,2023
459988,8970,2921,2023-06-30,2023
460245,33,1158,2023-06-30,2023
460318,54189,601,2023-06-30,2023
460629,667,583,2023-06-30,2023
461617,12321,13,2023-06-30,2023
461670,18303,338,2023-06-30,2023
461895,44006,589,2023-06-30,2023
461951,24245,114,2023-06-30,2023
462250,631,13,2023-06-30,2023
462348,995,141,2023-06-30,2023
462837,601,865,2023-06-30,2023
463601,2715,347,2023-06-30,2023
463610,855,703,2023-06-30,2023
464446,467,1025,2023-06-30,2023
464530,415,1091,2023-06-30,2023
466805,1049,131,2023-06-30,2023
467434,475,18,2023-06-30,2023
467437,124,27,2023-06-30,2023
468332,982,979,2023-06-30,2023
469669,1244,618,2023-06-30,2023
469949,41,3,2023-06-30,2023
470794,416,276,2023-06-30,2023
470831,18303,338,2023-06-30,2023
471055,127,33,2023-06-30,2023
471474,5358,331,2023-06-30,2023
473050,1148,60,2023-06-30,2023
475208,968,12,2023-06-30,2023
476237,3057,1237,2023-06-30,2023
476352,703,13,2023-06-30,2023
478365,3329,1075,2023-06-30,2023
479589,40,1416,2023-06-30,2023
479638,1465,294,2023-06-30,2023
480453,370,610,2023-06-30,2023
481173,12,683,2023-06-30,2023
481627,3325,294,2023-06-30,2023
481692,2672,1091,2023-06-30,2023
481834,607,2919,2023-06-30,2023
482102,1894,206,2023-06-30,2023
482107,105,416,2023-06-30,2023
483348,273,148,2023-06-30,2023
483495,152,868,2023-06-30,2023
485963,368,244,2023-06-30,2023
486043,41274,467,2023-06-30,2023
487829,2722,430,2023-06-30,2023
487834,380,46,2023-06-30,2023
487843,1005,5,2023-06-30,2023
489611,2919,506,2023-06-30,2023
490384,749,506,2023-06-30,2023
490417,1420,347,2023-06-30,2023
490760,3268,5817,2023-06-30,2023
490842,1177,8970,2023-06-30,2023
495601,1075,714,2023-06-30,2023
495621,1108,418,2023-06-30,2023
498517,924,7160,2023-06-30,2023
500067,44,2410,2023-06-30,2023
500689,995,417,2023-06-30,2023
501767,28095,1083,2023-06-30,2023
502298,968,2282,2023-06-30,2023
503770,1421,11,2023-06-30,2023
503881,5,82,2023-06-30,2023
504073,533,336,2023-06-30,2023
504087,2424,294,2023-06-30,2023
504090,2995,294,2023-06-30,2023
504243,5817,206,2023-06-30,2023
505653,383,543,2023-06-30,2023
505674,367,13,2023-06-30,2023
505675,1108,150,2023-06-30,2023
512394,11127,683,2023-06-30,2023
513330,192,202,2023-06-30,2023
515051,1083,932,2023-06-30,2023
515056,14589,232,2023-06-30,2023
517894,543,13,2023-06-30,2023
523977,2425,940,2023-06-30,2023
524031,18105,820,2023-06-30,2023
524925,200,681,2023-06-30,2023
525704,2919,506,2023-06-30,2023
527896,202,2778,2023-06-30,2023
531338,1160,2727,2023-06-30,2023
532574,49702,932,2023-06-30,2023
532905,868,2832,2023-06-30,2023
532937,2239,252,2023-06-30,2023
533318,63007,18105,2023-06-30,2023
535551,499,82,2023-06-30,2023
535706,2715,347,2023-06-30,2023
535955,244,11,2023-06-30,2023
536081,979,3329,2023-06-30,2023
536477,798,162,2023-06-30,2023
536482,24,583,2023-06-30,2023
537382,368,148,2023-06-30,2023
538874,417,1158,2023-06-30,2023
539134,3522,5,2023-06-30,2023
539154,3329,3522,2023-06-30,2023
539665,1435,383,2023-06-30,2023
541231,33,31,2023-06-30,2023
542819,6912,2687,2023-06-30,2023
543666,8970,6574,2023-06-30,2023
543771,46,749,2023-06-30,2023
549041,2457,3329,2023-06-30,2023
550106,398,276,2023-06-30,2023
550116,8970,1005,2023-06-30,2023
552223,724,46,2023-06-30,2023
553875,148,336,2023-06-30,2023
554403,2079,6418,2023-06-30,2023
555076,1158,1041,2023-06-30,2023
555172,49702,2696,2023-06-30,2023
556385,410,148,2023-06-30,2023
560483,1531,367,2023-06-30,2023
560725,618,995,2023-06-30,2023
562030,173,1025,2023-06-30,2023
563139,2448,336,2023-06-30,2023
564448,1426,499,2023-06-30,2023
567309,173,415,2023-06-30,2023
568559,252,506,2023-06-30,2023
569349,206,167,2023-06-30,2023
569384,1095,46,2023-06-30,2023
571189,39097,6992,2023-06-30,2023
572919,499,79,2023-06-30,2023
573981,589,6890,2023-06-30,2023
574385,190,610,2023-06-30,2023
578392,42,533,2023-06-30,2023
580193,42,27,2023-06-30,2023
581669,903,1132,2023-06-30,2023
583970,924,2832,2023-06-30,2023
585958,3329,273,2023-06-30,2023
586429,499,6574,2023-06-30,2023
589737,167,252,2023-06-30,2023
590914,553,683,2023-06-30,2023
591193,618,29,2023-06-30,2023
591914,855,347,2023-06-30,2023
595238,192,234,2023-06-30,2023
596884,2995,16795,2023-06-30,2023
599150,1124,232,2023-06-30,2023
603348,924,2832,2023-06-30,2023
604327,499,27,2023-06-30,2023
605268,35,24,2023-06-30,2023
605534,75231,1083,2023-06-30,2023
606849,142,2861,2023-06-30,2023
607225,724,1041,2023-06-30,2023
607226,2969,273,2023-06-30,2023
608469,276,2410,2023-06-30,2023
609361,1435,940,2023-06-30,2023
610431,2778,79,2023-06-30,2023
610878,2921,1390,2023-06-30,2023
611793,43,989,2023-06-30,2023
613393,724,46,2023-06-30,2023
615350,1049,1041,2023-06-30,2023
616344,79,336,2023-06-30,2023
617019,132,416,2023-06-30,2023
617074,1049,23826,2023-06-30,2023
617267,1010,294,2023-06-30,2023
617679,2424,1075,2023-06-30,2023
618809,331,13,2023-06-30,2023
618898,11282,7160,2023-06-30,2023
620322,1041,631,2023-06-30,2023
623040,276,252,2023-06-30,2023
623319,3508,660,2023-06-30,2023
626913,380,1050,2023-06-30,2023
626954,1533,621,2023-06-30,2023
627207,202,167,2023-06-30,2023
627226,12321,418,2023-06-30,2023
631904,132,82,2023-06-30,2023
640109,749,46,2023-06-30,2023
644613,4,15,2023-06-30,2023
644676,1038,276,2023-06-30,2023
645682,1124,16704,2023-06-30,2023
646896,49702,2410,2023-06-30,2023
649020,543,347,2023-06-30,2023
649035,172,2282,2023-06-30,2023
649452,244,281,2023-06-30,2023
652270,1124,932,2023-06-30,2023
652803,2861,1096,2023-06-30,2023
657386,6646,1075,2023-06-30,2023
657387,10484,1075,2023-06-30,2023
658536,3948,1237,2023-06-30,2023
659518,3911,162,2023-06-30,2023
659521,289,583,2023-06-30,2023
659543,290,273,2023-06-30,2023
660438,5817,190,2023-06-30,2023
661053,383,29,2023-06-30,2023
661428,468,903,2023-06-30,2023
669000,601,1041,2023-06-30,2023
669306,10690,338,2023-06-30,2023
671145,995,294,2023-06-30,2023
672202,54189,1041,2023-06-30,2023
672803,589,7775,2023-06-30,2023
673514,595,1041,2023-06-30,2023
678194,903,641,2023-06-30,2023
678778,60551,83678,2023-06-30,2023
678783,60551,83678,2023-06-30,2023
682032,2969,506,2023-06-30,2023
683828,589,114,2023-06-30,2023
684062,1162,3911,2023-06-30,2023
685761,3729,1083,2023-06-30,2023
690478,2288,3948,2023-06-30,2023
694928,1049,13,2023-06-30,2023
700010,924,449,2023-06-30,2023
701325,2503,3349,2023-06-30,2023
701834,44006,10484,2023-06-30,2023
701845,126,19789,2023-06-30,2023
705808,897,714,2023-06-30,2023
707844,1096,2727,2023-06-30,2023
708678,290,244,2023-06-30,2023
709726,583,1421,2023-06-30,2023
711382,1244,681,2023-06-30,2023
711625,1531,368,2023-06-30,2023
712857,589,932,2023-06-30,2023
717957,993,367,2023-06-30,2023
720613,1467,114,2023-06-30,2023
723621,18105,338,2023-06-30,2023
724041,354,1132,2023-06-30,2023
724520,331,131,2023-06-30,2023
727081,1467,36,2023-06-30,2023
730581,368,273,2023-06-30,2023
731879,2995,1075,2023-06-30,2023
742201,142,13,2023-06-30,2023
742611,820,3209,2023-06-30,2023
743091,1038,416,2023-06-30,2023
743591,383,1095,2023-06-30,2023
748838,85465,10690,2023-06-30,2023
748939,601,48726,2023-06-30,2023
755174,6992,10690,2023-06-30,2023
776798,1420,1237,2023-06-30,2023
783396,1050,12321,2023-06-30,2023
805908,3911,1421,2023-06-30,2023
806168,2969,290,2023-06-30,2023
810411,1160,1158,2023-06-30,2023
811544,2696,41231,2023-06-30,2023
815014,3209,19789,2023-06-30,2023
816930,1387,380,2023-06-30,2023
837329,1160,417,2023-06-30,2023
860255,126,19789,2023-06-30,2023
873542,820,3205,2023-06-30,2023
880259,7160,7775,2023-06-30,2023
893675,738,1421,2023-06-30,2023
919173,1245,1421,2023-06-30,2023
936981,4,15,2023-06-30,2023
967948,43,762,2023-06-30,2023
1105761,3209,7775,2023-06-30,2023
371256,1003,1041,2023-06-29,2023
386914,1038,749,2023-06-29,2023
265513,2759,465,2023-06-05,2023
581677,2759,903,2023-06-05,2023
540516,2451,903,2023-06-04,2023
634666,2451,465,2023-06-04,2023
95950,370,1071,2023-05-31,2023
132764,465,1519,2023-05-31,2023
148262,1032,762,2023-05-31,2023
163744,989,180,2023-05-31,2023
196722,2578,873,2023-05-31,2023
206225,1123,762,2023-05-31,2023
221624,641,281,2023-05-31,2023
224884,1032,631,2023-05-31,2023
233124,1010,405,2023-05-31,2023
255353,2553,903,2023-05-31,2023
258919,703,985,2023-05-31,2023
285845,180,11,2023-05-31,2023
324882,1031,405,2023-05-31,2023
336367,1032,641,2023-05-31,2023
340322,1132,180,2023-05-31,2023
342046,512,985,2023-05-31,2023
344107,1519,1071,2023-05-31,2023
345759,2578,511,2023-05-31,2023
346499,1071,1123,2023-05-31,2023
364827,603,984,2023-05-31,2023
381967,873,11,2023-05-31,2023
403569,2553,124,2023-05-31,2023
412660,1010,405,2023-05-31,2023
420808,677,1003,2023-05-31,2023
439497,370,371,2023-05-31,2023
443541,511,987,2023-05-31,2023
444208,1132,2288,2023-05-31,2023
444211,512,180,2023-05-31,2023
452707,1110,703,2023-05-31,2023
465606,1132,1148,2023-05-31,2023
485583,512,543,2023-05-31,2023
503977,1132,281,2023-05-31,2023
504581,641,543,2023-05-31,2023
509246,2999,43,2023-05-31,2023
512354,3008,873,2023-05-31,2023
532541,2288,543,2023-05-31,2023
533662,641,405,2023-05-31,2023
536835,289,985,2023-05-31,2023
614258,1237,631,2023-05-31,2023
622380,1032,631,2023-05-31,2023
665390,603,405,2023-05-31,2023
668268,1123,11,2023-05-31,2023
696589,1039,405,2023-05-31,2023
730126,903,1095,2023-05-31,2023
735571,641,931,2023-05-31,2023
757272,2578,371,2023-05-31,2023
508639,449,610,2023-05-10,2023
82130,3840,868,2023-03-05,2023
189151,2832,868,2023-03-05,2023
234124,3840,924,2023-03-05,2023
251079,2832,924,2023-03-05,2023
1105761,7775,3209,2023-03-05,2023
293998,7775,924,2023-03-04,2023
213865,338,10690,2023-03-01,2023
216579,18105,10690,2023-03-01,2023
244904,18303,6992,2023-03-01,2023
248931,83678,60551,2023-03-01,2023
288853,60551,85465,2023-03-01,2023
533318,18105,63007,2023-03-01,2023
708242,660,61825,2023-03-01,2023
404848,660,18303,2023-02-28,2023
501417,18303,10690,2023-02-28,2023
880259,7775,7160,2023-02-27,2023
353584,6992,61825,2023-02-24,2023
404845,6992,83678,2023-02-24,2023
418891,18303,61825,2023-02-24,2023
532905,2832,868,2023-02-24,2023
337198,48726,83678,2023-02-23,2023
430484,2696,3719,2023-02-22,2023
516749,232,2696,2023-02-22,2023
555172,2696,49702,2023-02-22,2023
605534,1083,75231,2023-02-22,2023
292396,60551,18105,2023-02-21,2023
463845,18303,6992,2023-02-21,2023
516749,2696,232,2023-02-21,2023
213980,83678,60551,2023-02-20,2023
678783,83678,60551,2023-02-20,2023
815014,19789,3209,2023-02-20,2023
136610,2832,10484,2023-02-18,2023
390379,2832,10484,2023-02-18,2023
393371,7775,126,2023-02-18,2023
860255,19789,126,2023-02-18,2023
114422,2832,10484,2023-02-17,2023
265569,6,152,2023-02-17,2023
276337,2832,449,2023-02-17,2023
291760,2832,126,2023-02-17,2023
370399,338,48332,2023-02-17,2023
439343,2832,6890,2023-02-17,2023
672803,7775,589,2023-02-17,2023
129513,2832,114,2023-02-16,2023
221285,2832,3840,2023-02-16,2023
603348,2832,924,2023-02-16,2023
144303,2832,449,2023-02-15,2023
345654,1095,2293,2023-02-15,2023
583970,2832,924,2023-02-15,2023
294321,499,294,2023-02-14,2023
701845,19789,126,2023-02-14,2023
431182,232,11127,2023-02-13,2023
431182,11127,232,2023-02-12,2023
524031,820,18105,2023-02-11,2023
55605,6890,868,2023-02-10,2023
597880,2740,660,2023-02-10,2023
174733,1038,114,2023-02-09,2023
683828,114,589,2023-02-09,2023
152733,3205,114,2023-02-08,2023
269171,820,10484,2023-02-08,2023
392085,12,141,2023-02-08,2023
712857,932,589,2023-02-08,2023
605534,3719,1083,2023-02-07,2023
633442,820,2293,2023-02-07,2023
723621,338,18105,2023-02-06,2023
700010,449,924,2023-02-05,2023
177847,368,6890,2023-02-03,2023
491264,6992,39097,2023-02-03,2023
110688,60551,18303,2023-02-02,2023
157535,683,2293,2023-02-02,2023
293213,2293,114,2023-02-02,2023
501767,1083,28095,2023-02-02,2023
657387,1075,10484,2023-02-02,2023
726014,18303,338,2023-02-01,2023
52119,141,383,2023-01-31,2023
64000,683,1110,2023-01-31,2023
71292,762,703,2023-01-31,2023
73269,60949,3062,2023-01-31,2023
79422,583,703,2023-01-31,2023
88706,130,1005,2023-01-31,2023
94199,868,44,2023-01-31,2023
99343,583,621,2023-01-31,2023
102017,631,11,2023-01-31,2023
102226,16,383,2023-01-31,2023
106987,27,985,2023-01-31,2023
111275,383,24,2023-01-31,2023
112988,11,931,2023-01-31,2023
115763,276,1038,2023-01-31,2023
131996,6890,405,2023-01-31,2023
132764,1519,465,2023-01-31,2023
147034,383,499,2023-01-31,2023
153427,367,142,2023-01-31,2023
156501,13,703,2023-01-31,2023
165007,940,714,2023-01-31,2023
167342,1158,1423,2023-01-31,2023
171679,148,13,2023-01-31,2023
172015,3302,714,2023-01-31,2023
173079,18105,6992,2023-01-31,2023
174915,3911,58,2023-01-31,2023
182712,281,27,2023-01-31,2023
191217,131,336,2023-01-31,2023
213555,2293,683,2023-01-31,2023
220878,415,969,2023-01-31,2023
221955,26459,63007,2023-01-31,2023
228444,607,252,2023-01-31,2023
240578,336,653,2023-01-31,2023
245056,416,931,2023-01-31,2023
246291,399,12,2023-01-31,2023
246968,1003,150,2023-01-31,2023
247652,366,16795,2023-01-31,2023
250013,39,826,2023-01-31,2023
251845,1148,683,2023-01-31,2023
256429,366,2687,2023-01-31,2023
260166,683,703,2023-01-31,2023
265127,2282,33,2023-01-31,2023
272261,276,430,2023-01-31,2023
272855,1184,180,2023-01-31,2023
282169,202,607,2023-01-31,2023
291399,720,2423,2023-01-31,2023
291422,80,1160,2023-01-31,2023
298091,512,1003,2023-01-31,2023
301037,3719,1245,2023-01-31,2023
311178,6574,1025,2023-01-31,2023
313830,252,2239,2023-01-31,2023
324882,405,1031,2023-01-31,2023
329629,2696,2861,2023-01-31,2023
335225,1050,237,2023-01-31,2023
340394,430,1038,2023-01-31,2023
342046,985,512,2023-01-31,2023
345759,511,2578,2023-01-31,2023
346499,1123,1071,2023-01-31,2023
346567,506,398,2023-01-31,2023
354741,150,472,2023-01-31,2023
355689,865,603,2023-01-31,2023
361081,44,607,2023-01-31,2023
371142,44,1421,2023-01-31,2023
371150,172,1245,2023-01-31,2023
377219,3057,366,2023-01-31,2023
381967,11,873,2023-01-31,2023
383807,2457,2431,2023-01-31,2023
390177,749,6574,2023-01-31,2023
391065,6574,989,2023-01-31,2023
392966,800,6574,2023-01-31,2023
394328,1421,1465,2023-01-31,2023
394346,1025,749,2023-01-31,2023
395083,1421,416,2023-01-31,2023
398808,276,366,2023-01-31,2023
412954,370,798,2023-01-31,2023
422763,3057,124,2023-01-31,2023
432092,800,749,2023-01-31,2023
452584,1096,28643,2023-01-31,2023
452707,703,1110,2023-01-31,2023
459661,46,252,2023-01-31,2023
468332,979,982,2023-01-31,2023
471474,331,5358,2023-01-31,2023
480453,610,370,2023-01-31,2023
481834,2919,607,2023-01-31,2023
483348,148,273,2023-01-31,2023
490417,347,1420,2023-01-31,2023
504090,294,2995,2023-01-31,2023
527896,2778,202,2023-01-31,2023
536477,162,798,2023-01-31,2023
538874,1158,417,2023-01-31,2023
538971,79,873,2023-01-31,2023
543529,683,3060,2023-01-31,2023
553875,336,148,2023-01-31,2023
557147,2448,714,2023-01-31,2023
560483,367,1531,2023-01-31,2023
563139,336,2448,2023-01-31,2023
565016,2282,3057,2023-01-31,2023
565434,172,200,2023-01-31,2023
567309,415,173,2023-01-31,2023
569349,167,206,2023-01-31,2023
569383,1158,162,2023-01-31,2023
578804,468,1090,2023-01-31,2023
586853,1075,244,2023-01-31,2023
617019,416,132,2023-01-31,2023
634963,19657,369,2023-01-31,2023
647950,750,172,2023-01-31,2023
648195,294,631,2023-01-31,2023
659089,338,989,2023-01-31,2023
659518,162,3911,2023-01-31,2023
660438,190,5817,2023-01-31,2023
668268,11,1123,2023-01-31,2023
678194,641,903,2023-01-31,2023
682032,506,2969,2023-01-31,2023
683571,1416,1184,2023-01-31,2023
699592,3349,2420,2023-01-31,2023
707844,2727,1096,2023-01-31,2023
724041,1132,354,2023-01-31,2023
731879,1075,2995,2023-01-31,2023
743091,416,1038,2023-01-31,2023
746695,273,180,2023-01-31,2023
788445,15,2778,2023-01-31,2023
805908,1421,3911,2023-01-31,2023
810093,583,1158,2023-01-31,2023
842718,2431,1063,2023-01-31,2023
875178,2778,369,2023-01-31,2023
928323,157,273,2023-01-31,2023
936981,15,4,2023-01-31,2023
974982,865,336,2023-01-31,2023
79377,89,79,2023-01-30,2023
88721,10484,306,2023-01-30,2023
91849,368,533,2023-01-30,2023
99343,621,583,2023-01-30,2023
119031,6574,141,2023-01-30,2023
122797,417,995,2023-01-30,2023
143891,82,86,2023-01-30,2023
170646,368,237,2023-01-30,2023
251897,621,1108,2023-01-30,2023
272261,430,276,2023-01-30,2023
284321,294,932,2023-01-30,2023
320265,338,678,2023-01-30,2023
322305,410,1158,2023-01-30,2023
326300,1041,1095,2023-01-30,2023
329723,294,79,2023-01-30,2023
332697,506,399,2023-01-30,2023
340394,1038,430,2023-01-30,2023
346567,24,506,2023-01-30,2023
358166,12,3522,2023-01-30,2023
361081,200,44,2023-01-30,2023
385817,667,3508,2023-01-30,2023
391719,1531,1010,2023-01-30,2023
412045,714,16795,2023-01-30,2023
432092,276,800,2023-01-30,2023
439072,12,989,2023-01-30,2023
451677,317,1123,2023-01-30,2023
462837,865,601,2023-01-30,2023
469064,512,989,2023-01-30,2023
470794,276,416,2023-01-30,2023
485963,244,368,2023-01-30,2023
536477,200,162,2023-01-30,2023
537382,148,368,2023-01-30,2023
538918,58,46,2023-01-30,2023
542842,369,1063,2023-01-30,2023
542858,5724,458,2023-01-30,2023
557614,1421,167,2023-01-30,2023
578544,234,798,2023-01-30,2023
581669,1132,903,2023-01-30,2023
591361,130,36,2023-01-30,2023
608469,2410,276,2023-01-30,2023
620322,631,1041,2023-01-30,2023
622380,631,1032,2023-01-30,2023
748382,306,1041,2023-01-30,2023
139396,36,1075,2023-01-29,2023
170646,405,368,2023-01-29,2023
181118,338,1091,2023-01-29,2023
186172,3840,1010,2023-01-29,2023
232418,3,276,2023-01-29,2023
320265,467,338,2023-01-29,2023
371256,1041,1003,2023-01-29,2023
444208,2288,1132,2023-01-29,2023
503733,29,762,2023-01-29,2023
539665,383,1435,2023-01-29,2023
586986,54189,873,2023-01-29,2023
593482,1420,244,2023-01-29,2023
620322,1041,631,2023-01-29,2023
131506,12321,2381,2023-01-28,2023
268112,932,1096,2023-01-28,2023
293169,82,430,2023-01-28,2023
308552,33,190,2023-01-28,2023
391376,1160,618,2023-01-28,2023
409517,383,3948,2023-01-28,2023
509246,43,2999,2023-01-28,2023
555076,1041,1158,2023-01-28,2023
657386,1075,6646,2023-01-28,2023
672202,1041,54189,2023-01-28,2023
750886,79,1095,2023-01-28,2023
85291,589,152,2023-01-27,2023
163568,273,1047,2023-01-27,2023
189650,723,1455,2023-01-27,2023
223972,1421,15,2023-01-27,2023
285868,232,2696,2023-01-27,2023
482110,206,678,2023-01-27,2023
485583,543,512,2023-01-27,2023
819215,58,16,2023-01-27,2023
822458,244,1158,2023-01-27,2023
22628,290,1082,2023-01-26,2023
51321,379,989,2023-01-26,2023
59349,2448,3302,2023-01-26,2023
124732,294,533,2023-01-26,2023
127181,162,969,2023-01-26,2023
212391,1531,2687,2023-01-26,2023
216599,607,380,2023-01-26,2023
291276,1005,19,2023-01-26,2023
324223,1031,180,2023-01-26,2023
381348,605,265,2023-01-26,2023
405399,3057,252,2023-01-26,2023
443541,987,511,2023-01-26,2023
460245,1158,33,2023-01-26,2023
511119,19771,152,2023-01-26,2023
566615,3522,607,2023-01-26,2023
25508,6195,430,2023-01-25,2023
127181,714,162,2023-01-25,2023
244192,800,6195,2023-01-25,2023
265513,465,2759,2023-01-25,2023
266795,398,2687,2023-01-25,2023
303657,46,290,2023-01-25,2023
355861,1050,148,2023-01-25,2023
460245,371,1158,2023-01-25,2023
467623,968,1132,2023-01-25,2023
485583,383,543,2023-01-25,2023
485965,969,82,2023-01-25,2023
505653,543,383,2023-01-25,2023
671145,294,995,2023-01-25,2023
674612,6890,417,2023-01-25,2023
192875,1010,380,2023-01-24,2023
237125,11282,16795,2023-01-24,2023
244192,430,800,2023-01-24,2023
266795,2239,398,2023-01-24,2023
283994,667,39,2023-01-24,2023
303657,2239,46,2023-01-24,2023
343463,2282,366,2023-01-24,2023
498899,49364,85465,2023-01-24,2023
505653,58,543,2023-01-24,2023
550549,294,232,2023-01-24,2023
731491,46,2919,2023-01-24,2023
174094,405,667,2023-01-23,2023
206717,2282,667,2023-01-23,2023
243028,405,180,2023-01-23,2023
287920,89,33,2023-01-23,2023
332341,1123,124,2023-01-23,2023
358025,3524,1245,2023-01-23,2023
425918,3522,11,2023-01-23,2023
463610,703,855,2023-01-23,2023
503640,202,234,2023-01-23,2023
521997,18105,63007,2023-01-23,2023
523903,18105,63007,2023-01-23,2023
617267,294,1010,2023-01-23,2023
731491,1390,46,2023-01-23,2023
121477,379,543,2023-01-22,2023
214073,1519,2778,2023-01-22,2023
362977,371,89,2023-01-22,2023
388519,331,897,2023-01-22,2023
179467,1245,903,2023-01-21,2023
205760,265,2672,2023-01-21,2023
108725,762,703,2023-01-20,2023
134294,405,379,2023-01-20,2023
139396,383,36,2023-01-20,2023
144028,1237,11,2023-01-20,2023
147043,1096,33,2023-01-20,2023
167850,131,13,2023-01-20,2023
175383,294,589,2023-01-20,2023
211637,347,969,2023-01-20,2023
271441,54189,9010,2023-01-20,2023
325200,468,924,2023-01-20,2023
503987,383,631,2023-01-20,2023
564529,190,1003,2023-01-20,2023
42205,18,27,2023-01-19,2023
139396,36,383,2023-01-19,2023
225122,543,294,2023-01-19,2023
247915,969,18,2023-01-19,2023
282700,3368,1244,2023-01-19,2023
358032,202,276,2023-01-19,2023
372240,1148,202,2023-01-19,2023
375857,2410,385,2023-01-19,2023
391498,276,3840,2023-01-19,2023
449084,18303,49364,2023-01-19,2023
512354,873,3008,2023-01-19,2023
562030,1025,173,2023-01-19,2023
637802,7378,4294,2023-01-19,2023
823231,1158,989,2023-01-19,2023
205655,1160,132,2023-01-18,2023
249747,14589,3999,2023-01-18,2023
342226,3911,167,2023-01-18,2023
410185,39,714,2023-01-18,2023
413942,1005,19,2023-01-18,2023
486039,58,1184,2023-01-18,2023
589737,252,167,2023-01-18,2023
783396,12321,1050,2023-01-18,2023
74230,583,543,2023-01-17,2023
102132,1177,1053,2023-01-17,2023
189441,610,368,2023-01-17,2023
222859,33,995,2023-01-17,2023
264372,338,12321,2023-01-17,2023
327911,60551,60949,2023-01-17,2023
354352,405,667,2023-01-17,2023
361256,7160,24245,2023-01-17,2023
370789,89,16,2023-01-17,2023
375857,1005,2410,2023-01-17,2023
391498,1005,276,2023-01-17,2023
394688,1090,206,2023-01-17,2023
410185,667,39,2023-01-17,2023
467434,18,475,2023-01-17,2023
469949,3,41,2023-01-17,2023
89222,3840,660,2023-01-16,2023
191391,449,3840,2023-01-16,2023
242668,653,3385,2023-01-16,2023
275683,924,7160,2023-01-16,2023
350310,3268,2431,2023-01-16,2023
395695,157,290,2023-01-16,2023
495667,417,1047,2023-01-16,2023
554398,385,683,2023-01-16,2023
661428,903,468,2023-01-16,2023
806168,290,2969,2023-01-16,2023
342389,865,58,2023-01-15,2023
396333,114,41,2023-01-15,2023
537860,660,631,2023-01-15,2023
651269,1083,865,2023-01-15,2023
711382,681,1244,2023-01-15,2023
418652,2715,3999,2023-01-14,2023
491737,512,2282,2023-01-14,2023
538977,533,399,2023-01-14,2023
560725,995,618,2023-01-14,2023
578680,60,520,2023-01-14,2023
591193,29,618,2023-01-14,2023
743395,2282,15,2023-01-14,2023
80312,10690,18303,2023-01-13,2023
124673,553,3209,2023-01-13,2023
170934,417,543,2023-01-13,2023
226169,11282,3209,2023-01-13,2023
228645,1132,985,2023-01-13,2023
238654,2239,8970,2023-01-13,2023
248219,141,3209,2023-01-13,2023
370683,157,39,2023-01-13,2023
398163,12,3709,2023-01-13,2023
524677,1416,60949,2023-01-13,2023
539154,3522,3329,2023-01-13,2023
581677,903,2759,2023-01-13,2023
591193,603,29,2023-01-13,2023
617679,1075,2424,2023-01-13,2023
620598,475,1132,2023-01-13,2023
742611,3209,820,2023-01-13,2023
755174,10690,6992,2023-01-13,2023
74040,868,126,2023-01-12,2023
104700,3719,1186,2023-01-12,2023
127076,82,89,2023-01-12,2023
172565,924,7160,2023-01-12,2023
190269,6676,3999,2023-01-12,2023
212229,968,7160,2023-01-12,2023
215977,667,826,2023-01-12,2023
226169,7160,11282,2023-01-12,2023
228645,114,1132,2023-01-12,2023
248219,11688,141,2023-01-12,2023
250683,1038,6195,2023-01-12,2023
282615,7160,820,2023-01-12,2023
295024,3840,36,2023-01-12,2023
345105,589,44006,2023-01-12,2023
361256,7378,7160,2023-01-12,2023
370833,3008,589,2023-01-12,2023
386126,6890,126,2023-01-12,2023
387234,430,3522,2023-01-12,2023
398163,1038,12,2023-01-12,2023
405692,589,820,2023-01-12,2023
495621,418,1108,2023-01-12,2023
498517,7160,924,2023-01-12,2023
670103,2778,294,2023-01-12,2023
873542,3205,820,2023-01-12,2023
919173,1421,1245,2023-01-12,2023
967948,762,43,2023-01-12,2023
193098,150,405,2023-01-11,2023
232964,989,2778,2023-01-11,2023
239949,989,1039,2023-01-11,2023
404847,61825,10690,2023-01-11,2023
462250,13,631,2023-01-11,2023
495621,2687,418,2023-01-11,2023
711625,368,1531,2023-01-11,2023
19619,83678,18105,2023-01-10,2023
361074,1090,798,2023-01-10,2023
128969,190,1090,2023-01-09,2023
177818,49364,26459,2023-01-09,2023
207877,800,244,2023-01-09,2023
344009,29,677,2023-01-09,2023
433257,3302,1084,2023-01-09,2023
467236,369,1053,2023-01-09,2023
611793,989,43,2023-01-09,2023
626475,338,18303,2023-01-09,2023
344009,1071,29,2023-01-08,2023
365770,2969,3329,2023-01-08,2023
420808,1003,677,2023-01-08,2023
626475,10690,338,2023-01-08,2023
144143,1038,6195,2023-01-07,2023
397225,6195,1038,2023-01-07,2023
419062,660,3592,2023-01-07,2023
646896,2410,49702,2023-01-07,2023
128899,873,985,2023-01-06,2023
229604,1050,610,2023-01-06,2023
339829,683,80,2023-01-06,2023
355761,653,6418,2023-01-06,2023
357047,3911,618,2023-01-06,2023
533662,405,641,2023-01-06,2023
582232,49702,2410,2023-01-06,2023
667965,244,738,2023-01-06,2023
748506,172,601,2023-01-06,2023
816930,380,1387,2023-01-06,2023
844373,18105,53646,2023-01-06,2023
12282,610,27,2023-01-05,2023
95950,1071,370,2023-01-05,2023
181687,641,677,2023-01-05,2023
258015,294,190,2023-01-05,2023
357047,1423,3911,2023-01-05,2023
401822,10690,3592,2023-01-05,2023
463603,162,631,2023-01-05,2023
482838,2778,2921,2023-01-05,2023
588260,14589,2696,2023-01-05,2023
596158,317,132,2023-01-05,2023
315237,26459,60551,2023-01-04,2023
473050,60,1148,2023-01-04,2023
506470,683,703,2023-01-04,2023
111038,995,618,2023-01-03,2023
324377,430,1005,2023-01-03,2023
708678,244,290,2023-01-03,2023
37838,964,1041,2023-01-02,2023
84765,1038,749,2023-01-02,2023
104597,410,1038,2023-01-02,2023
178459,44,3,2023-01-02,2023
283196,417,533,2023-01-02,2023
386914,749,1038,2023-01-02,2023
413843,60,80,2023-01-02,2023
607225,1041,724,2023-01-02,2023
652803,1096,2861,2023-01-02,2023
659543,273,290,2023-01-02,2023
73185,2687,897,2023-01-01,2023
74960,985,762,2023-01-01,2023
120966,18105,85465,2023-01-01,2023
164729,2441,2671,2023-01-01,2023
166737,3729,1124,2023-01-01,2023
174196,683,3911,2023-01-01,2023
176412,3592,85465,2023-01-01,2023
179643,44,605,2023-01-01,2023
187809,385,235,2023-01-01,2023
230946,3719,932,2023-01-01,2023
313691,83678,1301,2023-01-01,2023
357826,499,385,2023-01-01,2023
361207,610,798,2023-01-01,2023
372240,417,1148,2023-01-01,2023
424784,244,3302,2023-01-01,2023
434675,383,31,2023-01-01,2023
448981,2696,932,2023-01-01,2023
516751,2696,932,2023-01-01,2023
517894,13,543,2023-01-01,2023
523965,2414,1894,2023-01-01,2023
587019,2288,1148,2023-01-01,2023
634666,465,2451,2023-01-01,2023
645682,16704,1124,2023-01-01,2023
649261,2698,49702,2023-01-01,2023
661805,903,1241,2023-01-01,2023
730581,273,368,2023-01-01,2023
203854,55686,660,2022-12-31,2022
283196,368,417,2022-12-31,2022
284876,60949,2441,2022-12-31,2022
292837,3719,2698,2022-12-31,2022
503638,610,506,2022-12-31,2022
623772,5818,865,2022-12-31,2022
649261,49702,2698,2022-12-31,2022
651269,173,1083,2022-12-31,2022
699265,3690,1083,2022-12-31,2022
723621,48332,338,2022-12-31,2022
726721,1465,336,2022-12-31,2022
730581,703,273,2022-12-31,2022
667965,11282,244,2022-12-15,2022
327863,1082,290,2022-12-09,2022
203855,660,10690,2022-09-23,2022
357917,1063,338,2022-09-22,2022
384859,347,995,2022-09-22,2022
430190,10690,660,2022-09-22,2022
365195,6993,49364,2022-09-21,2022
181477,20,653,2022-09-16,2022
284876,2441,60949,2022-09-16,2022
571189,6992,39097,2022-09-16,2022
127048,244,683,2022-09-15,2022
284876,60949,2441,2022-09-15,2022
315604,533,683,2022-09-15,2022
482769,417,265,2022-09-15,2022
481680,128,3385,2022-09-14,2022
623048,6418,2671,2022-09-14,2022
162038,714,367,2022-09-13,2022
675555,128,3385,2022-09-10,2022
107803,48726,6992,2022-09-09,2022
161869,162,2441,2022-09-09,2022
204045,6992,55686,2022-09-09,2022
68863,583,141,2022-09-08,2022
79110,449,10484,2022-09-08,2022
110708,6890,3840,2022-09-08,2022
129078,180,114,2022-09-08,2022
160380,2715,11127,2022-09-08,2022
184440,11282,114,2022-09-08,2022
184816,683,11282,2022-09-08,2022
204176,141,868,2022-09-08,2022
208848,141,868,2022-09-08,2022
223025,126,868,2022-09-08,2022
248219,141,11688,2022-09-08,2022
267396,1083,1124,2022-09-08,2022
278654,141,3840,2022-09-08,2022
282615,6890,7160,2022-09-08,2022
290774,2698,11127,2022-09-08,2022
291739,1123,141,2022-09-08,2022
341646,1467,7775,2022-09-08,2022
364567,7160,11282,2022-09-08,2022
380913,512,924,2022-09-08,2022
404912,121,3725,2022-09-08,2022
462772,3840,114,2022-09-08,2022
483495,868,152,2022-09-08,2022
512394,683,11127,2022-09-08,2022
544586,3325,16704,2022-09-08,2022
545331,1053,141,2022-09-08,2022
700006,20,924,2022-09-08,2022
701834,10484,44006,2022-09-08,2022
720613,114,1467,2022-09-08,2022
82130,114,3840,2022-09-07,2022
95673,60949,2441,2022-09-07,2022
149716,931,11282,2022-09-07,2022
163847,499,121,2022-09-07,2022
166086,2293,2696,2022-09-07,2022
201248,385,10484,2022-09-07,2022
323713,1096,54189,2022-09-07,2022
340251,36,6646,2022-09-07,2022
364567,3840,7160,2022-09-07,2022
514256,3325,16704,2022-09-07,2022
622461,932,2696,2022-09-07,2022
686059,11127,932,2022-09-07,2022
59631,6890,968,2022-09-06,2022
234193,1096,354,2022-09-06,2022
257805,1083,121,2022-09-06,2022
271098,683,3057,2022-09-06,2022
460318,601,54189,2022-09-06,2022
476237,1237,3057,2022-09-06,2022
618405,583,1245,2022-09-06,2022
666953,415,2715,2022-09-06,2022
748939,48726,601,2022-09-06,2022
251345,403,11688,2022-09-05,2022
401534,1465,336,2022-09-05,2022
461895,589,44006,2022-09-05,2022
782476,855,1158,2022-09-05,2022
152962,28095,3725,2022-09-04,2022
43250,294,58,2022-09-02,2022
69683,2410,2698,2022-09-02,2022
98067,2578,43,2022-09-02,2022
153754,152,3209,2022-09-02,2022
168337,6646,2381,2022-09-02,2022
179184,631,36,2022-09-02,2022
386726,1082,449,2022-09-02,2022
393804,398,2727,2022-09-02,2022
403572,124,1241,2022-09-02,2022
506470,703,683,2022-09-02,2022
32113,416,2919,2022-09-01,2022
33781,162,1158,2022-09-01,2022
58864,131,631,2022-09-01,2022
66100,180,12321,2022-09-01,2022
74960,762,985,2022-09-01,2022
77966,114,385,2022-09-01,2022
99559,2687,16795,2022-09-01,2022
112515,631,131,2022-09-01,2022
113025,2425,982,2022-09-01,2022
124732,82,294,2022-09-01,2022
126665,583,29,2022-09-01,2022
126710,583,931,2022-09-01,2022
130142,2441,6418,2022-09-01,2022
130360,416,276,2022-09-01,2022
131075,398,46,2022-09-01,2022
137313,475,1423,2022-09-01,2022
142310,543,703,2022-09-01,2022
143559,430,237,2022-09-01,2022
152651,931,738,2022-09-01,2022
162056,3368,3302,2022-09-01,2022
163744,180,989,2022-09-01,2022
164913,294,2239,2022-09-01,2022
168157,543,405,2022-09-01,2022
170481,398,749,2022-09-01,2022
181378,273,417,2022-09-01,2022
189744,1158,157,2022-09-01,2022
191217,11,131,2022-09-01,2022
194549,380,4171,2022-09-01,2022
195488,931,12321,2022-09-01,2022
196792,294,18,2022-09-01,2022
212832,36,3008,2022-09-01,2022
221025,29,1082,2022-09-01,2022
223974,533,1025,2022-09-01,2022
238266,244,180,2022-09-01,2022
238947,3522,1390,2022-09-01,2022
241229,244,3709,2022-09-01,2022
243028,180,405,2022-09-01,2022
245048,1244,2740,2022-09-01,2022
262939,1531,1050,2022-09-01,2022
263804,190,683,2022-09-01,2022
265625,24,276,2022-09-01,2022
270541,273,79,2022-09-01,2022
272539,370,354,2022-09-01,2022
281404,631,366,2022-09-01,2022
283196,417,368,2022-09-01,2022
284701,7378,720,2022-09-01,2022
284730,16,281,2022-09-01,2022
285845,11,180,2022-09-01,2022
290615,2861,1159,2022-09-01,2022
292808,1421,1003,2022-09-01,2022
293168,410,23,2022-09-01,2022
297257,371,2420,2022-09-01,2022
324804,130,416,2022-09-01,2022
327757,44,380,2022-09-01,2022
330659,12,1049,2022-09-01,2022
334526,506,631,2022-09-01,2022
337066,366,12321,2022-09-01,2022
337715,3302,681,2022-09-01,2022
341516,6890,3325,2022-09-01,2022
345437,180,1095,2022-09-01,2022
345458,1390,749,2022-09-01,2022
345654,281,1095,2022-09-01,2022
359247,354,660,2022-09-01,2022
361104,131,5,2022-09-01,2022
361256,36,7378,2022-09-01,2022
362842,506,31,2022-09-01,2022
372240,1148,417,2022-09-01,2022
372246,1049,583,2022-09-01,2022
372711,33,244,2022-09-01,2022
383325,338,10690,2022-09-01,2022
396536,338,10690,2022-09-01,2022
396894,1049,449,2022-09-01,2022
400485,6195,1082,2022-09-01,2022
403898,18,1132,2022-09-01,2022
417575,1049,1075,2022-09-01,2022
418659,417,273,2022-09-01,2022
423744,631,1237,2022-09-01,2022
429983,202,940,2022-09-01,2022
443338,2457,2420,2022-09-01,2022
451801,2420,367,2022-09-01,2022
451858,2423,4294,2022-09-01,2022
460626,583,1245,2022-09-01,2022
461582,18105,595,2022-09-01,2022
464530,1091,415,2022-09-01,2022
465606,1148,1132,2022-09-01,2022
479589,1416,40,2022-09-01,2022
503881,82,5,2022-09-01,2022
505219,985,29,2022-09-01,2022
505675,150,1108,2022-09-01,2022
518472,7378,2410,2022-09-01,2022
525287,294,931,2022-09-01,2022
526578,660,53646,2022-09-01,2022
527350,1049,12321,2022-09-01,2022
531949,826,995,2022-09-01,2022
536475,3057,41231,2022-09-01,2022
549041,3329,2457,2022-09-01,2022
569384,46,1095,2022-09-01,2022
572326,826,273,2022-09-01,2022
587019,1148,2288,2022-09-01,2022
610878,1390,2921,2022-09-01,2022
617074,23826,1049,2022-09-01,2022
629567,2503,60551,2022-09-01,2022
644676,276,1038,2022-09-01,2022
649016,1421,3302,2022-09-01,2022
649020,347,543,2022-09-01,2022
655899,114,1075,2022-09-01,2022
656441,40,826,2022-09-01,2022
696589,405,1039,2022-09-01,2022
705808,714,897,2022-09-01,2022
724520,131,331,2022-09-01,2022
730126,1095,903,2022-09-01,2022
730581,273,703,2022-09-01,2022
893675,1421,738,2022-09-01,2022
939150,128,60949,2022-09-01,2022
62163,1519,2578,2022-08-31,2022
87162,35,2414,2022-08-31,2022
90024,167,369,2022-08-31,2022
94199,6890,868,2022-08-31,2022
102134,1053,1177,2022-08-31,2022
104918,1063,190,2022-08-31,2022
166237,583,506,2022-08-31,2022
177847,681,368,2022-08-31,2022
181768,252,130,2022-08-31,2022
183720,405,383,2022-08-31,2022
189441,368,610,2022-08-31,2022
193592,58,865,2022-08-31,2022
203412,449,190,2022-08-31,2022
210689,10690,338,2022-08-31,2022
223725,368,3709,2022-08-31,2022
224884,631,1032,2022-08-31,2022
255353,903,2553,2022-08-31,2022
259025,1158,449,2022-08-31,2022
292356,1091,798,2022-08-31,2022
307924,36,167,2022-08-31,2022
315862,252,3057,2022-08-31,2022
324351,276,683,2022-08-31,2022
345587,1148,5817,2022-08-31,2022
355501,12,58,2022-08-31,2022
369567,79,543,2022-08-31,2022
371003,281,1095,2022-08-31,2022
377720,202,133,2022-08-31,2022
384593,417,826,2022-08-31,2022
396536,10690,338,2022-08-31,2022
399543,40,1005,2022-08-31,2022
453704,5358,714,2022-08-31,2022
459763,800,2239,2022-08-31,2022
469669,618,1244,2022-08-31,2022
475411,1003,631,2022-08-31,2022
481173,683,12,2022-08-31,2022
490760,5817,3268,2022-08-31,2022
513330,202,192,2022-08-31,2022
523977,940,2425,2022-08-31,2022
524081,1177,206,2022-08-31,2022
525287,383,294,2022-08-31,2022
525704,506,2919,2022-08-31,2022
526578,53646,660,2022-08-31,2022
536835,985,289,2022-08-31,2022
542525,1063,1053,2022-08-31,2022
553328,2778,369,2022-08-31,2022
554403,6418,2079,2022-08-31,2022
564448,499,1426,2022-08-31,2022
566571,5724,1063,2022-08-31,2022
579930,1158,6574,2022-08-31,2022
596122,142,367,2022-08-31,2022
606849,2861,142,2022-08-31,2022
610431,79,2778,2022-08-31,2022
627207,167,202,2022-08-31,2022
645589,1465,1063,2022-08-31,2022
651269,1083,173,2022-08-31,2022
659521,583,289,2022-08-31,2022
684062,3911,1162,2022-08-31,2022
730126,2727,1095,2022-08-31,2022
810411,1158,1160,2022-08-31,2022
893675,738,1421,2022-08-31,2022
951579,738,1041,2022-08-31,2022
249126,148,1038,2022-08-30,2022
274484,1041,1147,2022-08-30,2022
282429,148,13,2022-08-30,2022
311489,714,467,2022-08-30,2022
350219,6195,583,2022-08-30,2022
355915,800,148,2022-08-30,2022
392768,631,15,2022-08-30,2022
399553,1159,2861,2022-08-30,2022
409344,417,1096,2022-08-30,2022
412829,1158,618,2022-08-30,2022
435648,27,1025,2022-08-30,2022
440953,58,306,2022-08-30,2022
491296,172,1132,2022-08-30,2022
541231,31,33,2022-08-30,2022
580193,27,42,2022-08-30,2022
595012,979,2503,2022-08-30,2022
602105,610,985,2022-08-30,2022
604327,27,499,2022-08-30,2022
607226,273,2969,2022-08-30,2022
623772,865,5818,2022-08-30,2022
629588,415,18,2022-08-30,2022
660342,252,130,2022-08-30,2022
105653,2832,7160,2022-08-29,2022
221958,294,2282,2022-08-29,2022
238407,23826,681,2022-08-29,2022
251813,1160,2441,2022-08-29,2022
265078,543,1047,2022-08-29,2022
268113,610,200,2022-08-29,2022
272812,3,410,2022-08-29,2022
316934,121,1025,2022-08-29,2022
322655,417,380,2022-08-29,2022
355915,148,800,2022-08-29,2022
369267,232,3524,2022-08-29,2022
384060,1041,237,2022-08-29,2022
407885,380,3060,2022-08-29,2022
444523,1041,379,2022-08-29,2022
476352,13,703,2022-08-29,2022
481688,265,336,2022-08-29,2022
508639,610,449,2022-08-29,2022
521964,33,5,2022-08-29,2022
532541,543,2288,2022-08-29,2022
535551,82,499,2022-08-29,2022
569389,162,417,2022-08-29,2022
580193,3,27,2022-08-29,2022
590914,683,553,2022-08-29,2022
167727,416,12,2022-08-28,2022
699783,865,2282,2022-08-28,2022
99343,583,621,2022-08-27,2022
111433,380,4171,2022-08-27,2022
260166,703,683,2022-08-27,2022
591193,29,603,2022-08-27,2022
726114,2441,932,2022-08-27,2022
56100,124,1039,2022-08-26,2022
191891,244,506,2022-08-26,2022
203854,660,55686,2022-08-26,2022
217115,1237,29,2022-08-26,2022
238752,1390,232,2022-08-26,2022
245021,6993,48332,2022-08-26,2022
260166,40,703,2022-08-26,2022
269371,10690,48332,2022-08-26,2022
272261,276,430,2022-08-26,2022
280701,1184,2687,2022-08-26,2022
324795,618,3911,2022-08-26,2022
336960,130,1005,2022-08-26,2022
349066,681,762,2022-08-26,2022
447052,621,1533,2022-08-26,2022
450234,533,65,2022-08-26,2022
586986,873,54189,2022-08-26,2022
606576,583,1132,2022-08-26,2022
623040,252,276,2022-08-26,2022
623521,418,3709,2022-08-26,2022
126540,131,1005,2022-08-25,2022
174915,336,3911,2022-08-25,2022
200188,607,252,2022-08-25,2022
207929,29,114,2022-08-25,2022
208690,1032,252,2022-08-25,2022
343052,11,417,2022-08-25,2022
349300,2698,371,2022-08-25,2022
375382,2420,1049,2022-08-25,2022
392881,252,607,2022-08-25,2022
461951,114,24245,2022-08-25,2022
554284,1237,499,2022-08-25,2022
68864,244,252,2022-08-24,2022
113235,2698,2696,2022-08-24,2022
174694,368,1095,2022-08-24,2022
223367,234,294,2022-08-24,2022
250450,202,403,2022-08-24,2022
277607,33,10,2022-08-24,2022
286384,985,244,2022-08-24,2022
288318,714,3302,2022-08-24,2022
379979,27,798,2022-08-24,2022
596884,16795,2995,2022-08-24,2022
621391,19789,3209,2022-08-24,2022
57134,1158,618,2022-08-23,2022
60577,1010,605,2022-08-23,2022
134999,234,200,2022-08-23,2022
181778,631,379,2022-08-23,2022
201737,371,969,2022-08-23,2022
226025,2919,8970,2022-08-23,2022
290017,410,1010,2022-08-23,2022
361264,2381,114,2022-08-23,2022
375383,720,3268,2022-08-23,2022
415646,543,2423,2022-08-23,2022
442320,1096,601,2022-08-23,2022
478365,1075,3329,2022-08-23,2022
521997,4482,18105,2022-08-23,2022
558727,36,968,2022-08-23,2022
588649,173,1177,2022-08-23,2022
615350,1041,1049,2022-08-23,2022
16306,418,985,2022-08-22,2022
88262,44,2282,2022-08-22,2022
131996,405,6890,2022-08-22,2022
199369,5358,472,2022-08-22,2022
233124,405,1010,2022-08-22,2022
258005,683,1465,2022-08-22,2022
282144,82,1005,2022-08-22,2022
290017,1010,410,2022-08-22,2022
387928,1091,660,2022-08-22,2022
431422,379,443,2022-08-21,2022
536482,583,24,2022-08-21,2022
735571,931,641,2022-08-21,2022
198722,3268,4294,2022-08-20,2022
357780,1096,41274,2022-08-20,2022
405885,6574,6195,2022-08-20,2022
183397,653,798,2022-08-19,2022
225393,903,465,2022-08-19,2022
339327,1090,678,2022-08-19,2022
353032,44,3709,2022-08-19,2022
357995,2919,458,2022-08-19,2022
386786,79,1132,2022-08-19,2022
396429,2457,2423,2022-08-19,2022
422466,1244,12321,2022-08-19,2022
429014,543,703,2022-08-19,2022
450936,148,6195,2022-08-19,2022
463613,273,520,2022-08-19,2022
546880,410,800,2022-08-19,2022
622380,46,631,2022-08-19,2022
627226,418,12321,2022-08-19,2022
658533,2778,520,2022-08-19,2022
662131,449,610,2022-08-19,2022
48067,964,3840,2022-08-18,2022
51736,2722,1390,2022-08-18,2022
124673,3840,553,2022-08-18,2022
216375,3057,601,2022-08-18,2022
245765,641,2293,2022-08-18,2022
272636,618,2441,2022-08-18,2022
282388,276,6195,2022-08-18,2022
314965,2919,11282,2022-08-18,2022
413565,1184,1025,2022-08-18,2022
418543,610,416,2022-08-18,2022
495621,418,2687,2022-08-18,2022
601883,336,543,2022-08-18,2022
626913,1050,380,2022-08-18,2022
44059,6646,6676,2022-08-17,2022
159957,16704,11127,2022-08-17,2022
197473,130,749,2022-08-17,2022
228948,583,379,2022-08-17,2022
284270,18,192,2022-08-17,2022
329630,2727,6418,2022-08-17,2022
455662,86,1304,2022-08-17,2022
524031,60551,820,2022-08-17,2022
538996,27,368,2022-08-17,2022
608832,4795,60,2022-08-17,2022
618415,583,1245,2022-08-17,2022
649452,281,244,2022-08-17,2022
654415,750,1082,2022-08-17,2022
701325,3349,2503,2022-08-17,2022
787776,10690,9010,2022-08-17,2022
837005,10690,924,2022-08-17,2022
74641,449,1467,2022-08-16,2022
157501,40,290,2022-08-16,2022
182201,36,1184,2022-08-16,2022
196829,58,234,2022-08-16,2022
349599,1050,1237,2022-08-16,2022
353796,3522,380,2022-08-16,2022
366930,58,281,2022-08-16,2022
391719,1010,1531,2022-08-16,2022
396402,18105,3592,2022-08-16,2022
422355,24,157,2022-08-16,2022
556385,148,410,2022-08-16,2022
556385,410,148,2022-08-16,2022
569383,162,1158,2022-08-16,2022
783094,192,618,2022-08-16,2022
99922,150,449,2022-08-15,2022
205657,11,11282,2022-08-15,2022
257482,3060,2381,2022-08-15,2022
287015,2740,7160,2022-08-15,2022
291422,350,80,2022-08-15,2022
425028,1108,3329,2022-08-15,2022
448920,1091,3329,2022-08-15,2022
595238,234,192,2022-08-15,2022
631819,10690,18303,2022-08-15,2022
148252,800,703,2022-08-14,2022
348795,148,1050,2022-08-14,2022
66934,873,703,2022-08-13,2022
288948,1123,987,2022-08-13,2022
295414,16795,2424,2022-08-13,2022
320953,83678,61825,2022-08-13,2022
412660,405,1010,2022-08-13,2022
448854,1010,703,2022-08-13,2022
466805,131,1049,2022-08-13,2022
25488,1038,380,2022-08-12,2022
63463,13,206,2022-08-12,2022
161011,24,506,2022-08-12,2022
199258,6195,2919,2022-08-12,2022
248271,7160,24245,2022-08-12,2022
249568,2282,2727,2022-08-12,2022
285322,2282,2727,2022-08-12,2022
298975,244,1531,2022-08-12,2022
346567,506,24,2022-08-12,2022
450417,347,380,2022-08-12,2022
471638,60949,60551,2022-08-12,2022
481513,6912,347,2022-08-12,2022
658835,968,2381,2022-08-12,2022
25508,252,6195,2022-08-11,2022
110036,89,80,2022-08-11,2022
210178,11,2919,2022-08-11,2022
245014,3368,449,2022-08-11,2022
250683,6195,1038,2022-08-11,2022
255450,800,416,2022-08-11,2022
258475,3302,1108,2022-08-11,2022
293200,379,416,2022-08-11,2022
315865,46,6574,2022-08-11,2022
340322,180,1132,2022-08-11,2022
340460,234,467,2022-08-11,2022
567495,605,60949,2022-08-11,2022
585959,583,273,2022-08-11,2022
40433,46,244,2022-08-10,2022
114113,1053,653,2022-08-10,2022
172015,1108,3302,2022-08-10,2022
172779,1269,133,2022-08-10,2022
182581,714,380,2022-08-10,2022
208166,430,3522,2022-08-10,2022
242532,331,3368,2022-08-10,2022
272622,379,931,2022-08-10,2022
317806,1184,2239,2022-08-10,2022
344596,631,162,2022-08-10,2022
540941,1038,1148,2022-08-10,2022
542819,2687,6912,2022-08-10,2022
678194,237,641,2022-08-10,2022
101118,150,399,2022-08-09,2022
128969,681,190,2022-08-09,2022
170527,631,23826,2022-08-09,2022
172142,472,2425,2022-08-09,2022
266795,398,2239,2022-08-09,2022
282810,12,940,2022-08-09,2022
344009,29,1071,2022-08-09,2022
352659,141,6646,2022-08-09,2022
366729,338,10690,2022-08-09,2022
485706,1082,29,2022-08-09,2022
542697,1177,1184,2022-08-09,2022
573907,2457,6912,2022-08-09,2022
36898,65,35,2022-08-08,2022
56416,6195,141,2022-08-08,2022
128901,543,29,2022-08-08,2022
132010,605,5572,2022-08-08,2022
146227,1049,467,2022-08-08,2022
197929,3522,398,2022-08-08,2022
225122,1049,543,2022-08-08,2022
277179,23826,533,2022-08-08,2022
318077,11,141,2022-08-08,2022
398163,12,1038,2022-08-08,2022
469781,234,989,2022-08-08,2022
506248,1533,714,2022-08-08,2022
743091,114,416,2022-08-08,2022
85288,418,368,2022-08-07,2022
111819,131,989,2022-08-07,2022
307519,366,2687,2022-08-07,2022
361068,44,1096,2022-08-07,2022
386914,800,749,2022-08-07,2022
181547,24,940,2022-08-06,2022
391498,276,1005,2022-08-06,2022
448344,714,16795,2022-08-06,2022
599215,22110,1177,2022-08-06,2022
164771,12,244,2022-08-05,2022
234781,1132,379,2022-08-05,2022
284857,1237,631,2022-08-05,2022
297693,1269,235,2022-08-05,2022
306166,703,290,2022-08-05,2022
308552,232,33,2022-08-05,2022
463605,415,1082,2022-08-05,2022
525299,418,12321,2022-08-05,2022
528451,1063,4795,2022-08-05,2022
614258,631,1237,2022-08-05,2022
748838,10690,85465,2022-08-05,2022
124028,660,1082,2022-08-04,2022
212391,3368,1531,2022-08-04,2022
248271,11688,7160,2022-08-04,2022
258027,1082,583,2022-08-04,2022
272631,1416,11282,2022-08-04,2022
313097,968,41274,2022-08-04,2022
315128,1110,724,2022-08-04,2022
322702,1096,1132,2022-08-04,2022
361066,200,1269,2022-08-04,2022
406040,23826,800,2022-08-04,2022
448470,1465,720,2022-08-04,2022
459151,800,749,2022-08-04,2022
471582,618,3329,2022-08-04,2022
504073,336,533,2022-08-04,2022
611430,2995,7378,2022-08-04,2022
659459,405,631,2022-08-04,2022
899884,4482,39097,2022-08-04,2022
16911,1003,417,2022-08-03,2022
98131,11688,152,2022-08-03,2022
159908,141,10484,2022-08-03,2022
172202,6,1304,2022-08-03,2022
203378,58,235,2022-08-03,2022
240675,19,276,2022-08-03,2022
283211,7160,3209,2022-08-03,2022
284835,7160,3209,2022-08-03,2022
322873,1467,36,2022-08-03,2022
344107,1071,1519,2022-08-03,2022
355987,7160,3209,2022-08-03,2022
371141,2282,533,2022-08-03,2022
374253,5818,5724,2022-08-03,2022
443746,23,1269,2022-08-03,2022
493702,749,417,2022-08-03,2022
503770,11,1421,2022-08-03,2022
505674,13,367,2022-08-03,2022
574385,610,190,2022-08-03,2022
727081,36,1467,2022-08-03,2022
742611,7160,3209,2022-08-03,2022
56631,306,1435,2022-08-02,2022
72476,11,931,2022-08-02,2022
73269,605,60949,2022-08-02,2022
134277,1148,290,2022-08-02,2022
136180,1090,141,2022-08-02,2022
181380,379,114,2022-08-02,2022
203842,800,3522,2022-08-02,2022
232463,865,79,2022-08-02,2022
366729,6992,338,2022-08-02,2022
378293,281,12321,2022-08-02,2022
435772,2282,5,2022-08-02,2022
591914,347,855,2022-08-02,2022
45601,42,173,2022-08-01,2022
54534,720,940,2022-08-01,2022
94307,6574,1038,2022-08-01,2022
143812,46,398,2022-08-01,2022
186368,46,416,2022-08-01,2022
216443,499,1090,2022-08-01,2022
297212,148,273,2022-08-01,2022
298976,418,3709,2022-08-01,2022
399434,641,989,2022-08-01,2022
404845,61825,6992,2022-08-01,2022
461617,13,12321,2022-08-01,2022
539065,932,417,2022-08-01,2022
667965,244,11282,2022-08-01,2022
38607,2722,1005,2022-07-31,2022
46083,114,2441,2022-07-31,2022
289592,79,703,2022-07-31,2022
318204,533,23826,2022-07-31,2022
685589,3719,6646,2022-07-31,2022
110668,3508,3060,2022-07-30,2022
176409,61825,85465,2022-07-30,2022
283233,430,234,2022-07-30,2022
331505,131,940,2022-07-30,2022
487834,46,380,2022-07-30,2022
531065,1283,3948,2022-07-30,2022
535955,11,244,2022-07-30,2022
65467,1050,3368,2022-07-29,2022
94928,83678,60551,2022-07-29,2022
95707,83678,60551,2022-07-29,2022
127108,1108,367,2022-07-29,2022
188180,338,265,2022-07-29,2022
241119,121,2381,2022-07-29,2022
263267,410,11688,2022-07-29,2022
288853,83678,60551,2022-07-29,2022
342877,1420,410,2022-07-29,2022
344399,1465,2425,2022-07-29,2022
344588,124,1519,2022-07-29,2022
347913,244,36,2022-07-29,2022
348791,1184,1421,2022-07-29,2022
364237,720,1032,2022-07-29,2022
365394,2698,683,2022-07-29,2022
368891,1025,273,2022-07-29,2022
459988,2921,8970,2022-07-29,2022
491693,13,410,2022-07-29,2022
539134,5,3522,2022-07-29,2022
573981,6890,589,2022-07-29,2022
678778,83678,60551,2022-07-29,2022
55524,3840,11688,2022-07-28,2022
76467,1010,1050,2022-07-28,2022
85352,449,10484,2022-07-28,2022
137206,964,6646,2022-07-28,2022
175449,1050,331,2022-07-28,2022
388160,1421,2861,2022-07-28,2022
392570,6574,458,2022-07-28,2022
411975,368,131,2022-07-28,2022
412949,234,1268,2022-07-28,2022
413605,2282,2239,2022-07-28,2022
418652,5,2715,2022-07-28,2022
420213,200,234,2022-07-28,2022
424042,410,13,2022-07-28,2022
468249,520,1132,2022-07-28,2022
471055,33,127,2022-07-28,2022
524043,317,403,2022-07-28,2022
584769,1132,29,2022-07-28,2022
659516,1159,2919,2022-07-28,2022
694928,13,1049,2022-07-28,2022
859182,2944,44006,2022-07-28,2022
99499,979,3268,2022-07-27,2022
179860,336,265,2022-07-27,2022
182424,1096,601,2022-07-27,2022
183321,82,931,2022-07-27,2022
196722,873,2578,2022-07-27,2022
274694,4083,458,2022-07-27,2022
276337,449,2832,2022-07-27,2022
280575,82,167,2022-07-27,2022
291941,720,2424,2022-07-27,2022
294730,58,660,2022-07-27,2022
307053,26459,83678,2022-07-27,2022
357158,336,29,2022-07-27,2022
479638,294,1465,2022-07-27,2022
480762,610,985,2022-07-27,2022
503482,36,6195,2022-07-27,2022
504087,294,2424,2022-07-27,2022
578539,27,873,2022-07-27,2022
618809,13,331,2022-07-27,2022
70245,3709,16795,2022-07-26,2022
241527,1038,380,2022-07-26,2022
302991,3709,16795,2022-07-26,2022
315867,6574,379,2022-07-26,2022
348026,23826,583,2022-07-26,2022
406609,33,200,2022-07-26,2022
430475,235,317,2022-07-26,2022
583510,3709,16795,2022-07-26,2022
665390,405,603,2022-07-26,2022
801734,273,27,2022-07-26,2022
811544,41231,2696,2022-07-26,2022
61253,430,16795,2022-07-25,2022
129444,714,12321,2022-07-25,2022
130394,4171,1390,2022-07-25,2022
268732,982,979,2022-07-25,2022
281989,16795,3709,2022-07-25,2022
338672,46,1090,2022-07-25,2022
390379,19789,2832,2022-07-25,2022
396638,660,931,2022-07-25,2022
457422,46,8970,2022-07-25,2022
477930,114,124,2022-07-25,2022
557612,40,180,2022-07-25,2022
596446,399,677,2022-07-25,2022
627228,281,12321,2022-07-25,2022
649024,36,868,2022-07-25,2022
811544,2696,41231,2022-07-25,2022
169511,3729,868,2022-07-24,2022
277118,2448,605,2022-07-24,2022
375857,2410,1005,2022-07-24,2022
724033,653,30120,2022-07-24,2022
88879,26459,39097,2022-07-23,2022
126337,3725,2741,2022-07-23,2022
131225,610,1041,2022-07-23,2022
185164,10,3057,2022-07-23,2022
306382,19789,3008,2022-07-23,2022
361260,33,533,2022-07-23,2022
377393,1123,3911,2022-07-23,2022
410185,39,667,2022-07-23,2022
444211,180,512,2022-07-23,2022
481627,294,3325,2022-07-23,2022
31067,653,468,2022-07-22,2022
74810,1132,1148,2022-07-22,2022
182573,265,798,2022-07-22,2022
190263,1421,237,2022-07-22,2022
196522,762,512,2022-07-22,2022
203853,281,11,2022-07-22,2022
232895,1160,11282,2022-07-22,2022
251848,621,385,2022-07-22,2022
256267,398,237,2022-07-22,2022
272706,35,4,2022-07-22,2022
320748,121,234,2022-07-22,2022
336104,441,2671,2022-07-22,2022
371021,281,1132,2022-07-22,2022
401529,660,430,2022-07-22,2022
421768,800,276,2022-07-22,2022
451677,1123,317,2022-07-22,2022
473169,23826,610,2022-07-22,2022
495489,826,3060,2022-07-22,2022
572919,79,499,2022-07-22,2022
607814,964,41231,2022-07-22,2022
743591,1095,383,2022-07-22,2022
57216,1420,347,2022-07-21,2022
62514,28095,2698,2022-07-21,2022
67082,13,472,2022-07-21,2022
146752,276,2919,2022-07-21,2022
236400,1041,141,2022-07-21,2022
277777,48332,660,2022-07-21,2022
296513,2698,1083,2022-07-21,2022
318426,2698,932,2022-07-21,2022
341019,114,252,2022-07-21,2022
462348,141,995,2022-07-21,2022
487474,720,610,2022-07-21,2022
489611,506,2919,2022-07-21,2022
492313,800,385,2022-07-21,2022
535706,347,2715,2022-07-21,2022
553217,1455,798,2022-07-21,2022
600041,458,1005,2022-07-21,2022
77812,1123,105,2022-07-20,2022
150663,200,1304,2022-07-20,2022
175639,826,244,2022-07-20,2022
182891,520,162,2022-07-20,2022
198516,1110,703,2022-07-20,2022
199321,940,244,2022-07-20,2022
206050,506,12,2022-07-20,2022
225744,41274,43,2022-07-20,2022
282721,3524,8024,2022-07-20,2022
290346,2995,16795,2022-07-20,2022
338285,621,940,2022-07-20,2022
339707,410,2448,2022-07-20,2022
346546,162,520,2022-07-20,2022
370833,589,3008,2022-07-20,2022
393217,589,24245,2022-07-20,2022
424784,16795,244,2022-07-20,2022
461883,124,610,2022-07-20,2022
464599,865,968,2022-07-20,2022
516716,416,506,2022-07-20,2022
560694,1110,703,2022-07-20,2022
701834,2944,10484,2022-07-20,2022
891989,2944,10484,2022-07-20,2022
38253,27,131,2022-07-19,2022
85291,6890,589,2022-07-19,2022
99100,865,5724,2022-07-19,2022
221624,281,641,2022-07-19,2022
226524,1038,89,2022-07-19,2022
227110,44,157,2022-07-19,2022
257097,31,124,2022-07-19,2022
291548,449,7775,2022-07-19,2022
326031,506,27,2022-07-19,2022
335147,969,380,2022-07-19,2022
344869,826,1075,2022-07-19,2022
405398,418,681,2022-07-19,2022
460245,1158,371,2022-07-19,2022
483348,641,148,2022-07-19,2022
505653,543,58,2022-07-19,2022
533238,5220,30120,2022-07-19,2022
631904,82,132,2022-07-19,2022
633850,4482,85465,2022-07-19,2022
683828,924,114,2022-07-19,2022
54217,472,16795,2022-07-18,2022
131553,48332,10690,2022-07-18,2022
137616,940,984,2022-07-18,2022
148365,3948,2282,2022-07-18,2022
198709,3524,1420,2022-07-18,2022
278531,6195,749,2022-07-18,2022
286949,1010,410,2022-07-18,2022
345748,206,1095,2022-07-18,2022
367284,1237,6195,2022-07-18,2022
396536,338,10690,2022-07-18,2022
470831,338,18303,2022-07-18,2022
483573,1108,3329,2022-07-18,2022
496706,2698,1158,2022-07-18,2022
586429,6574,499,2022-07-18,2022
626475,338,10690,2022-07-18,2022
669306,338,10690,2022-07-18,2022
830079,6993,6992,2022-07-18,2022
153664,38,1091,2022-07-17,2022
197470,5,3522,2022-07-17,2022
238537,1038,1005,2022-07-17,2022
661053,29,383,2022-07-17,2022
342405,1025,82,2022-07-16,2022
357156,720,89,2022-07-16,2022
398030,252,8970,2022-07-16,2022
412513,607,276,2022-07-16,2022
524860,2861,54189,2022-07-16,2022
701819,430,276,2022-07-16,2022
709726,1421,583,2022-07-16,2022
22628,40,290,2022-07-15,2022
45494,1132,703,2022-07-15,2022
69633,1148,985,2022-07-15,2022
119211,15,86,2022-07-15,2022
152460,200,1283,2022-07-15,2022
170953,1420,10484,2022-07-15,2022
179548,2079,3385,2022-07-15,2022
203348,720,244,2022-07-15,2022
227199,26459,63007,2022-07-15,2022
237662,18,162,2022-07-15,2022
283127,1095,738,2022-07-15,2022
294321,294,499,2022-07-15,2022
334042,940,2441,2022-07-15,2022
357796,1082,380,2022-07-15,2022
364827,984,603,2022-07-15,2022
422838,121,2696,2022-07-15,2022
459658,506,1025,2022-07-15,2022
467437,27,124,2022-07-15,2022
487421,7179,2424,2022-07-15,2022
516749,232,2696,2022-07-15,2022
565232,8024,2420,2022-07-15,2022
567023,28095,3725,2022-07-15,2022
585958,273,3329,2022-07-15,2022
57534,3948,172,2022-07-14,2022
178942,3349,2431,2022-07-14,2022
222209,398,1148,2022-07-14,2022
229817,1083,868,2022-07-14,2022
234733,128,3385,2022-07-14,2022
242272,83678,3592,2022-07-14,2022
251680,1084,1091,2022-07-14,2022
292837,2698,3719,2022-07-14,2022
337333,232,33,2022-07-14,2022
343273,367,3368,2022-07-14,2022
371851,2410,410,2022-07-14,2022
459658,252,506,2022-07-14,2022
477938,141,3840,2022-07-14,2022
482102,206,1894,2022-07-14,2022
557410,23826,3057,2022-07-14,2022
568559,506,252,2022-07-14,2022
626954,621,1533,2022-07-14,2022
640395,30120,169,2022-07-14,2022
700031,36,3840,2022-07-14,2022
775709,660,18303,2022-07-14,2022
91059,1010,36,2022-07-13,2022
127181,162,714,2022-07-13,2022
134425,281,631,2022-07-13,2022
147051,23826,1158,2022-07-13,2022
182581,16704,714,2022-07-13,2022
190513,441,3999,2022-07-13,2022
236510,31,603,2022-07-13,2022
260829,3948,172,2022-07-13,2022
287635,618,653,2022-07-13,2022
298410,20,6418,2022-07-13,2022
312773,2919,2921,2022-07-13,2022
339005,18105,126,2022-07-13,2022
367464,16795,398,2022-07-13,2022
388266,2420,3008,2022-07-13,2022
395677,750,738,2022-07-13,2022
411295,399,131,2022-07-13,2022
412669,131,336,2022-07-13,2022
454576,234,2503,2022-07-13,2022
500067,2410,44,2022-07-13,2022
542588,2921,2919,2022-07-13,2022
567129,903,276,2022-07-13,2022
594991,3524,1082,2022-07-13,2022
776798,1237,1420,2022-07-13,2022
61887,265,868,2022-07-12,2022
64352,1269,403,2022-07-12,2022
148262,762,1032,2022-07-12,2022
168156,371,354,2022-07-12,2022
195171,5,1049,2022-07-12,2022
197747,5,398,2022-07-12,2022
237923,441,3999,2022-07-12,2022
242606,58,1132,2022-07-12,2022
249636,290,738,2022-07-12,2022
250013,1420,39,2022-07-12,2022
277772,60949,2671,2022-07-12,2022
308278,131,1010,2022-07-12,2022
337670,130,354,2022-07-12,2022
339328,1090,610,2022-07-12,2022
357047,3911,1423,2022-07-12,2022
376484,1465,2671,2022-07-12,2022
400831,336,605,2022-07-12,2022
404384,33,124,2022-07-12,2022
428563,370,1025,2022-07-12,2022
469050,1132,543,2022-07-12,2022
500689,417,995,2022-07-12,2022
564785,1184,6574,2022-07-12,2022
644401,3008,1148,2022-07-12,2022
59290,55686,63007,2022-07-11,2022
122153,985,506,2022-07-11,2022
165345,1241,1519,2022-07-11,2022
169260,55686,6992,2022-07-11,2022
170646,368,405,2022-07-11,2022
197135,681,2687,2022-07-11,2022
203394,985,931,2022-07-11,2022
227039,16704,468,2022-07-11,2022
257376,16795,3709,2022-07-11,2022
289257,681,1108,2022-07-11,2022
315125,44,234,2022-07-11,2022
325429,55686,3592,2022-07-11,2022
461843,368,1533,2022-07-11,2022
524925,681,200,2022-07-11,2022
543387,826,873,2022-07-11,2022
622454,2700,75231,2022-07-11,2022
622477,2700,75231,2022-07-11,2022
726014,338,18303,2022-07-11,2022
731491,46,1390,2022-07-11,2022
804661,1147,2715,2022-07-11,2022
58072,48726,55686,2022-07-10,2022
113707,969,1082,2022-07-10,2022
118850,121,80,2022-07-10,2022
187024,16704,1083,2022-07-10,2022
190188,3725,3719,2022-07-10,2022
424881,27,703,2022-07-10,2022
503680,31,703,2022-07-10,2022
515249,932,3719,2022-07-10,2022
112465,720,141,2022-07-09,2022
130353,2410,265,2022-07-09,2022
244192,800,430,2022-07-09,2022
300538,121,1083,2022-07-09,2022
392655,2448,8024,2022-07-09,2022
448258,41,79,2022-07-09,2022
468198,124,180,2022-07-09,2022
480975,36,3008,2022-07-09,2022
559794,148,289,2022-07-09,2022
560903,3329,2425,2022-07-09,2022
590773,306,723,2022-07-09,2022
591949,1025,1148,2022-07-09,2022
7825,398,1050,2022-07-08,2022
45320,583,506,2022-07-08,2022
94928,53646,83678,2022-07-08,2022
120205,167,60,2022-07-08,2022
159079,19789,3840,2022-07-08,2022
163738,1039,605,2022-07-08,2022
182904,131,148,2022-07-08,2022
212229,1467,968,2022-07-08,2022
257462,418,430,2022-07-08,2022
284165,148,610,2022-07-08,2022
284884,368,940,2022-07-08,2022
303657,46,2239,2022-07-08,2022
312678,5,6890,2022-07-08,2022
315762,1304,940,2022-07-08,2022
329813,29,133,2022-07-08,2022
335457,60,167,2022-07-08,2022
353970,589,126,2022-07-08,2022
389837,276,398,2022-07-08,2022
396532,338,48332,2022-07-08,2022
439022,141,368,2022-07-08,2022
517376,126,3840,2022-07-08,2022
540516,903,2451,2022-07-08,2022
647950,172,750,2022-07-08,2022
694928,2424,13,2022-07-08,2022
59084,1091,3268,2022-07-07,2022
206947,681,3840,2022-07-07,2022
239733,2832,385,2022-07-07,2022
245078,244,416,2022-07-07,2022
256013,7378,2431,2022-07-07,2022
288237,273,1416,2022-07-07,2022
334440,2410,16704,2022-07-07,2022
371013,276,385,2022-07-07,2022
396532,10690,338,2022-07-07,2022
418559,16704,380,2022-07-07,2022
443222,331,472,2022-07-07,2022
449151,4083,5,2022-07-07,2022
487843,5,1005,2022-07-07,2022
506189,2288,379,2022-07-07,2022
510782,41231,964,2022-07-07,2022
512385,234,399,2022-07-07,2022
549966,3057,114,2022-07-07,2022
554398,683,385,2022-07-07,2022
633434,449,3840,2022-07-07,2022
717957,367,993,2022-07-07,2022
23951,244,273,2022-07-06,2022
35047,16,13,2022-07-06,2022
124495,3999,1269,2022-07-06,2022
148355,2687,2441,2022-07-06,2022
181375,610,16,2022-07-06,2022
239962,398,190,2022-07-06,2022
258364,3329,467,2022-07-06,2022
291200,39,703,2022-07-06,2022
309110,940,681,2022-07-06,2022
332179,800,2919,2022-07-06,2022
332705,23826,399,2022-07-06,2022
342389,2698,865,2022-07-06,2022
357992,1390,46,2022-07-06,2022
368887,2282,826,2022-07-06,2022
442552,1158,3302,2022-07-06,2022
459655,800,380,2022-07-06,2022
460629,583,667,2022-07-06,2022
464446,1025,467,2022-07-06,2022
495625,418,2687,2022-07-06,2022
537956,605,3385,2022-07-06,2022
607854,380,800,2022-07-06,2022
125614,533,3,2022-07-05,2022
148368,31,5,2022-07-05,2022
181410,6646,11282,2022-07-05,2022
191056,703,826,2022-07-05,2022
211121,987,2553,2022-07-05,2022
228645,1132,114,2022-07-05,2022
237499,237,1108,2022-07-05,2022
251075,1082,12,2022-07-05,2022
289510,3057,1132,2022-07-05,2022
289651,1268,1435,2022-07-05,2022
290336,2420,336,2022-07-05,2022
295183,1390,749,2022-07-05,2022
339340,234,985,2022-07-05,2022
340323,2079,3385,2022-07-05,2022
340339,1049,1244,2022-07-05,2022
358504,383,60,2022-07-05,2022
388820,33,6646,2022-07-05,2022
447221,33,2727,2022-07-05,2022
466602,371,3911,2022-07-05,2022
498237,1075,720,2022-07-05,2022
54716,979,3325,2022-07-04,2022
58855,868,3209,2022-07-04,2022
66953,2375,3209,2022-07-04,2022
83560,2832,2293,2022-07-04,2022
91419,18105,48726,2022-07-04,2022
190190,49364,3592,2022-07-04,2022
196948,631,131,2022-07-04,2022
234189,405,449,2022-07-04,2022
257455,336,931,2022-07-04,2022
286005,1245,354,2022-07-04,2022
308279,506,430,2022-07-04,2022
331739,678,2727,2022-07-04,2022
342702,58,317,2022-07-04,2022
343463,114,2282,2022-07-04,2022
351749,399,281,2022-07-04,2022
363205,281,11,2022-07-04,2022
372267,232,383,2022-07-04,2022
383008,2990,68608,2022-07-04,2022
433805,499,235,2022-07-04,2022
457931,398,150,2022-07-04,2022
490842,8970,1177,2022-07-04,2022
532900,1085,8024,2022-07-04,2022
538918,46,58,2022-07-04,2022
543666,6574,8970,2022-07-04,2022
640109,46,749,2022-07-04,2022
658536,1237,3948,2022-07-04,2022
742201,13,142,2022-07-04,2022
120565,1010,605,2022-07-03,2022
248349,4795,6912,2022-07-03,2022
353584,26459,6992,2022-07-03,2022
446491,607,172,2022-07-03,2022
536507,1095,703,2022-07-03,2022
621592,2410,2741,2022-07-03,2022
25289,982,2431,2022-07-02,2022
45671,29,114,2022-07-02,2022
72522,368,383,2022-07-02,2022
85393,1025,1390,2022-07-02,2022
118997,3368,331,2022-07-02,2022
173504,1132,29,2022-07-02,2022
216179,46,2919,2022-07-02,2022
242284,703,1031,2022-07-02,2022
258919,985,703,2022-07-02,2022
269371,48332,10690,2022-07-02,2022
283223,6646,36,2022-07-02,2022
288259,385,202,2022-07-02,2022
355816,281,18,2022-07-02,2022
381913,441,47,2022-07-02,2022
387110,2503,294,2022-07-02,2022
401394,4,265,2022-07-02,2022
431182,232,11127,2022-07-02,2022
446491,172,607,2022-07-02,2022
448177,65,44,2022-07-02,2022
469064,989,512,2022-07-02,2022
515056,232,14589,2022-07-02,2022
552472,4083,130,2022-07-02,2022
644613,15,4,2022-07-02,2022
652270,932,1124,2022-07-02,2022
673514,1041,595,2022-07-02,2022
685761,1083,3729,2022-07-02,2022
4391,653,383,2022-07-01,2022
9500,1039,903,2022-07-01,2022
12907,1390,2919,2022-07-01,2022
16756,28095,2698,2022-07-01,2022
18940,1162,1041,2022-07-01,2022
21306,370,2578,2022-07-01,2022
23553,468,1269,2022-07-01,2022
33210,610,317,2022-07-01,2022
33480,441,1096,2022-07-01,2022
33763,1005,252,2022-07-01,2022
33862,157,968,2022-07-01,2022
41131,1519,465,2022-07-01,2022
42460,46,148,2022-07-01,2022
43512,86,589,2022-07-01,2022
46001,1010,995,2022-07-01,2022
52570,180,148,2022-07-01,2022
55735,12,46,2022-07-01,2022
56331,2282,200,2022-07-01,2022
56354,190,369,2022-07-01,2022
57328,202,1269,2022-07-01,2022
59352,16704,2698,2022-07-01,2022
59442,16239,6992,2022-07-01,2022
59597,932,232,2022-07-01,2022
59896,10690,3592,2022-07-01,2022
60542,16795,3524,2022-07-01,2022
60957,80,33,2022-07-01,2022
61764,982,4294,2022-07-01,2022
67556,380,276,2022-07-01,2022
68033,24,2441,2022-07-01,2022
69646,410,449,2022-07-01,2022
74683,985,12,2022-07-01,2022
74842,383,24,2022-07-01,2022
75458,12,405,2022-07-01,2022
77825,2722,416,2022-07-01,2022
79194,133,403,2022-07-01,2022
80442,41274,2727,2022-07-01,2022
80444,131,405,2022-07-01,2022
81173,1304,23826,2022-07-01,2022
81999,1108,714,2022-07-01,2022
84765,6574,1038,2022-07-01,2022
85906,24,39,2022-07-01,2022
85941,10,281,2022-07-01,2022
86202,631,418,2022-07-01,2022
88683,252,749,2022-07-01,2022
88706,749,130,2022-07-01,2022
90959,2293,7775,2022-07-01,2022
93081,65,200,2022-07-01,2022
93177,3714,2698,2022-07-01,2022
93720,11,1041,2022-07-01,2022
93763,44,33,2022-07-01,2022
96341,631,46,2022-07-01,2022
98543,3609,2741,2022-07-01,2022
98547,964,2424,2022-07-01,2022
99254,130,380,2022-07-01,2022
99353,681,3709,2022-07-01,2022
101531,1245,54189,2022-07-01,2022
103565,618,969,2022-07-01,2022
104414,41274,2727,2022-07-01,2022
106872,39,80,2022-07-01,2022
107525,605,6676,2022-07-01,2022
107544,370,465,2022-07-01,2022
110668,399,3508,2022-07-01,2022
110864,984,873,2022-07-01,2022
111376,20,601,2022-07-01,2022
111426,1519,371,2022-07-01,2022
113052,2375,3209,2022-07-01,2022
118847,24,39,2022-07-01,2022
120070,903,987,2022-07-01,2022
120629,583,379,2022-07-01,2022
122155,681,150,2022-07-01,2022
124422,127,2381,2022-07-01,2022
124502,18,60,2022-07-01,2022
124673,553,3840,2022-07-01,2022
125755,3690,1124,2022-07-01,2022
125769,2671,605,2022-07-01,2022
126360,2671,265,2022-07-01,2022
127142,273,1082,2022-07-01,2022
130365,12,5,2022-07-01,2022
131658,3325,979,2022-07-01,2022
131731,6574,3522,2022-07-01,2022
131758,19,607,2022-07-01,2022
136514,1390,1025,2022-07-01,2022
138736,141,7160,2022-07-01,2022
139396,383,36,2022-07-01,2022
140191,379,989,2022-07-01,2022
146693,443,105,2022-07-01,2022
146752,1038,276,2022-07-01,2022
148118,28095,2698,2022-07-01,2022
155395,7179,2503,2022-07-01,2022
155964,83678,18303,2022-07-01,2022
157848,39722,152,2022-07-01,2022
161202,2079,3385,2022-07-01,2022
162101,1053,2778,2022-07-01,2022
162434,44,86,2022-07-01,2022
163048,252,4171,2022-07-01,2022
165793,31,162,2022-07-01,2022
166601,27,16,2022-07-01,2022
166677,237,714,2022-07-01,2022
167105,252,190,2022-07-01,2022
170961,347,667,2022-07-01,2022
177779,60,89,2022-07-01,2022
178313,162,667,2022-07-01,2022
179635,79,80,2022-07-01,2022
179973,2741,1124,2022-07-01,2022
182079,3205,7160,2022-07-01,2022
182403,3690,2741,2022-07-01,2022
182923,1025,449,2022-07-01,2022
187105,10,200,2022-07-01,2022
189186,24245,152,2022-07-01,2022
190269,2671,6676,2022-07-01,2022
190338,1160,618,2022-07-01,2022
190393,27,1041,2022-07-01,2022
191556,24245,3209,2022-07-01,2022
191891,6195,244,2022-07-01,2022
192009,621,367,2022-07-01,2022
192080,1132,762,2022-07-01,2022
193782,15,24,2022-07-01,2022
194547,982,4294,2022-07-01,2022
197981,2424,868,2022-07-01,2022
198006,2420,1091,2022-07-01,2022
199316,2293,141,2022-07-01,2022
200616,60551,2727,2022-07-01,2022
203608,2441,60949,2022-07-01,2022
205116,2424,4294,2022-07-01,2022
206225,762,1123,2022-07-01,2022
206912,1420,826,2022-07-01,2022
211325,605,3840,2022-07-01,2022
211845,157,354,2022-07-01,2022
212216,2420,2425,2022-07-01,2022
212243,6993,10690,2022-07-01,2022
213429,3690,11127,2022-07-01,2022
215094,132,468,2022-07-01,2022
215096,1039,38,2022-07-01,2022
215864,533,2441,2022-07-01,2022
216489,6418,553,2022-07-01,2022
216569,6574,800,2022-07-01,2022
216872,8970,607,2022-07-01,2022
220650,16704,3725,2022-07-01,2022
222813,31,720,2022-07-01,2022
222859,969,33,2022-07-01,2022
223979,82,23826,2022-07-01,2022
227081,398,46,2022-07-01,2022
232093,232,3719,2022-07-01,2022
232144,80,89,2022-07-01,2022
234029,89,533,2022-07-01,2022
234509,610,46,2022-07-01,2022
235767,43,124,2022-07-01,2022
235780,987,465,2022-07-01,2022
236471,36,3008,2022-07-01,2022
238468,903,2578,2022-07-01,2022
238868,1050,331,2022-07-01,2022
241477,1090,33,2022-07-01,2022
241486,235,1435,2022-07-01,2022
241923,4171,276,2022-07-01,2022
242661,2671,35,2022-07-01,2022
243188,18,41,2022-07-01,2022
243770,5817,865,2022-07-01,2022
244940,3,16,2022-07-01,2022
246204,2687,367,2022-07-01,2022
247250,366,2687,2022-07-01,2022
248658,371,200,2022-07-01,2022
249303,4795,3948,2022-07-01,2022
249360,1301,2424,2022-07-01,2022
249552,1390,520,2022-07-01,2022
249747,1083,14589,2022-07-01,2022
250153,607,380,2022-07-01,2022
250478,405,762,2022-07-01,2022
250543,28643,2727,2022-07-01,2022
251079,738,2832,2022-07-01,2022
251303,1096,35,2022-07-01,2022
251587,2759,987,2022-07-01,2022
251876,79,237,2022-07-01,2022
252677,3368,1050,2022-07-01,2022
256186,369,1894,2022-07-01,2022
258039,1096,24,2022-07-01,2022
260330,2375,2293,2022-07-01,2022
263962,2696,232,2022-07-01,2022
264063,660,48332,2022-07-01,2022
264567,1423,855,2022-07-01,2022
265282,2696,1124,2022-07-01,2022
269371,16239,48332,2022-07-01,2022
269878,89,39,2022-07-01,2022
271098,1010,683,2022-07-01,2022
271455,969,294,2022-07-01,2022
272587,35,60,2022-07-01,2022
273132,800,46,2022-07-01,2022
275457,520,54189,2022-07-01,2022
276764,1241,43,2022-07-01,2022
276853,1435,306,2022-07-01,2022
279242,232,964,2022-07-01,2022
280080,441,2672,2022-07-01,2022
282349,33,269,2022-07-01,2022
282388,1390,276,2022-07-01,2022
282727,16795,366,2022-07-01,2022
283223,940,6646,2022-07-01,2022
283580,29228,968,2022-07-01,2022
283735,276,398,2022-07-01,2022
286047,1390,749,2022-07-01,2022
286415,12,244,2022-07-01,2022
287920,105,89,2022-07-01,2022
288067,403,306,2022-07-01,2022
288233,133,403,2022-07-01,2022
288240,2698,11127,2022-07-01,2022
288253,39,336,2022-07-01,2022
288259,350,385,2022-07-01,2022
288858,1467,2381,2022-07-01,2022
289835,190,86,2022-07-01,2022
290405,443,5724,2022-07-01,2022
291758,2381,2293,2022-07-01,2022
291927,152,7775,2022-07-01,2022
292246,23826,543,2022-07-01,2022
293828,3714,3725,2022-07-01,2022
295313,89,703,2022-07-01,2022
296397,44,167,2022-07-01,2022
296783,232,1531,2022-07-01,2022
296802,417,383,2022-07-01,2022
296879,16,3,2022-07-01,2022
301238,46,2919,2022-07-01,2022
308371,2423,2420,2022-07-01,2022
314942,1465,2503,2022-07-01,2022
314965,294,2919,2022-07-01,2022
315253,317,1435,2022-07-01,2022
315254,1269,1090,2022-07-01,2022
315332,24,39,2022-07-01,2022
315862,800,252,2022-07-01,2022
321135,306,6646,2022-07-01,2022
321204,383,317,2022-07-01,2022
324811,618,969,2022-07-01,2022
325924,235,6890,2022-07-01,2022
326329,1090,467,2022-07-01,2022
327863,3524,1082,2022-07-01,2022
329145,368,405,2022-07-01,2022
329629,41231,2696,2022-07-01,2022
329812,294,371,2022-07-01,2022
331514,398,1435,2022-07-01,2022
332340,2288,2759,2022-07-01,2022
334207,80,39,2022-07-01,2022
334221,10,86,2022-07-01,2022
334481,16704,11127,2022-07-01,2022
334999,35,533,2022-07-01,2022
335103,42,3,2022-07-01,2022
336074,6,152,2022-07-01,2022
336367,641,1032,2022-07-01,2022
336869,27,399,2022-07-01,2022
337673,642,235,2022-07-01,2022
337800,294,114,2022-07-01,2022
338670,294,12,2022-07-01,2022
340308,265,6418,2022-07-01,2022
340456,610,27,2022-07-01,2022
341049,148,371,2022-07-01,2022
341092,430,506,2022-07-01,2022
341272,368,3302,2022-07-01,2022
341317,350,86,2022-07-01,2022
341466,443,678,2022-07-01,2022
341647,12,244,2022-07-01,2022
342065,20,2293,2022-07-01,2022
342967,86,2036,2022-07-01,2022
344474,294,2503,2022-07-01,2022
345437,2375,180,2022-07-01,2022
345590,6574,1090,2022-07-01,2022
345746,18,1053,2022-07-01,2022
345759,2760,511,2022-07-01,2022
350364,237,1091,2022-07-01,2022
351738,2423,36,2022-07-01,2022
352392,244,667,2022-07-01,2022
354361,931,6195,2022-07-01,2022
357072,2282,969,2022-07-01,2022
357158,543,336,2022-07-01,2022
357992,40,1390,2022-07-01,2022
357995,800,2919,2022-07-01,2022
360451,3714,11127,2022-07-01,2022
361081,44,200,2022-07-01,2022
361093,1082,762,2022-07-01,2022
361504,472,8024,2022-07-01,2022
361914,273,379,2022-07-01,2022
362572,932,49702,2022-07-01,2022
362667,41231,964,2022-07-01,2022
364133,162,416,2022-07-01,2022
364238,2425,979,2022-07-01,2022
364857,2420,969,2022-07-01,2022
366194,449,3840,2022-07-01,2022
368825,4795,475,2022-07-01,2022
368891,2861,1025,2022-07-01,2022
369552,1435,200,2022-07-01,2022
371686,290,499,2022-07-01,2022
375667,16704,1083,2022-07-01,2022
375719,3205,2293,2022-07-01,2022
376514,3709,6195,2022-07-01,2022
378710,29,148,2022-07-01,2022
379168,1304,3911,2022-07-01,2022
379869,3524,738,2022-07-01,2022
380349,2741,41231,2022-07-01,2022
380376,48332,53646,2022-07-01,2022
382895,26459,48332,2022-07-01,2022
384553,39,3,2022-07-01,2022
385635,2759,1245,2022-07-01,2022
387047,499,89,2022-07-01,2022
387143,10484,449,2022-07-01,2022
387160,3725,2293,2022-07-01,2022
387199,200,724,2022-07-01,2022
388198,60,16,2022-07-01,2022
388363,65,167,2022-07-01,2022
388516,23826,252,2022-07-01,2022
391780,403,42,2022-07-01,2022
392717,89,1245,2022-07-01,2022
392956,800,130,2022-07-01,2022
392959,800,2919,2022-07-01,2022
393238,1090,415,2022-07-01,2022
393864,2696,41231,2022-07-01,2022
394327,244,405,2022-07-01,2022
395069,18303,49364,2022-07-01,2022
395083,46,1421,2022-07-01,2022
395654,232,2696,2022-07-01,2022
395685,1147,1158,2022-07-01,2022
397609,14589,2698,2022-07-01,2022
398808,1096,276,2022-07-01,2022
402887,265,868,2022-07-01,2022
403569,124,2553,2022-07-01,2022
403834,1467,2293,2022-07-01,2022
404383,336,467,2022-07-01,2022
404851,10690,53646,2022-07-01,2022
405687,23826,33,2022-07-01,2022
406091,1435,132,2022-07-01,2022
406694,43,1241,2022-07-01,2022
406806,2410,380,2022-07-01,2022
409515,385,6646,2022-07-01,2022
410425,1237,148,2022-07-01,2022
410854,1435,202,2022-07-01,2022
410897,1063,1053,2022-07-01,2022
413112,162,418,2022-07-01,2022
413118,855,1075,2022-07-01,2022
413262,16795,1244,2022-07-01,2022
415381,798,234,2022-07-01,2022
415912,11,79,2022-07-01,2022
416386,468,6574,2022-07-01,2022
418560,16,281,2022-07-01,2022
418651,738,1420,2022-07-01,2022
419723,58,130,2022-07-01,2022
420884,354,157,2022-07-01,2022
420890,39,354,2022-07-01,2022
422355,5,24,2022-07-01,2022
423757,371,2553,2022-07-01,2022
424072,1420,3911,2022-07-01,2022
426280,235,499,2022-07-01,2022
429987,294,1091,2022-07-01,2022
432092,800,276,2022-07-01,2022
434981,641,465,2022-07-01,2022
435796,4,82,2022-07-01,2022
435808,172,3948,2022-07-01,2022
436064,234,200,2022-07-01,2022
439497,371,370,2022-07-01,2022
441170,336,114,2022-07-01,2022
441986,3,678,2022-07-01,2022
443308,798,19,2022-07-01,2022
447066,371,903,2022-07-01,2022
448177,44,65,2022-07-01,2022
448981,232,2696,2022-07-01,2022
451154,430,1005,2022-07-01,2022
451311,553,2671,2022-07-01,2022
451906,39,35,2022-07-01,2022
453016,667,39,2022-07-01,2022
453737,44,16,2022-07-01,2022
456492,41,24,2022-07-01,2022
462252,2431,3268,2022-07-01,2022
463738,2921,41274,2022-07-01,2022
464597,865,19657,2022-07-01,2022
465830,11,244,2022-07-01,2022
465955,583,417,2022-07-01,2022
467563,80,180,2022-07-01,2022
467992,749,416,2022-07-01,2022
468244,10484,7775,2022-07-01,2022
468301,660,398,2022-07-01,2022
469211,475,749,2022-07-01,2022
469822,660,294,2022-07-01,2022
469976,157,738,2022-07-01,2022
472161,410,380,2022-07-01,2022
475208,12,968,2022-07-01,2022
478573,610,27,2022-07-01,2022
481834,1390,2919,2022-07-01,2022
482107,416,105,2022-07-01,2022
482141,724,468,2022-07-01,2022
485583,543,383,2022-07-01,2022
485747,4795,2036,2022-07-01,2022
486043,467,41274,2022-07-01,2022
487469,720,583,2022-07-01,2022
487829,430,2722,2022-07-01,2022
487969,995,24,2022-07-01,2022
491264,39097,6992,2022-07-01,2022
491298,3508,2727,2022-07-01,2022
491616,2503,1095,2022-07-01,2022
491890,1184,5724,2022-07-01,2022
495601,714,1075,2022-07-01,2022
502245,3508,601,2022-07-01,2022
503212,2420,2425,2022-07-01,2022
503977,281,1132,2022-07-01,2022
503990,641,2288,2022-07-01,2022
504243,206,5817,2022-07-01,2022
504581,543,641,2022-07-01,2022
511534,443,1177,2022-07-01,2022
511802,1123,903,2022-07-01,2022
512496,86209,26459,2022-07-01,2022
512913,2995,720,2022-07-01,2022
518505,65,89,2022-07-01,2022
519731,610,234,2022-07-01,2022
522791,1421,2715,2022-07-01,2022
524315,2423,336,2022-07-01,2022
531712,1268,468,2022-07-01,2022
532905,820,2832,2022-07-01,2022
532937,252,2239,2022-07-01,2022
533295,10,82,2022-07-01,2022
536081,3329,979,2022-07-01,2022
537127,1160,969,2022-07-01,2022
537598,720,11,2022-07-01,2022
538964,798,415,2022-07-01,2022
543771,749,46,2022-07-01,2022
546543,294,31,2022-07-01,2022
547354,1455,723,2022-07-01,2022
548716,1162,750,2022-07-01,2022
549960,18303,3592,2022-07-01,2022
550106,276,398,2022-07-01,2022
550116,1005,8970,2022-07-01,2022
553875,281,336,2022-07-01,2022
556385,276,410,2022-07-01,2022
557939,1184,3524,2022-07-01,2022
559263,931,31,2022-07-01,2022
566931,583,383,2022-07-01,2022
570817,130,1421,2022-07-01,2022
573775,3709,1049,2022-07-01,2022
576022,10690,48332,2022-07-01,2022
585973,1162,1041,2022-07-01,2022
591361,317,130,2022-07-01,2022
592979,738,1420,2022-07-01,2022
593519,1268,317,2022-07-01,2022
594227,202,2282,2022-07-01,2022
595809,7378,410,2022-07-01,2022
597000,23826,3,2022-07-01,2022
599150,232,1124,2022-07-01,2022
606752,24,33,2022-07-01,2022
608175,512,1031,2022-07-01,2022
609361,940,1435,2022-07-01,2022
610427,2778,443,2022-07-01,2022
610428,865,18,2022-07-01,2022
610570,60949,6676,2022-07-01,2022
610740,825,7160,2022-07-01,2022
616341,336,583,2022-07-01,2022
616894,10484,449,2022-07-01,2022
622410,18303,3592,2022-07-01,2022
623319,660,3508,2022-07-01,2022
630032,60949,2671,2022-07-01,2022
633652,370,31,2022-07-01,2022
646948,589,7775,2022-07-01,2022
647950,141,172,2022-07-01,2022
648020,3325,1082,2022-07-01,2022
652633,1519,43,2022-07-01,2022
655893,6890,968,2022-07-01,2022
655895,141,244,2022-07-01,2022
658536,2778,1237,2022-07-01,2022
663244,3268,2420,2022-07-01,2022
665048,60551,10690,2022-07-01,2022
669000,1041,601,2022-07-01,2022
670847,1420,681,2022-07-01,2022
683498,3329,1091,2022-07-01,2022
683895,1245,1421,2022-07-01,2022
688707,3524,826,2022-07-01,2022
690478,3948,2288,2022-07-01,2022
696506,2420,3302,2022-07-01,2022
697149,2375,141,2022-07-01,2022
699265,1083,3690,2022-07-01,2022
702988,820,2832,2022-07-01,2022
708678,738,244,2022-07-01,2022
712086,2727,354,2022-07-01,2022
717345,23826,65,2022-07-01,2022
719652,4482,18303,2022-07-01,2022
726721,336,1465,2022-07-01,2022
730573,1147,723,2022-07-01,2022
740529,29228,475,2022-07-01,2022
757272,371,2578,2022-07-01,2022
789478,4482,18303,2022-07-01,2022
805065,290,1162,2022-07-01,2022
837329,417,1160,2022-07-01,2022
841149,4482,26459,2022-07-01,2022
891987,20698,7160,2022-07-01,2022
903223,29228,172,2022-07-01,2022
38607,749,2722,2022-06-30,2022
44162,114,131,2022-06-30,2022
48870,1148,865,2022-06-30,2022
56354,369,190,2022-06-30,2022
64339,6890,294,2022-06-30,2022
67082,3709,13,2022-06-30,2022
68033,2441,24,2022-06-30,2022
68864,1390,244,2022-06-30,2022
70245,5358,3709,2022-06-30,2022
72522,131,368,2022-06-30,2022
74230,336,583,2022-06-30,2022
75458,405,12,2022-06-30,2022
77825,416,2722,2022-06-30,2022
80444,405,131,2022-06-30,2022
84765,1038,6574,2022-06-30,2022
93704,40,82,2022-06-30,2022
99254,380,130,2022-06-30,2022
110668,3508,399,2022-06-30,2022
112465,12,720,2022-06-30,2022
118847,39,24,2022-06-30,2022
119211,86,15,2022-06-30,2022
120629,379,583,2022-06-30,2022
122155,150,681,2022-06-30,2022
125614,2282,533,2022-06-30,2022
127181,13,162,2022-06-30,2022
128223,506,13,2022-06-30,2022
129588,416,1003,2022-06-30,2022
130360,380,416,2022-06-30,2022
130365,5,12,2022-06-30,2022
131731,3522,6574,2022-06-30,2022
137313,7160,475,2022-06-30,2022
137616,3709,940,2022-06-30,2022
142208,403,200,2022-06-30,2022
146752,276,1038,2022-06-30,2022
147051,383,23826,2022-06-30,2022
148928,631,13,2022-06-30,2022
155964,18303,83678,2022-06-30,2022
159718,2441,2698,2022-06-30,2022
159908,1467,141,2022-06-30,2022
162101,2778,1053,2022-06-30,2022
163048,4171,252,2022-06-30,2022
164705,1465,1075,2022-06-30,2022
166683,367,1108,2022-06-30,2022
167105,190,252,2022-06-30,2022
167342,499,1158,2022-06-30,2022
167491,19,252,2022-06-30,2022
170838,6890,114,2022-06-30,2022
174694,683,368,2022-06-30,2022
178313,667,162,2022-06-30,2022
179184,114,631,2022-06-30,2022
179860,641,336,2022-06-30,2022
181382,6646,252,2022-06-30,2022
181778,1041,631,2022-06-30,2022
182201,1096,36,2022-06-30,2022
182581,714,16704,2022-06-30,2022
182877,368,985,2022-06-30,2022
182923,449,1025,2022-06-30,2022
183720,29,405,2022-06-30,2022
184816,2293,683,2022-06-30,2022
186368,294,46,2022-06-30,2022
187105,200,10,2022-06-30,2022
191217,150,11,2022-06-30,2022
191359,4795,2036,2022-06-30,2022
191891,244,6195,2022-06-30,2022
192009,367,621,2022-06-30,2022
194549,130,380,2022-06-30,2022
196158,833,152,2022-06-30,2022
196829,403,58,2022-06-30,2022
197470,607,5,2022-06-30,2022
197473,1390,130,2022-06-30,2022
197642,1091,641,2022-06-30,2022
199369,3709,5358,2022-06-30,2022
200616,234,60551,2022-06-30,2022
203842,3522,800,2022-06-30,2022
203854,48726,660,2022-06-30,2022
204103,131,543,2022-06-30,2022
204189,11688,141,2022-06-30,2022
204201,11688,141,2022-06-30,2022
205657,2727,11,2022-06-30,2022
206947,367,681,2022-06-30,2022
207302,237,583,2022-06-30,2022
207519,3725,932,2022-06-30,2022
210178,410,11,2022-06-30,2022
212216,2425,2420,2022-06-30,2022
215096,38,1039,2022-06-30,2022
215649,4083,2919,2022-06-30,2022
215864,265,533,2022-06-30,2022
216179,1038,46,2022-06-30,2022
216240,1531,366,2022-06-30,2022
216375,41274,3057,2022-06-30,2022
216569,800,6574,2022-06-30,2022
216608,152,2381,2022-06-30,2022
222813,720,31,2022-06-30,2022
226073,1082,13,2022-06-30,2022
227039,468,16704,2022-06-30,2022
227081,46,398,2022-06-30,2022
227110,157,44,2022-06-30,2022
228940,11282,1075,2022-06-30,2022
231650,1283,1304,2022-06-30,2022
232093,3719,232,2022-06-30,2022
232454,252,15,2022-06-30,2022
232463,105,865,2022-06-30,2022
234189,6890,405,2022-06-30,2022
238407,681,23826,2022-06-30,2022
238947,2722,3522,2022-06-30,2022
239962,190,398,2022-06-30,2022
240578,653,336,2022-06-30,2022
241229,417,244,2022-06-30,2022
241477,33,1090,2022-06-30,2022
241527,380,1038,2022-06-30,2022
241923,276,4171,2022-06-30,2022
242532,1244,331,2022-06-30,2022
242813,19,252,2022-06-30,2022
244192,148,800,2022-06-30,2022
244491,1047,506,2022-06-30,2022
245048,2448,1244,2022-06-30,2022
245078,294,244,2022-06-30,2022
247250,2687,366,2022-06-30,2022
248219,7160,141,2022-06-30,2022
249552,520,1390,2022-06-30,2022
249568,2727,2282,2022-06-30,2022
250153,380,607,2022-06-30,2022
250450,403,202,2022-06-30,2022
250683,4083,6195,2022-06-30,2022
251079,2832,738,2022-06-30,2022
251848,1435,621,2022-06-30,2022
251876,237,79,2022-06-30,2022
256267,237,398,2022-06-30,2022
256429,367,366,2022-06-30,2022
257805,1123,1083,2022-06-30,2022
258364,467,3329,2022-06-30,2022
258475,367,3302,2022-06-30,2022
259025,10484,1158,2022-06-30,2022
263267,19,410,2022-06-30,2022
265078,749,543,2022-06-30,2022
266795,1108,398,2022-06-30,2022
269878,39,89,2022-06-30,2022
273132,46,800,2022-06-30,2022
274484,1095,1041,2022-06-30,2022
275457,54189,520,2022-06-30,2022
276337,3205,449,2022-06-30,2022
276896,232,244,2022-06-30,2022
277118,1108,2448,2022-06-30,2022
278531,749,6195,2022-06-30,2022
278654,11282,141,2022-06-30,2022
280575,80,82,2022-06-30,2022
280730,430,418,2022-06-30,2022
282144,16,82,2022-06-30,2022
282388,276,1390,2022-06-30,2022
282615,7160,6890,2022-06-30,2022
282727,366,16795,2022-06-30,2022
282734,7160,338,2022-06-30,2022
283170,141,131,2022-06-30,2022
283211,3209,7160,2022-06-30,2022
283223,6646,940,2022-06-30,2022
283233,499,430,2022-06-30,2022
283735,398,276,2022-06-30,2022
284835,3209,7160,2022-06-30,2022
284884,3709,368,2022-06-30,2022
285845,12,11,2022-06-30,2022
286047,749,1390,2022-06-30,2022
286415,244,12,2022-06-30,2022
287015,7160,2740,2022-06-30,2022
287700,416,398,2022-06-30,2022
288240,3725,2698,2022-06-30,2022
288259,385,350,2022-06-30,2022
289272,367,681,2022-06-30,2022
291400,2722,749,2022-06-30,2022
291422,380,350,2022-06-30,2022
291941,2457,720,2022-06-30,2022
292246,543,23826,2022-06-30,2022
292356,653,1091,2022-06-30,2022
293169,416,82,2022-06-30,2022
295414,3329,16795,2022-06-30,2022
295780,468,683,2022-06-30,2022
296397,167,44,2022-06-30,2022
296783,1531,232,2022-06-30,2022
296963,49702,41231,2022-06-30,2022
297194,1244,940,2022-06-30,2022
297645,749,6574,2022-06-30,2022
297752,595,48332,2022-06-30,2022
298976,12,418,2022-06-30,2022
300532,200,1083,2022-06-30,2022
300538,1083,121,2022-06-30,2022
301238,2919,46,2022-06-30,2022
303259,82,44,2022-06-30,2022
306166,1162,703,2022-06-30,2022
307519,2687,366,2022-06-30,2022
308278,3522,131,2022-06-30,2022
308279,416,506,2022-06-30,2022
310458,1038,276,2022-06-30,2022
312374,833,3840,2022-06-30,2022
312678,6890,5,2022-06-30,2022
312819,520,80,2022-06-30,2022
314137,8024,1184,2022-06-30,2022
314944,40,2503,2022-06-30,2022
314965,2919,294,2022-06-30,2022
314969,475,1096,2022-06-30,2022
315125,40,44,2022-06-30,2022
315208,1467,868,2022-06-30,2022
315283,1304,1421,2022-06-30,2022
315862,252,800,2022-06-30,2022
315865,749,46,2022-06-30,2022
317593,133,202,2022-06-30,2022
317806,234,1184,2022-06-30,2022
318077,430,11,2022-06-30,2022
318426,2696,2698,2022-06-30,2022
318507,618,1420,2022-06-30,2022
321070,2288,18,2022-06-30,2022
321204,317,383,2022-06-30,2022
323713,2727,1096,2022-06-30,2022
324344,317,3,2022-06-30,2022
324804,6646,130,2022-06-30,2022
326329,1435,1090,2022-06-30,2022
327757,430,44,2022-06-30,2022
327911,1268,60551,2022-06-30,2022
329629,2696,41231,2022-06-30,2022
329812,371,294,2022-06-30,2022
329813,336,29,2022-06-30,2022
330060,1091,338,2022-06-30,2022
330208,4171,252,2022-06-30,2022
330659,417,12,2022-06-30,2022
331498,1465,237,2022-06-30,2022
331514,4083,398,2022-06-30,2022
334481,11127,16704,2022-06-30,2022
334557,11688,294,2022-06-30,2022
335225,714,1050,2022-06-30,2022
335461,7179,543,2022-06-30,2022
335725,11688,16704,2022-06-30,2022
336960,800,130,2022-06-30,2022
337333,379,232,2022-06-30,2022
337725,58,430,2022-06-30,2022
337800,126,294,2022-06-30,2022
338672,252,46,2022-06-30,2022
339314,3948,1237,2022-06-30,2022
339707,366,410,2022-06-30,2022
340177,41274,1421,2022-06-30,2022
340325,234,11,2022-06-30,2022
340353,468,1010,2022-06-30,2022
341092,506,430,2022-06-30,2022
341272,3302,368,2022-06-30,2022
341516,126,6890,2022-06-30,2022
341647,244,12,2022-06-30,2022
342046,6195,985,2022-06-30,2022
342389,865,2698,2022-06-30,2022
342702,317,58,2022-06-30,2022
342995,6646,114,2022-06-30,2022
344474,2503,294,2022-06-30,2022
344869,3329,826,2022-06-30,2022
345468,167,1237,2022-06-30,2022
345590,235,6574,2022-06-30,2022
345654,601,281,2022-06-30,2022
345746,4795,18,2022-06-30,2022
346561,380,430,2022-06-30,2022
348795,1050,148,2022-06-30,2022
350364,1091,237,2022-06-30,2022
352392,667,244,2022-06-30,2022
353032,1049,44,2022-06-30,2022
354259,6,2832,2022-06-30,2022
354340,354,89,2022-06-30,2022
354352,667,405,2022-06-30,2022
354361,6195,931,2022-06-30,2022
354741,714,150,2022-06-30,2022
355689,2727,865,2022-06-30,2022
355816,33,281,2022-06-30,2022
355987,3209,7160,2022-06-30,2022
356099,11282,1075,2022-06-30,2022
357003,3522,6574,2022-06-30,2022
357156,1075,720,2022-06-30,2022
357158,336,543,2022-06-30,2022
357162,3709,294,2022-06-30,2022
357992,1390,40,2022-06-30,2022
357995,2919,800,2022-06-30,2022
358008,2239,6195,2022-06-30,2022
358143,11282,2503,2022-06-30,2022
361066,192,200,2022-06-30,2022
361081,1269,44,2022-06-30,2022
361207,317,610,2022-06-30,2022
361260,1123,33,2022-06-30,2022
364133,416,162,2022-06-30,2022
364237,1108,720,2022-06-30,2022
364857,618,2420,2022-06-30,2022
366045,2715,347,2022-06-30,2022
367284,252,1237,2022-06-30,2022
367468,2995,294,2022-06-30,2022
368887,499,2282,2022-06-30,2022
368891,1025,2861,2022-06-30,2022
369258,2778,86,2022-06-30,2022
370287,41231,14589,2022-06-30,2022
370399,60551,338,2022-06-30,2022
371003,601,281,2022-06-30,2022
371021,3840,281,2022-06-30,2022
371245,6912,1075,2022-06-30,2022
372267,234,232,2022-06-30,2022
372711,244,33,2022-06-30,2022
374882,2293,126,2022-06-30,2022
375383,1465,720,2022-06-30,2022
375667,3725,16704,2022-06-30,2022
375857,6646,2410,2022-06-30,2022
378293,714,281,2022-06-30,2022
380376,53646,48332,2022-06-30,2022
381834,2698,2410,2022-06-30,2022
384553,3,39,2022-06-30,2022
386126,19789,6890,2022-06-30,2022
386726,2410,1082,2022-06-30,2022
386786,33,79,2022-06-30,2022
386914,24,800,2022-06-30,2022
387160,2293,3725,2022-06-30,2022
387199,724,200,2022-06-30,2022
387234,749,430,2022-06-30,2022
388820,6646,33,2022-06-30,2022
390304,8970,1025,2022-06-30,2022
391498,3205,276,2022-06-30,2022
392538,416,5,2022-06-30,2022
392570,4083,6574,2022-06-30,2022
392881,1429,252,2022-06-30,2022
392956,130,800,2022-06-30,2022
392959,2919,800,2022-06-30,2022
392966,380,800,2022-06-30,2022
393217,20,589,2022-06-30,2022
393241,403,317,2022-06-30,2022
393804,607,398,2022-06-30,2022
394328,1301,1421,2022-06-30,2022
395083,1421,46,2022-06-30,2022
395236,40,5,2022-06-30,2022
395654,2696,232,2022-06-30,2022
396536,60551,338,2022-06-30,2022
396908,3840,141,2022-06-30,2022
398163,3709,12,2022-06-30,2022
398808,276,1096,2022-06-30,2022
399780,5358,3709,2022-06-30,2022
400831,2457,336,2022-06-30,2022
404383,3329,336,2022-06-30,2022
404384,520,33,2022-06-30,2022
404851,53646,10690,2022-06-30,2022
404912,3725,121,2022-06-30,2022
405398,237,418,2022-06-30,2022
405687,4,23826,2022-06-30,2022
406040,1003,23826,2022-06-30,2022
406609,114,33,2022-06-30,2022
406806,380,2410,2022-06-30,2022
409515,6646,385,2022-06-30,2022
410185,3911,39,2022-06-30,2022
412045,12321,714,2022-06-30,2022
412669,543,131,2022-06-30,2022
413118,347,855,2022-06-30,2022
413605,607,2282,2022-06-30,2022
415912,79,11,2022-06-30,2022
416386,6574,468,2022-06-30,2022
419061,1038,338,2022-06-30,2022
419062,3592,660,2022-06-30,2022
419723,130,58,2022-06-30,2022
420890,475,39,2022-06-30,2022
422355,24,5,2022-06-30,2022
425028,2448,1108,2022-06-30,2022
427161,1095,667,2022-06-30,2022
429987,7179,294,2022-06-30,2022
431698,276,800,2022-06-30,2022
432090,2239,506,2022-06-30,2022
432092,252,800,2022-06-30,2022
433584,8970,6195,2022-06-30,2022
435648,58,27,2022-06-30,2022
435808,3948,172,2022-06-30,2022
441170,114,336,2022-06-30,2022
441986,678,3,2022-06-30,2022
442320,347,1096,2022-06-30,2022
443222,1435,331,2022-06-30,2022
445939,79,82,2022-06-30,2022
447221,2832,33,2022-06-30,2022
448177,65,44,2022-06-30,2022
448466,398,336,2022-06-30,2022
448981,2696,232,2022-06-30,2022
449151,5,4083,2022-06-30,2022
450936,1041,148,2022-06-30,2022
451252,3609,121,2022-06-30,2022
453704,1148,5358,2022-06-30,2022
454576,38,234,2022-06-30,2022
457422,4083,46,2022-06-30,2022
459128,2919,5,2022-06-30,2022
459655,1390,800,2022-06-30,2022
459661,252,46,2022-06-30,2022
459763,2239,800,2022-06-30,2022
461833,2239,800,2022-06-30,2022
461843,2448,368,2022-06-30,2022
461951,24245,114,2022-06-30,2022
463600,1423,1082,2022-06-30,2022
463613,499,273,2022-06-30,2022
464446,190,1025,2022-06-30,2022
464599,306,865,2022-06-30,2022
465606,141,1148,2022-06-30,2022
465830,244,11,2022-06-30,2022
465955,417,583,2022-06-30,2022
467434,475,18,2022-06-30,2022
467992,416,749,2022-06-30,2022
469211,749,475,2022-06-30,2022
470831,16239,338,2022-06-30,2022
472161,380,410,2022-06-30,2022
473169,610,23826,2022-06-30,2022
475208,601,12,2022-06-30,2022
480975,3008,36,2022-06-30,2022
481116,2715,347,2022-06-30,2022
482769,290,417,2022-06-30,2022
486083,41231,1083,2022-06-30,2022
487834,2919,46,2022-06-30,2022
487843,2722,5,2022-06-30,2022
490224,41274,350,2022-06-30,2022
491693,410,13,2022-06-30,2022
491890,5724,1184,2022-06-30,2022
492313,467,800,2022-06-30,2022
494880,3709,1050,2022-06-30,2022
495489,1423,826,2022-06-30,2022
495601,1084,714,2022-06-30,2022
495625,2687,418,2022-06-30,2022
495666,244,11,2022-06-30,2022
495667,3524,417,2022-06-30,2022
496745,5817,3522,2022-06-30,2022
502821,252,12,2022-06-30,2022
503212,2425,2420,2022-06-30,2022
504073,7179,336,2022-06-30,2022
504849,3948,1237,2022-06-30,2022
505675,472,150,2022-06-30,2022
509022,8970,506,2022-06-30,2022
511534,1177,443,2022-06-30,2022
512394,1244,683,2022-06-30,2022
512913,720,2995,2022-06-30,2022
524031,820,60551,2022-06-30,2022
524860,1159,2861,2022-06-30,2022
524925,7179,681,2022-06-30,2022
525704,252,506,2022-06-30,2022
527350,1108,1049,2022-06-30,2022
527698,1531,366,2022-06-30,2022
535469,800,130,2022-06-30,2022
535706,2715,347,2022-06-30,2022
537382,1049,148,2022-06-30,2022
538998,40,583,2022-06-30,2022
539154,3268,3522,2022-06-30,2022
539436,6992,338,2022-06-30,2022
545332,41,190,2022-06-30,2022
548111,12321,1050,2022-06-30,2022
549966,10484,3057,2022-06-30,2022
550179,2990,1465,2022-06-30,2022
553875,336,281,2022-06-30,2022
554284,3948,1237,2022-06-30,2022
556385,410,276,2022-06-30,2022
557939,7179,1184,2022-06-30,2022
558727,11688,36,2022-06-30,2022
560725,1416,995,2022-06-30,2022
560903,1465,3329,2022-06-30,2022
564489,1090,2282,2022-06-30,2022
566615,2722,3522,2022-06-30,2022
568318,2698,443,2022-06-30,2022
568559,380,506,2022-06-30,2022
568693,347,148,2022-06-30,2022
569384,3911,46,2022-06-30,2022
569390,1160,1158,2022-06-30,2022
570817,1421,130,2022-06-30,2022
572879,47,2671,2022-06-30,2022
573775,1049,3709,2022-06-30,2022
573981,126,6890,2022-06-30,2022
578539,533,27,2022-06-30,2022
584548,553,2441,2022-06-30,2022
585959,826,583,2022-06-30,2022
591193,3057,29,2022-06-30,2022
591361,130,317,2022-06-30,2022
595809,410,7378,2022-06-30,2022
596884,2995,16795,2022-06-30,2022
606752,33,24,2022-06-30,2022
607814,49702,964,2022-06-30,2022
608469,5358,2410,2022-06-30,2022
612065,172,6195,2022-06-30,2022
612496,3329,13,2022-06-30,2022
613725,20,36,2022-06-30,2022
615350,2727,1041,2022-06-30,2022
616341,583,336,2022-06-30,2022
616631,380,800,2022-06-30,2022
617074,1049,23826,2022-06-30,2022
617679,2424,1075,2022-06-30,2022
618405,1245,583,2022-06-30,2022
618809,331,13,2022-06-30,2022
623072,5572,3060,2022-06-30,2022
623319,6993,660,2022-06-30,2022
626475,6992,338,2022-06-30,2022
627226,16,418,2022-06-30,2022
627228,1075,281,2022-06-30,2022
628331,1245,1091,2022-06-30,2022
640109,3911,46,2022-06-30,2022
646948,19771,589,2022-06-30,2022
647950,172,141,2022-06-30,2022
649452,1095,281,2022-06-30,2022
659543,738,273,2022-06-30,2022
660342,8970,252,2022-06-30,2022
665048,53646,60551,2022-06-30,2022
666977,28643,234,2022-06-30,2022
676318,1108,985,2022-06-30,2022
696876,6,6646,2022-06-30,2022
701834,44006,2944,2022-06-30,2022
704156,969,1162,2022-06-30,2022
708241,6993,660,2022-06-30,2022
724033,30120,653,2022-06-30,2022
729814,2715,347,2022-06-30,2022
775709,18303,660,2022-06-30,2022
830890,750,667,2022-06-30,2022
859182,7160,2944,2022-06-30,2022
298976,3709,12,2022-06-29,2022
459661,3522,252,2022-06-29,2022
120565,1039,1010,2022-05-31,2022
148262,1039,762,2022-05-31,2022
224884,1032,631,2022-05-31,2022
245765,603,641,2022-05-31,2022
250478,762,405,2022-05-31,2022
257097,350,31,2022-05-31,2022
258885,703,350,2022-05-31,2022
271098,703,1010,2022-05-31,2022
288255,29,985,2022-05-31,2022
332341,989,1123,2022-05-31,2022
341049,371,148,2022-05-31,2022
344588,2578,124,2022-05-31,2022
346499,1110,1123,2022-05-31,2022
371814,989,31,2022-05-31,2022
376856,350,1148,2022-05-31,2022
412660,703,405,2022-05-31,2022
423744,1123,631,2022-05-31,2022
429014,350,543,2022-05-31,2022
443726,903,3008,2022-05-31,2022
447066,903,371,2022-05-31,2022
483348,703,641,2022-05-31,2022
503680,931,31,2022-05-31,2022
503688,677,1148,2022-05-31,2022
503977,512,281,2022-05-31,2022
505219,703,985,2022-05-31,2022
507700,1123,985,2022-05-31,2022
511802,903,1123,2022-05-31,2022
536835,124,985,2022-05-31,2022
559794,289,148,2022-05-31,2022
596446,989,399,2022-05-31,2022
608175,603,512,2022-05-31,2022
665390,512,405,2022-05-31,2022
776798,512,1237,2022-05-31,2022
623560,987,371,2022-05-20,2022
225393,465,903,2022-05-17,2022
757272,370,371,2022-05-17,2022
345759,511,2760,2022-05-16,2022
540516,2553,903,2022-05-10,2022
403569,2760,124,2022-05-09,2022
85291,1467,6890,2022-04-27,2022
249747,48332,1083,2022-04-21,2022
297752,48332,595,2022-04-14,2022
623331,6993,660,2022-04-07,2022
113707,16704,969,2022-04-06,2022
168156,28095,371,2022-04-01,2022
442320,1096,347,2022-04-01,2022
722371,6993,660,2022-04-01,2022
327911,60551,1268,2022-03-31,2022
371256,660,1041,2022-03-31,2022
116598,16704,190,2022-03-30,2022
282734,338,7160,2022-03-30,2022
287015,2740,7160,2022-03-30,2022
404848,6993,660,2022-03-28,2022
404849,6993,660,2022-03-28,2022
724969,11127,121,2022-03-25,2022
200616,60551,234,2022-03-18,2022
411838,3719,1075,2022-03-18,2022
442320,3719,1096,2022-03-18,2022
300532,1083,200,2022-03-17,2022
342389,2698,865,2022-03-16,2022
245625,1031,984,2022-03-11,2022
245625,984,1031,2022-03-04,2022
282734,1095,338,2022-03-01,2022
365195,48726,6993,2022-02-23,2022
168156,371,28095,2022-02-22,2022
214238,2696,232,2022-02-22,2022
358956,4482,49364,2022-02-22,2022
395654,232,2696,2022-02-22,2022
605534,1083,3719,2022-02-22,2022
329629,41231,2696,2022-02-19,2022
308541,3719,3725,2022-02-17,2022
649261,2698,49702,2022-02-15,2022
247555,10,39,2022-02-14,2022
327911,979,60551,2022-02-12,2022
607814,964,49702,2022-02-10,2022
64339,294,6890,2022-02-08,2022
196524,36,589,2022-02-08,2022
234189,405,6890,2022-02-08,2022
248219,141,7160,2022-02-08,2022
298410,2995,20,2022-02-08,2022
380761,2741,41231,2022-02-08,2022
468244,19789,10484,2022-02-08,2022
549966,3057,10484,2022-02-08,2022
334557,294,11688,2022-02-07,2022
341516,6890,126,2022-02-07,2022
442320,1096,3719,2022-02-07,2022
580276,15,449,2022-02-07,2022
411838,1075,3719,2022-02-06,2022
148118,2696,28095,2022-02-05,2022
193158,61825,48332,2022-02-05,2022
555172,3719,2696,2022-02-05,2022
159908,141,1467,2022-02-04,2022
502893,192,47,2022-02-04,2022
558727,36,11688,2022-02-04,2022
723621,338,48332,2022-02-04,2022
787776,2740,10690,2022-02-04,2022
337800,294,126,2022-02-03,2022
85969,48726,61825,2022-02-02,2022
236471,1010,36,2022-02-02,2022
282199,281,1095,2022-02-02,2022
290774,2696,2698,2022-02-02,2022
318426,2698,2696,2022-02-02,2022
413262,1050,16795,2022-02-02,2022
282199,1095,281,2022-02-01,2022
58864,11,131,2022-01-31,2022
59641,931,2282,2022-01-31,2022
73185,1531,2687,2022-01-31,2022
111053,265,1159,2022-01-31,2022
125614,533,2282,2022-01-31,2022
134270,1237,762,2022-01-31,2022
148262,762,1039,2022-01-31,2022
164705,1075,1465,2022-01-31,2022
166683,1108,367,2022-01-31,2022
174915,1041,336,2022-01-31,2022
178219,132,306,2022-01-31,2022
179467,605,1245,2022-01-31,2022
186988,127,89,2022-01-31,2022
194549,380,130,2022-01-31,2022
207006,533,317,2022-01-31,2022
207929,148,29,2022-01-31,2022
215864,533,265,2022-01-31,2022
216240,366,1531,2022-01-31,2022
225119,1301,982,2022-01-31,2022
225393,903,465,2022-01-31,2022
228645,82,1132,2022-01-31,2022
230457,336,2420,2022-01-31,2022
240692,1082,13,2022-01-31,2022
245765,641,603,2022-01-31,2022
250478,405,762,2022-01-31,2022
256267,398,237,2022-01-31,2022
271256,294,3329,2022-01-31,2022
275457,520,54189,2022-01-31,2022
275590,603,989,2022-01-31,2022
282727,16795,366,2022-01-31,2022
283170,131,141,2022-01-31,2022
288255,985,29,2022-01-31,2022
291422,350,380,2022-01-31,2022
296783,232,1531,2022-01-31,2022
305947,1090,252,2022-01-31,2022
309393,10,252,2022-01-31,2022
314367,2420,336,2022-01-31,2022
315128,1184,1110,2022-01-31,2022
331498,237,1465,2022-01-31,2022
332341,1123,989,2022-01-31,2022
334526,18,506,2022-01-31,2022
339314,1237,3948,2022-01-31,2022
340460,281,234,2022-01-31,2022
344107,465,1071,2022-01-31,2022
345759,2760,511,2022-01-31,2022
348795,148,1050,2022-01-31,2022
354340,89,354,2022-01-31,2022
354362,506,148,2022-01-31,2022
355761,265,653,2022-01-31,2022
360519,354,1090,2022-01-31,2022
361066,200,192,2022-01-31,2022
364857,2420,618,2022-01-31,2022
371814,31,989,2022-01-31,2022
376856,1148,350,2022-01-31,2022
391004,190,82,2022-01-31,2022
391719,931,1010,2022-01-31,2022
392777,2969,703,2022-01-31,2022
406806,2410,380,2022-01-31,2022
420002,39,873,2022-01-31,2022
431755,506,148,2022-01-31,2022
441216,1090,403,2022-01-31,2022
441306,601,968,2022-01-31,2022
448466,336,398,2022-01-31,2022
450936,148,1041,2022-01-31,2022
454121,1075,720,2022-01-31,2022
469211,475,749,2022-01-31,2022
477274,1455,798,2022-01-31,2022
480975,36,3008,2022-01-31,2022
481675,3060,653,2022-01-31,2022
503680,31,931,2022-01-31,2022
509022,506,8970,2022-01-31,2022
509022,8970,506,2022-01-31,2022
511534,443,1177,2022-01-31,2022
527350,1049,1108,2022-01-31,2022
527698,366,1531,2022-01-31,2022
531338,2727,1160,2022-01-31,2022
535469,130,800,2022-01-31,2022
536520,2282,12,2022-01-31,2022
537382,148,1049,2022-01-31,2022
542690,379,206,2022-01-31,2022
551752,2722,416,2022-01-31,2022
555076,3911,1041,2022-01-31,2022
559328,468,1096,2022-01-31,2022
562030,4083,1025,2022-01-31,2022
564489,2282,1090,2022-01-31,2022
568559,506,380,2022-01-31,2022
569632,865,2778,2022-01-31,2022
580193,27,3,2022-01-31,2022
591361,317,130,2022-01-31,2022
620598,3057,475,2022-01-31,2022
649035,2282,172,2022-01-31,2022
696876,6646,6,2022-01-31,2022
757272,371,370,2022-01-31,2022
93704,82,40,2022-01-30,2022
180337,964,15,2022-01-30,2022
276896,244,232,2022-01-30,2022
339314,3948,1237,2022-01-30,2022
379979,65,27,2022-01-30,2022
419061,338,1038,2022-01-30,2022
420002,873,39,2022-01-30,2022
467992,749,416,2022-01-30,2022
475949,1184,2778,2022-01-30,2022
480692,720,31,2022-01-30,2022
503638,506,610,2022-01-30,2022
503871,206,252,2022-01-30,2022
520624,1041,762,2022-01-30,2022
568559,1038,506,2022-01-30,2022
616344,336,79,2022-01-30,2022
631821,6992,338,2022-01-30,2022
649035,3911,2282,2022-01-30,2022
723621,6992,338,2022-01-30,2022
787776,6992,2740,2022-01-30,2022
45314,12,380,2022-01-29,2022
90343,1426,723,2022-01-29,2022
129679,1244,605,2022-01-29,2022
204103,543,131,2022-01-29,2022
215096,1039,38,2022-01-29,2022
232454,15,252,2022-01-29,2022
250450,202,403,2022-01-29,2022
258005,703,683,2022-01-29,2022
276002,385,1304,2022-01-29,2022
276896,232,244,2022-01-29,2022
331514,398,4083,2022-01-29,2022
340339,1301,1049,2022-01-29,2022
391127,2578,48726,2022-01-29,2022
475949,306,1184,2022-01-29,2022
503638,1038,506,2022-01-29,2022
596884,16795,2995,2022-01-29,2022
608175,512,603,2022-01-29,2022
786436,1423,667,2022-01-29,2022
111508,3709,1244,2022-01-28,2022
130360,416,380,2022-01-28,2022
170838,114,6890,2022-01-28,2022
216179,46,1038,2022-01-28,2022
227110,44,157,2022-01-28,2022
295955,6,2293,2022-01-28,2022
321146,6993,49364,2022-01-28,2022
357498,430,506,2022-01-28,2022
374882,126,2293,2022-01-28,2022
432982,1025,2282,2022-01-28,2022
462819,2414,5818,2022-01-28,2022
537467,28643,987,2022-01-28,2022
543051,1420,417,2022-01-28,2022
617074,23826,1049,2022-01-28,2022
701834,2944,44006,2022-01-28,2022
63463,1049,13,2022-01-27,2022
162101,1053,2778,2022-01-27,2022
215118,11,405,2022-01-27,2022
240578,336,653,2022-01-27,2022
273132,800,46,2022-01-27,2022
341278,1050,12321,2022-01-27,2022
357163,979,1091,2022-01-27,2022
361070,467,1283,2022-01-27,2022
364133,162,416,2022-01-27,2022
427161,667,1095,2022-01-27,2022
428603,2740,53646,2022-01-27,2022
446491,607,172,2022-01-27,2022
503688,1148,677,2022-01-27,2022
536835,985,124,2022-01-27,2022
667914,589,190,2022-01-27,2022
745233,20,449,2022-01-27,2022
124700,16704,49702,2022-01-26,2022
137616,940,3709,2022-01-26,2022
240578,2423,336,2022-01-26,2022
303219,1038,3,2022-01-26,2022
341278,1108,1050,2022-01-26,2022
364133,5,162,2022-01-26,2022
381834,2410,2698,2022-01-26,2022
520530,7378,347,2022-01-26,2022
559794,148,289,2022-01-26,2022
623072,3060,5572,2022-01-26,2022
700010,20,449,2022-01-26,2022
121254,512,350,2022-01-25,2022
160938,79,44,2022-01-25,2022
182877,985,368,2022-01-25,2022
250153,607,380,2022-01-25,2022
281552,232,41231,2022-01-25,2022
312819,80,520,2022-01-25,2022
324351,15,276,2022-01-25,2022
340460,1095,281,2022-01-25,2022
353252,48726,6992,2022-01-25,2022
399780,3709,5358,2022-01-25,2022
432092,800,252,2022-01-25,2022
439292,1025,306,2022-01-25,2022
455016,11127,964,2022-01-25,2022
99254,130,380,2022-01-24,2022
216569,6574,800,2022-01-24,2022
239962,398,190,2022-01-24,2022
399257,465,2578,2022-01-24,2022
411287,533,1304,2022-01-24,2022
412954,1268,370,2022-01-24,2022
512913,2995,720,2022-01-24,2022
694355,2451,465,2022-01-24,2022
411287,65,533,2022-01-23,2022
475208,12,601,2022-01-23,2022
399257,2578,465,2022-01-22,2022
494237,162,932,2022-01-22,2022
124902,6574,190,2022-01-21,2022
181382,252,6646,2022-01-21,2022
207302,583,237,2022-01-21,2022
344565,932,2698,2022-01-21,2022
381714,2696,232,2022-01-21,2022
461629,141,3329,2022-01-21,2022
486053,58,601,2022-01-21,2022
659543,273,738,2022-01-21,2022
665390,405,512,2022-01-21,2022
210178,11,410,2022-01-20,2022
247250,366,2687,2022-01-20,2022
321070,18,2288,2022-01-20,2022
330876,19789,126,2022-01-20,2022
429874,16,24,2022-01-20,2022
503679,2288,31,2022-01-20,2022
618405,583,1245,2022-01-20,2022
628331,1091,1245,2022-01-20,2022
137313,475,7160,2022-01-19,2022
208379,1237,677,2022-01-19,2022
340864,331,142,2022-01-19,2022
341485,6993,53646,2022-01-19,2022
380919,28643,601,2022-01-19,2022
386726,1082,2410,2022-01-19,2022
618898,7160,11282,2022-01-19,2022
75458,12,405,2022-01-18,2022
94005,11,244,2022-01-18,2022
208379,677,1237,2022-01-18,2022
278190,2698,1241,2022-01-18,2022
515051,932,1083,2022-01-18,2022
55524,2293,3840,2022-01-17,2022
75458,350,12,2022-01-17,2022
99863,16239,53646,2022-01-17,2022
132764,987,1519,2022-01-17,2022
182581,16704,714,2022-01-17,2022
199927,252,6646,2022-01-17,2022
283211,7160,3209,2022-01-17,2022
284884,368,3709,2022-01-17,2022
396536,338,60551,2022-01-17,2022
495667,417,3524,2022-01-17,2022
640109,46,3911,2022-01-17,2022
695454,1465,543,2022-01-17,2022
310458,276,1038,2022-01-16,2022
366729,338,6992,2022-01-15,2022
396411,6992,18105,2022-01-15,2022
498899,48332,49364,2022-01-15,2022
118303,2696,19789,2022-01-14,2022
125165,720,368,2022-01-14,2022
167491,252,19,2022-01-14,2022
191391,10484,449,2022-01-14,2022
226169,11282,7160,2022-01-14,2022
257937,2441,10690,2022-01-14,2022
287700,398,416,2022-01-14,2022
369111,5572,3060,2022-01-14,2022
391498,276,3205,2022-01-14,2022
469822,610,660,2022-01-14,2022
502821,12,252,2022-01-14,2022
98512,2293,6890,2022-01-13,2022
108725,1132,762,2022-01-13,2022
126664,29,405,2022-01-13,2022
168471,995,3057,2022-01-13,2022
173750,2832,19789,2022-01-13,2022
183720,405,29,2022-01-13,2022
207573,6418,3385,2022-01-13,2022
279829,553,30120,2022-01-13,2022
284835,7160,3209,2022-01-13,2022
287700,252,398,2022-01-13,2022
293168,1003,410,2022-01-13,2022
298976,12,3709,2022-01-13,2022
375857,2410,6646,2022-01-13,2022
387199,200,724,2022-01-13,2022
398163,12,3709,2022-01-13,2022
505675,150,472,2022-01-13,2022
540516,903,2553,2022-01-13,2022
542690,289,379,2022-01-13,2022
631819,338,10690,2022-01-13,2022
748838,338,10690,2022-01-13,2022
50355,932,121,2022-01-12,2022
99227,6646,3205,2022-01-12,2022
109217,6890,449,2022-01-12,2022
112465,720,12,2022-01-12,2022
231712,3060,1467,2022-01-12,2022
242940,6574,1390,2022-01-12,2022
250138,601,3057,2022-01-12,2022
276337,449,3205,2022-01-12,2022
289713,172,10484,2022-01-12,2022
350364,237,1091,2022-01-12,2022
354259,2832,6,2022-01-12,2022
386126,6890,19789,2022-01-12,2022
396532,338,10690,2022-01-12,2022
487924,1148,1063,2022-01-12,2022
517376,449,126,2022-01-12,2022
687626,41274,1237,2022-01-12,2022
167342,1158,499,2022-01-11,2022
196231,89,18,2022-01-11,2022
227039,16704,468,2022-01-11,2022
242532,331,1244,2022-01-11,2022
288259,350,385,2022-01-11,2022
317593,202,133,2022-01-11,2022
503977,281,512,2022-01-11,2022
49016,60551,6992,2022-01-10,2022
108710,16239,18303,2022-01-10,2022
244904,6992,18303,2022-01-10,2022
365540,660,18303,2022-01-10,2022
366446,48332,18303,2022-01-10,2022
395659,2696,964,2022-01-10,2022
461670,338,18303,2022-01-10,2022
468066,865,1421,2022-01-10,2022
503977,58,281,2022-01-10,2022
511802,1123,903,2022-01-10,2022
124902,11282,6574,2022-01-09,2022
194549,4083,380,2022-01-09,2022
327757,44,430,2022-01-08,2022
80444,131,405,2022-01-07,2022
95810,13,762,2022-01-07,2022
285845,11,12,2022-01-07,2022
342046,985,6195,2022-01-07,2022
354666,172,232,2022-01-07,2022
386126,2381,6890,2022-01-07,2022
412943,1090,798,2022-01-07,2022
526578,660,53646,2022-01-07,2022
623560,371,987,2022-01-07,2022
666977,234,28643,2022-01-07,2022
289472,39097,55686,2022-01-06,2022
307519,366,2687,2022-01-06,2022
342046,405,985,2022-01-06,2022
412943,468,1090,2022-01-06,2022
447066,371,903,2022-01-06,2022
526578,2740,660,2022-01-06,2022
554284,1237,3948,2022-01-06,2022
216375,3057,41274,2022-01-05,2022
241229,244,417,2022-01-05,2022
306668,4294,2425,2022-01-05,2022
318507,1420,618,2022-01-05,2022
367284,1237,252,2022-01-05,2022
600041,1005,458,2022-01-05,2022
216375,3948,3057,2022-01-04,2022
266795,398,1108,2022-01-04,2022
290017,417,1010,2022-01-04,2022
367284,512,1237,2022-01-04,2022
408574,306,383,2022-01-04,2022
424015,124,29,2022-01-04,2022
487829,2239,430,2022-01-04,2022
263860,1049,1108,2022-01-03,2022
324690,1082,430,2022-01-03,2022
352015,4750,4294,2022-01-03,2022
366723,60551,338,2022-01-03,2022
459655,800,1390,2022-01-03,2022
504581,603,543,2022-01-03,2022
194549,380,4083,2022-01-02,2022
337036,42,127,2022-01-02,2022
340353,1010,468,2022-01-02,2022
570817,130,1421,2022-01-02,2022
48870,865,1148,2022-01-01,2022
94293,5724,2778,2022-01-01,2022
104752,6195,683,2022-01-01,2022
110036,60,89,2022-01-01,2022
176412,60551,3592,2022-01-01,2022
191359,2036,4795,2022-01-01,2022
248936,48726,48332,2022-01-01,2022
277777,16239,48332,2022-01-01,2022
292837,232,2698,2022-01-01,2022
340353,468,1010,2022-01-01,2022
342776,4603,2672,2022-01-01,2022
398184,281,131,2022-01-01,2022
404842,338,29,2022-01-01,2022
412660,405,703,2022-01-01,2022
456182,2698,3729,2022-01-01,2022
473169,23826,610,2022-01-01,2022
578680,3057,60,2022-01-01,2022
599046,3691,2698,2022-01-01,2022
599150,1124,232,2022-01-01,2022
621436,3729,232,2022-01-01,2022
665048,60551,53646,2022-01-01,2022
718408,660,55686,2022-01-01,2022
176412,3592,60551,2021-12-31,2021
203855,18303,660,2021-12-31,2021
264063,16239,660,2021-12-31,2021
334557,1075,294,2021-12-31,2021
365540,2740,660,2021-12-31,2021
366729,60551,338,2021-12-31,2021
396532,6992,338,2021-12-31,2021
396536,6992,338,2021-12-31,2021
456182,3729,2698,2021-12-31,2021
461670,6992,338,2021-12-31,2021
480975,10690,36,2021-12-31,2021
605534,3719,1083,2021-12-31,2021
631819,6992,338,2021-12-31,2021
748838,6992,338,2021-12-31,2021
503990,903,641,2021-11-25,2021
157501,273,40,2021-09-24,2021
333355,157,2441,2021-09-17,2021
52059,36,1148,2021-09-09,2021
184816,683,2293,2021-09-08,2021
265569,162,6,2021-09-08,2021
301840,924,3209,2021-09-08,2021
335725,16704,11688,2021-09-08,2021
358143,2503,11282,2021-09-08,2021
393217,589,20,2021-09-08,2021
396908,141,3840,2021-09-08,2021
461629,3329,141,2021-09-08,2021
543051,1421,1420,2021-09-08,2021
831948,19771,589,2021-09-08,2021
39333,36,6646,2021-09-07,2021
203510,3729,14589,2021-09-07,2021
232093,232,3719,2021-09-07,2021
409515,385,6646,2021-09-07,2021
278654,141,11282,2021-09-06,2021
324804,130,6646,2021-09-06,2021
498529,1465,36,2021-09-06,2021
39152,141,367,2021-09-04,2021
67808,5358,12321,2021-09-03,2021
83560,6890,2832,2021-09-03,2021
146799,749,265,2021-09-03,2021
282630,3691,11127,2021-09-03,2021
290774,2698,2696,2021-09-03,2021
359796,18303,53646,2021-09-03,2021
515506,1083,3719,2021-09-03,2021
539436,338,6992,2021-09-03,2021
44162,131,114,2021-09-02,2021
98547,2424,964,2021-09-02,2021
203855,660,18303,2021-09-02,2021
334481,16704,11127,2021-09-02,2021
358956,49364,4482,2021-09-02,2021
483916,385,2441,2021-09-02,2021
535974,2410,932,2021-09-02,2021
539436,16239,338,2021-09-02,2021
26485,27,1041,2021-09-01,2021
268112,200,932,2021-09-01,2021
355987,7160,3209,2021-09-01,2021
396333,13,114,2021-09-01,2021
396536,338,6992,2021-09-01,2021
465606,1148,141,2021-09-01,2021
568318,443,2698,2021-09-01,2021
776798,1237,512,2021-09-01,2021
38607,2722,749,2021-08-31,2021
44726,5817,2414,2021-08-31,2021
70245,3709,5358,2021-08-31,2021
72522,368,131,2021-08-31,2021
73185,1108,1531,2021-08-31,2021
74230,583,336,2021-08-31,2021
75458,12,350,2021-08-31,2021
84765,6574,1038,2021-08-31,2021
93081,383,65,2021-08-31,2021
119211,15,86,2021-08-31,2021
120565,1010,1039,2021-08-31,2021
123551,641,677,2021-08-31,2021
124715,6195,252,2021-08-31,2021
125781,131,13,2021-08-31,2021
129588,1003,416,2021-08-31,2021
146752,1038,276,2021-08-31,2021
148928,13,631,2021-08-31,2021
159718,2698,2441,2021-08-31,2021
179860,336,641,2021-08-31,2021
181378,969,273,2021-08-31,2021
181382,995,252,2021-08-31,2021
182201,36,1096,2021-08-31,2021
186368,46,294,2021-08-31,2021
188077,371,989,2021-08-31,2021
191217,11,150,2021-08-31,2021
192009,621,367,2021-08-31,2021
205657,11,2727,2021-08-31,2021
214666,2288,1132,2021-08-31,2021
216489,968,6418,2021-08-31,2021
224088,371,2288,2021-08-31,2021
225004,3302,142,2021-08-31,2021
228444,234,607,2021-08-31,2021
234124,2282,3840,2021-08-31,2021
238752,162,1390,2021-08-31,2021
239949,2288,989,2021-08-31,2021
247555,39,10,2021-08-31,2021
251848,621,1435,2021-08-31,2021
256429,366,367,2021-08-31,2021
258475,3302,367,2021-08-31,2021
268670,12321,1531,2021-08-31,2021
282144,82,16,2021-08-31,2021
282199,281,1095,2021-08-31,2021
282734,338,1095,2021-08-31,2021
283193,206,369,2021-08-31,2021
283735,276,398,2021-08-31,2021
284857,3709,1237,2021-08-31,2021
287700,398,252,2021-08-31,2021
291400,749,2722,2021-08-31,2021
292356,1091,653,2021-08-31,2021
293169,82,416,2021-08-31,2021
293200,2410,379,2021-08-31,2021
295780,683,468,2021-08-31,2021
306166,703,1162,2021-08-31,2021
308278,131,3522,2021-08-31,2021
314137,1184,8024,2021-08-31,2021
315125,44,40,2021-08-31,2021
315145,202,1421,2021-08-31,2021
315283,1421,1304,2021-08-31,2021
317806,1184,234,2021-08-31,2021
329812,294,371,2021-08-31,2021
331560,1025,11,2021-08-31,2021
334481,49702,16704,2021-08-31,2021
334557,294,1075,2021-08-31,2021
337333,232,379,2021-08-31,2021
340325,11,234,2021-08-31,2021
340460,281,1095,2021-08-31,2021
341049,148,371,2021-08-31,2021
341272,368,3302,2021-08-31,2021
342995,114,6646,2021-08-31,2021
344152,371,873,2021-08-31,2021
344869,826,3329,2021-08-31,2021
346561,430,380,2021-08-31,2021
353399,273,3911,2021-08-31,2021
354352,405,667,2021-08-31,2021
354361,931,6195,2021-08-31,2021
355689,865,2727,2021-08-31,2021
357003,6574,3522,2021-08-31,2021
357003,3522,6574,2021-08-31,2021
357072,273,2282,2021-08-31,2021
357156,720,1075,2021-08-31,2021
357162,294,3709,2021-08-31,2021
357992,40,1390,2021-08-31,2021
358008,6195,2239,2021-08-31,2021
361081,44,1269,2021-08-31,2021
362108,202,1082,2021-08-31,2021
364135,29,506,2021-08-31,2021
369424,2759,2553,2021-08-31,2021
371142,417,44,2021-08-31,2021
371150,40,172,2021-08-31,2021
372711,33,244,2021-08-31,2021
375383,720,1465,2021-08-31,2021
378293,281,714,2021-08-31,2021
380376,48332,53646,2021-08-31,2021
380913,1110,512,2021-08-31,2021
386914,800,24,2021-08-31,2021
391719,1010,931,2021-08-31,2021
392956,800,130,2021-08-31,2021
394328,1421,1301,2021-08-31,2021
395236,5,40,2021-08-31,2021
399257,465,2578,2021-08-31,2021
403673,865,678,2021-08-31,2021
406040,23826,1003,2021-08-31,2021
416386,468,6574,2021-08-31,2021
429014,543,350,2021-08-31,2021
432090,506,2239,2021-08-31,2021
444208,180,2288,2021-08-31,2021
449151,4083,5,2021-08-31,2021
459661,252,3522,2021-08-31,2021
464599,865,306,2021-08-31,2021
476344,131,148,2021-08-31,2021
480457,202,723,2021-08-31,2021
483348,641,703,2021-08-31,2021
491890,1184,5724,2021-08-31,2021
503638,506,1038,2021-08-31,2021
503679,31,2288,2021-08-31,2021
503990,641,903,2021-08-31,2021
512394,683,1244,2021-08-31,2021
524925,681,7179,2021-08-31,2021
525287,294,383,2021-08-31,2021
541601,678,1177,2021-08-31,2021
557459,724,82,2021-08-31,2021
560725,995,1416,2021-08-31,2021
566615,3522,2722,2021-08-31,2021
568318,2696,443,2021-08-31,2021
568559,506,1038,2021-08-31,2021
569384,46,3911,2021-08-31,2021
573775,3709,1049,2021-08-31,2021
578539,27,533,2021-08-31,2021
585959,583,826,2021-08-31,2021
591193,29,3057,2021-08-31,2021
595809,7378,410,2021-08-31,2021
600222,19789,924,2021-08-31,2021
605268,24,35,2021-08-31,2021
610431,443,79,2021-08-31,2021
616341,336,583,2021-08-31,2021
617074,131,23826,2021-08-31,2021
640428,273,418,2021-08-31,2021
678194,33,237,2021-08-31,2021
687626,1237,41274,2021-08-31,2021
704156,1162,969,2021-08-31,2021
730126,1095,2727,2021-08-31,2021
830890,667,750,2021-08-31,2021
56836,1268,468,2021-08-30,2021
68033,24,2441,2021-08-30,2021
85383,1049,2687,2021-08-30,2021
94137,86,89,2021-08-30,2021
106987,23826,27,2021-08-30,2021
131731,6574,3522,2021-08-30,2021
163647,130,1005,2021-08-30,2021
170472,16795,1049,2021-08-30,2021
182618,631,5,2021-08-30,2021
208379,1237,677,2021-08-30,2021
235274,41274,235,2021-08-30,2021
240578,336,2423,2021-08-30,2021
258364,3329,467,2021-08-30,2021
269878,89,39,2021-08-30,2021
295414,16795,3329,2021-08-30,2021
303259,44,82,2021-08-30,2021
341549,738,114,2021-08-30,2021
345468,1237,167,2021-08-30,2021
360518,1090,800,2021-08-30,2021
361260,33,1123,2021-08-30,2021
378953,273,667,2021-08-30,2021
393804,398,607,2021-08-30,2021
394328,273,1421,2021-08-30,2021
395236,40,5,2021-08-30,2021
410285,2293,968,2021-08-30,2021
412045,714,12321,2021-08-30,2021
445939,82,79,2021-08-30,2021
454576,234,38,2021-08-30,2021
459661,46,252,2021-08-30,2021
482769,417,290,2021-08-30,2021
494880,1050,3709,2021-08-30,2021
502288,1184,192,2021-08-30,2021
503638,383,506,2021-08-30,2021
539154,3522,3268,2021-08-30,2021
546880,273,410,2021-08-30,2021
557149,1049,237,2021-08-30,2021
592975,738,130,2021-08-30,2021
605268,35,24,2021-08-30,2021
608469,2410,5358,2021-08-30,2021
634963,28095,19657,2021-08-30,2021
649035,2282,3911,2021-08-30,2021
656441,1082,40,2021-08-30,2021
729814,347,2715,2021-08-30,2021
27493,1244,2448,2021-08-29,2021
234781,1041,1132,2021-08-29,2021
257805,1083,1123,2021-08-29,2021
272539,41,370,2021-08-29,2021
292246,23826,543,2021-08-29,2021
369267,475,232,2021-08-29,2021
99352,40,1244,2021-08-28,2021
122797,969,417,2021-08-28,2021
157509,631,379,2021-08-28,2021
207014,1010,873,2021-08-28,2021
280730,418,430,2021-08-28,2021
339707,410,366,2021-08-28,2021
342389,865,2698,2021-08-28,2021
342472,2921,1241,2021-08-28,2021
371147,6646,820,2021-08-28,2021
419723,58,130,2021-08-28,2021
491693,13,410,2021-08-28,2021
568693,148,347,2021-08-28,2021
574385,190,610,2021-08-28,2021
46001,148,1010,2021-08-27,2021
93831,1123,42,2021-08-27,2021
111347,1038,749,2021-08-27,2021
182424,172,1096,2021-08-27,2021
196158,152,833,2021-08-27,2021
201248,10484,385,2021-08-27,2021
224884,631,1032,2021-08-27,2021
258885,350,703,2021-08-27,2021
330060,338,1091,2021-08-27,2021
361068,610,44,2021-08-27,2021
392538,5,416,2021-08-27,2021
393239,306,1421,2021-08-27,2021
406609,33,114,2021-08-27,2021
496745,3522,5817,2021-08-27,2021
568693,347,148,2021-08-27,2021
576033,3205,273,2021-08-27,2021
652803,1184,1096,2021-08-27,2021
859182,2944,7160,2021-08-27,2021
91315,603,370,2021-08-26,2021
122155,681,150,2021-08-26,2021
227081,398,46,2021-08-26,2021
282388,1390,276,2021-08-26,2021
283223,940,6646,2021-08-26,2021
295331,1010,410,2021-08-26,2021
362667,2457,41231,2021-08-26,2021
368891,2861,1025,2021-08-26,2021
400831,336,2457,2021-08-26,2021
471936,173,44,2021-08-26,2021
496745,5817,3522,2021-08-26,2021
532776,415,15,2021-08-26,2021
612065,6195,172,2021-08-26,2021
91849,16,368,2021-08-25,2021
125103,42,86,2021-08-25,2021
146258,24,65,2021-08-25,2021
163053,36,3205,2021-08-25,2021
197642,641,1091,2021-08-25,2021
203961,1283,2696,2021-08-25,2021
238407,23826,681,2021-08-25,2021
315865,46,749,2021-08-25,2021
318077,11,430,2021-08-25,2021
334835,40,398,2021-08-25,2021
354741,150,714,2021-08-25,2021
364133,162,5,2021-08-25,2021
431698,800,276,2021-08-25,2021
481084,366,1049,2021-08-25,2021
517894,44,13,2021-08-25,2021
581121,1075,8024,2021-08-25,2021
63342,234,11282,2021-08-24,2021
173859,631,800,2021-08-24,2021
182923,1025,449,2021-08-24,2021
291941,720,2457,2021-08-24,2021
309393,252,10,2021-08-24,2021
312374,3840,833,2021-08-24,2021
329813,29,336,2021-08-24,2021
384553,39,3,2021-08-24,2021
412513,2727,607,2021-08-24,2021
553217,385,1455,2021-08-24,2021
572879,2671,47,2021-08-24,2021
142031,33,1531,2021-08-23,2021
245078,244,294,2021-08-23,2021
298975,430,244,2021-08-23,2021
309393,800,252,2021-08-23,2021
393241,317,403,2021-08-23,2021
464446,1025,190,2021-08-23,2021
507700,985,1123,2021-08-23,2021
539065,1162,932,2021-08-23,2021
612496,13,3329,2021-08-23,2021
196095,294,82,2021-08-22,2021
307800,269,23,2021-08-22,2021
309393,252,800,2021-08-22,2021
323713,1096,2727,2021-08-22,2021
505219,985,703,2021-08-22,2021
130365,12,5,2021-08-21,2021
143559,33,430,2021-08-21,2021
197473,130,1390,2021-08-21,2021
337725,430,58,2021-08-21,2021
481692,1091,2672,2021-08-21,2021
627228,281,1075,2021-08-21,2021
647950,141,172,2021-08-21,2021
14044,984,29,2021-08-20,2021
51736,1005,2722,2021-08-20,2021
166683,12321,1108,2021-08-20,2021
238947,3522,2722,2021-08-20,2021
264063,660,16239,2021-08-20,2021
316264,418,11,2021-08-20,2021
319160,1038,3709,2021-08-20,2021
361254,543,368,2021-08-20,2021
427568,350,11,2021-08-20,2021
443726,3008,903,2021-08-20,2021
461951,114,24245,2021-08-20,2021
484988,1421,415,2021-08-20,2021
487829,430,2239,2021-08-20,2021
495601,714,1084,2021-08-20,2021
511815,543,2282,2021-08-20,2021
536520,12,2282,2021-08-20,2021
58993,603,1032,2021-08-19,2021
65278,12,398,2021-08-19,2021
113133,430,150,2021-08-19,2021
127181,162,13,2021-08-19,2021
176354,36,19789,2021-08-19,2021
181778,631,1041,2021-08-19,2021
194549,4083,380,2021-08-19,2021
204201,141,11688,2021-08-19,2021
213980,660,83678,2021-08-19,2021
226073,13,1082,2021-08-19,2021
228433,15,720,2021-08-19,2021
228940,1075,11282,2021-08-19,2021
236471,36,1010,2021-08-19,2021
250683,6195,4083,2021-08-19,2021
340524,336,6912,2021-08-19,2021
345746,18,4795,2021-08-19,2021
355816,281,33,2021-08-19,2021
355861,989,1050,2021-08-19,2021
415642,3,3325,2021-08-19,2021
548111,1050,12321,2021-08-19,2021
578392,533,42,2021-08-19,2021
121985,12,6195,2021-08-18,2021
179184,631,114,2021-08-18,2021
182688,11282,449,2021-08-18,2021
187105,10,200,2021-08-18,2021
190284,86,60,2021-08-18,2021
196829,58,403,2021-08-18,2021
265088,6574,506,2021-08-18,2021
282615,6890,7160,2021-08-18,2021
386786,79,33,2021-08-18,2021
577590,417,3329,2021-08-18,2021
73517,1123,989,2021-08-17,2021
174694,368,683,2021-08-17,2021
197751,1390,1047,2021-08-17,2021
215649,2919,4083,2021-08-17,2021
240497,19789,152,2021-08-17,2021
283227,865,415,2021-08-17,2021
285323,60,273,2021-08-17,2021
331726,631,12,2021-08-17,2021
344474,294,2503,2021-08-17,2021
367464,336,16795,2021-08-17,2021
387160,3725,2293,2021-08-17,2021
392570,6574,4083,2021-08-17,2021
453704,5358,1148,2021-08-17,2021
560903,3329,1465,2021-08-17,2021
618809,13,331,2021-08-17,2021
159088,89,15,2021-08-16,2021
257097,31,350,2021-08-16,2021
335225,1050,714,2021-08-16,2021
369258,86,2778,2021-08-16,2021
388820,33,6646,2021-08-16,2021
51894,6890,114,2021-08-15,2021
162079,16795,1244,2021-08-15,2021
170646,86,368,2021-08-15,2021
288853,6993,83678,2021-08-15,2021
296366,16239,60551,2021-08-15,2021
28396,12,46,2021-08-14,2021
111376,172,20,2021-08-14,2021
164770,418,985,2021-08-14,2021
321528,383,46,2021-08-14,2021
330208,252,4171,2021-08-14,2021
569366,162,79,2021-08-14,2021
613725,36,20,2021-08-14,2021
60957,385,80,2021-08-13,2021
99331,180,1003,2021-08-13,2021
172202,499,6,2021-08-13,2021
182711,2425,3205,2021-08-13,2021
265078,543,749,2021-08-13,2021
278531,6195,749,2021-08-13,2021
340329,11,762,2021-08-13,2021
502298,2282,968,2021-08-13,2021
542690,379,289,2021-08-13,2021
722371,660,6993,2021-08-13,2021
68410,86,10,2021-08-12,2021
96341,46,631,2021-08-12,2021
118287,1003,114,2021-08-12,2021
189151,868,2832,2021-08-12,2021
413118,855,347,2021-08-12,2021
413605,2282,607,2021-08-12,2021
432852,468,385,2021-08-12,2021
451677,1091,1123,2021-08-12,2021
457673,2722,1005,2021-08-12,2021
536507,162,1095,2021-08-12,2021
57598,41,105,2021-08-11,2021
193867,1005,749,2021-08-11,2021
206947,681,367,2021-08-11,2021
225744,1519,41274,2021-08-11,2021
248271,114,11688,2021-08-11,2021
297194,940,1244,2021-08-11,2021
329630,2293,2727,2021-08-11,2021
380919,601,28643,2021-08-11,2021
405398,418,237,2021-08-11,2021
422951,190,141,2021-08-11,2021
504849,1237,3948,2021-08-11,2021
199953,449,252,2021-08-10,2021
203412,130,449,2021-08-10,2021
235347,3609,1083,2021-08-10,2021
289272,681,367,2021-08-10,2021
342702,58,317,2021-08-10,2021
367284,1237,512,2021-08-10,2021
388165,1158,1148,2021-08-10,2021
422355,5,24,2021-08-10,2021
495625,418,2687,2021-08-10,2021
506189,677,2288,2021-08-10,2021
538998,583,40,2021-08-10,2021
742611,3209,7160,2021-08-10,2021
197470,5,607,2021-08-09,2021
243225,749,3522,2021-08-09,2021
279009,167,44,2021-08-09,2021
284010,4,10,2021-08-09,2021
296397,44,167,2021-08-09,2021
340251,20,36,2021-08-09,2021
404384,33,520,2021-08-09,2021
412959,234,798,2021-08-09,2021
435228,3522,749,2021-08-09,2021
476701,3329,336,2021-08-09,2021
496706,4171,2698,2021-08-09,2021
537566,3426,369,2021-08-09,2021
203842,800,3522,2021-08-08,2021
262939,12321,1531,2021-08-08,2021
342046,985,405,2021-08-08,2021
181768,130,252,2021-08-07,2021
205677,862,8970,2021-08-07,2021
236997,683,2420,2021-08-07,2021
269171,38,820,2021-08-07,2021
271098,1010,703,2021-08-07,2021
321204,383,317,2021-08-07,2021
557939,1184,7179,2021-08-07,2021
55000,2921,380,2021-08-06,2021
263236,167,826,2021-08-06,2021
294767,449,3205,2021-08-06,2021
321146,6992,6993,2021-08-06,2021
324344,3,317,2021-08-06,2021
344588,124,2578,2021-08-06,2021
347594,1160,5358,2021-08-06,2021
355915,800,148,2021-08-06,2021
355915,506,800,2021-08-06,2021
524285,44,18,2021-08-06,2021
530131,3999,3385,2021-08-06,2021
569376,290,415,2021-08-06,2021
599203,2698,121,2021-08-06,2021
11530,667,3205,2021-08-05,2021
117481,48726,16239,2021-08-05,2021
203460,405,281,2021-08-05,2021
251303,86,1096,2021-08-05,2021
361032,499,3205,2021-08-05,2021
371021,281,3840,2021-08-05,2021
404851,10690,53646,2021-08-05,2021
465955,583,417,2021-08-05,2021
485706,41,1082,2021-08-05,2021
528833,23826,410,2021-08-05,2021
676318,985,1108,2021-08-05,2021
88721,82,10484,2021-08-04,2021
124884,1090,3911,2021-08-04,2021
134294,180,405,2021-08-04,2021
188436,862,8970,2021-08-04,2021
207571,979,60949,2021-08-04,2021
237436,5724,206,2021-08-04,2021
250464,1269,1063,2021-08-04,2021
348425,121,3205,2021-08-04,2021
355915,800,506,2021-08-04,2021
387626,15,405,2021-08-04,2021
387745,369,206,2021-08-04,2021
412932,1090,162,2021-08-04,2021
461701,2410,932,2021-08-04,2021
527966,1050,5358,2021-08-04,2021
552223,46,724,2021-08-04,2021
584548,2441,553,2021-08-04,2021
606752,24,33,2021-08-04,2021
724033,653,30120,2021-08-04,2021
25508,416,252,2021-08-03,2021
40204,148,371,2021-08-03,2021
45333,873,371,2021-08-03,2021
241527,1038,380,2021-08-03,2021
274484,1041,1095,2021-08-03,2021
314944,2503,40,2021-08-03,2021
404383,336,3329,2021-08-03,2021
435648,27,58,2021-08-03,2021
467434,18,475,2021-08-03,2021
502289,157,601,2021-08-03,2021
550179,1465,2990,2021-08-03,2021
199369,5358,3709,2021-08-02,2021
203516,1531,472,2021-08-02,2021
280575,82,80,2021-08-02,2021
315208,868,1467,2021-08-02,2021
358166,252,12,2021-08-02,2021
429915,2282,968,2021-08-02,2021
186172,641,3840,2021-08-01,2021
448981,232,2696,2021-08-01,2021
503212,2420,2425,2021-08-01,2021
620076,589,44006,2021-08-01,2021
211727,232,3725,2021-07-31,2021
221958,157,294,2021-07-31,2021
325223,2969,1095,2021-07-31,2021
344069,65,39,2021-07-31,2021
386552,1420,380,2021-07-31,2021
448628,5358,940,2021-07-31,2021
459655,276,800,2021-07-31,2021
487843,5,2722,2021-07-31,2021
297645,6574,749,2021-07-30,2021
335721,1237,11,2021-07-30,2021
344393,336,605,2021-07-30,2021
355370,1095,7775,2021-07-30,2021
386126,6890,2381,2021-07-30,2021
419062,660,3592,2021-07-30,2021
425028,1108,2448,2021-07-30,2021
441170,336,114,2021-07-30,2021
443222,331,1435,2021-07-30,2021
740732,23611,48726,2021-07-30,2021
120629,583,379,2021-07-29,2021
204049,868,2293,2021-07-29,2021
275935,114,449,2021-07-29,2021
334425,2741,75231,2021-07-29,2021
335461,543,7179,2021-07-29,2021
399369,29,43,2021-07-29,2021
469787,11282,141,2021-07-29,2021
569387,1416,1005,2021-07-29,2021
52119,873,141,2021-07-28,2021
92947,368,714,2021-07-28,2021
116648,931,631,2021-07-28,2021
167556,2740,338,2021-07-28,2021
260827,1041,873,2021-07-28,2021
340339,1049,1301,2021-07-28,2021
346499,1123,1110,2021-07-28,2021
366723,338,60551,2021-07-28,2021
399553,2861,1159,2021-07-28,2021
433584,6195,8970,2021-07-28,2021
660342,252,8970,2021-07-28,2021
46104,162,44,2021-07-27,2021
47713,873,969,2021-07-27,2021
187291,133,798,2021-07-27,2021
205655,798,1160,2021-07-27,2021
296963,41231,49702,2021-07-27,2021
326029,383,16,2021-07-27,2021
336960,130,800,2021-07-27,2021
353775,865,3840,2021-07-27,2021
370791,383,417,2021-07-27,2021
403569,124,2760,2021-07-27,2021
457422,46,4083,2021-07-27,2021
496357,855,7775,2021-07-27,2021
504073,336,7179,2021-07-27,2021
596446,399,989,2021-07-27,2021
616631,800,380,2021-07-27,2021
752691,23611,61825,2021-07-27,2021
111630,148,368,2021-07-26,2021
127160,33,3840,2021-07-26,2021
249513,989,681,2021-07-26,2021
475413,273,141,2021-07-26,2021
537382,368,148,2021-07-26,2021
170934,180,417,2021-07-24,2021
195488,148,931,2021-07-24,2021
206386,15,932,2021-07-24,2021
244192,800,148,2021-07-24,2021
265763,347,2861,2021-07-24,2021
279455,31,931,2021-07-24,2021
345590,6574,235,2021-07-24,2021
371141,417,2282,2021-07-24,2021
392881,252,1429,2021-07-24,2021
404912,121,3725,2021-07-24,2021
447221,33,2832,2021-07-24,2021
468036,265,443,2021-07-24,2021
787776,2740,6992,2021-07-24,2021
81649,2381,18303,2021-07-23,2021
126687,430,10484,2021-07-23,2021
129679,3368,1244,2021-07-23,2021
164913,416,294,2021-07-23,2021
166563,49364,3592,2021-07-23,2021
185245,44,16704,2021-07-23,2021
261504,1533,12321,2021-07-23,2021
289432,1096,3329,2021-07-23,2021
314965,294,2919,2021-07-23,2021
359247,371,354,2021-07-23,2021
364237,720,1108,2021-07-23,2021
381714,41231,2696,2021-07-23,2021
401173,16,985,2021-07-23,2021
470831,338,16239,2021-07-23,2021
497221,3592,55686,2021-07-23,2021
524031,60551,820,2021-07-23,2021
539436,338,16239,2021-07-23,2021
631821,338,6992,2021-07-23,2021
694355,465,2451,2021-07-23,2021
127108,762,1108,2021-07-22,2021
211325,512,605,2021-07-22,2021
259025,1158,10484,2021-07-22,2021
344072,415,3522,2021-07-22,2021
360520,200,132,2021-07-22,2021
461843,368,2448,2021-07-22,2021
463613,273,499,2021-07-22,2021
623331,660,6993,2021-07-22,2021
644771,2282,15,2021-07-22,2021
725356,2477,18303,2021-07-22,2021
74641,126,449,2021-07-21,2021
176412,60551,3592,2021-07-21,2021
193592,16704,58,2021-07-21,2021
216608,2381,152,2021-07-21,2021
244491,506,1047,2021-07-21,2021
248936,48332,48726,2021-07-21,2021
258987,2698,371,2021-07-21,2021
277607,1268,33,2021-07-21,2021
328658,371,1148,2021-07-21,2021
396532,338,6992,2021-07-21,2021
434358,1160,347,2021-07-21,2021
461670,338,6992,2021-07-21,2021
567735,23611,18105,2021-07-21,2021
626475,338,6992,2021-07-21,2021
631819,338,6992,2021-07-21,2021
723621,338,6992,2021-07-21,2021
724969,121,11127,2021-07-21,2021
748838,338,6992,2021-07-21,2021
33873,989,29,2021-07-20,2021
45494,873,1132,2021-07-20,2021
56523,1268,235,2021-07-20,2021
61842,873,29,2021-07-20,2021
85528,276,410,2021-07-20,2021
107775,24,89,2021-07-20,2021
124422,2381,127,2021-07-20,2021
155964,83678,18303,2021-07-20,2021
167491,749,252,2021-07-20,2021
222813,31,720,2021-07-20,2021
241923,4171,276,2021-07-20,2021
282250,1160,273,2021-07-20,2021
295313,31,89,2021-07-20,2021
330659,12,417,2021-07-20,2021
338672,46,252,2021-07-20,2021
421637,865,1148,2021-07-20,2021
427572,2698,3729,2021-07-20,2021
492313,800,467,2021-07-20,2021
40034,79,24,2021-07-19,2021
152733,11282,3205,2021-07-19,2021
256718,234,306,2021-07-19,2021
272278,127,79,2021-07-19,2021
293998,924,7775,2021-07-19,2021
314678,418,5,2021-07-19,2021
370287,14589,41231,2021-07-19,2021
381967,58,11,2021-07-19,2021
392966,800,380,2021-07-19,2021
395234,995,1420,2021-07-19,2021
419119,23611,10690,2021-07-19,2021
481116,347,2715,2021-07-19,2021
27389,1049,667,2021-07-18,2021
253316,855,126,2021-07-18,2021
296422,162,5,2021-07-18,2021
354909,252,1390,2021-07-18,2021
392757,631,873,2021-07-18,2021
82442,631,5,2021-07-17,2021
88680,4171,2919,2021-07-17,2021
163048,252,4171,2021-07-17,2021
213268,1237,234,2021-07-17,2021
286415,12,244,2021-07-17,2021
358422,3426,1063,2021-07-17,2021
390304,1025,8970,2021-07-17,2021
110366,472,2441,2021-07-16,2021
129554,234,610,2021-07-16,2021
149579,39722,3524,2021-07-16,2021
159372,379,398,2021-07-16,2021
178313,162,667,2021-07-16,2021
182079,868,3205,2021-07-16,2021
212216,2420,2425,2021-07-16,2021
226169,19789,11282,2021-07-16,2021
226958,6418,868,2021-07-16,2021
251680,331,1084,2021-07-16,2021
274694,2441,4083,2021-07-16,2021
282727,131,16795,2021-07-16,2021
314288,281,82,2021-07-16,2021
338629,3,82,2021-07-16,2021
450168,3691,49702,2021-07-16,2021
532775,1041,417,2021-07-16,2021
730126,48726,1095,2021-07-16,2021
746695,2778,273,2021-07-16,2021
56354,190,369,2021-07-15,2021
112930,33,58,2021-07-15,2021
249994,683,543,2021-07-15,2021
271335,833,605,2021-07-15,2021
411287,533,65,2021-07-15,2021
495666,11,244,2021-07-15,2021
556385,276,410,2021-07-15,2021
569390,1158,1160,2021-07-15,2021
85295,3302,367,2021-07-14,2021
105653,833,2832,2021-07-14,2021
113045,1244,265,2021-07-14,2021
258482,800,1390,2021-07-14,2021
296741,33,499,2021-07-14,2021
315858,5,583,2021-07-14,2021
352392,244,667,2021-07-14,2021
379979,27,65,2021-07-14,2021
395083,46,1421,2021-07-14,2021
409344,1090,417,2021-07-14,2021
568318,443,2696,2021-07-14,2021
45026,543,12,2021-07-13,2021
64000,368,683,2021-07-13,2021
149729,46,294,2021-07-13,2021
168163,2293,589,2021-07-13,2021
242284,2282,703,2021-07-13,2021
245048,1244,2448,2021-07-13,2021
336974,269,1467,2021-07-13,2021
338672,3057,46,2021-07-13,2021
377393,417,1123,2021-07-13,2021
504581,543,603,2021-07-13,2021
562030,1025,4083,2021-07-13,2021
626913,1421,1050,2021-07-13,2021
55994,2423,2425,2021-07-12,2021
104543,1245,54189,2021-07-12,2021
128969,1237,681,2021-07-12,2021
182936,7179,2503,2021-07-12,2021
196722,289,873,2021-07-12,2021
255901,410,13,2021-07-12,2021
288240,2698,3725,2021-07-12,2021
353032,44,1049,2021-07-12,2021
361065,583,15,2021-07-12,2021
370399,338,60551,2021-07-12,2021
375137,3,162,2021-07-12,2021
461833,800,2239,2021-07-12,2021
367468,294,2995,2021-07-11,2021
513245,206,24,2021-07-11,2021
526578,660,2740,2021-07-11,2021
112541,964,15,2021-07-10,2021
136184,1090,3840,2021-07-10,2021
183397,1269,653,2021-07-10,2021
284854,131,3709,2021-07-10,2021
341278,1050,1108,2021-07-10,2021
345061,1075,2424,2021-07-10,2021
535955,294,11,2021-07-10,2021
72768,2441,1091,2021-07-09,2021
91059,29,1010,2021-07-09,2021
200777,1110,289,2021-07-09,2021
226025,6574,2919,2021-07-09,2021
243633,2553,820,2021-07-09,2021
277118,2448,1108,2021-07-09,2021
285548,379,121,2021-07-09,2021
286047,1390,749,2021-07-09,2021
314886,4750,3349,2021-07-09,2021
324503,403,1090,2021-07-09,2021
357158,543,336,2021-07-09,2021
383325,48332,338,2021-07-09,2021
398808,1096,276,2021-07-09,2021
463600,1082,1423,2021-07-09,2021
482107,369,416,2021-07-09,2021
530157,15,3524,2021-07-09,2021
545332,190,41,2021-07-09,2021
547354,1268,1455,2021-07-09,2021
578391,1420,543,2021-07-09,2021
25557,418,583,2021-07-08,2021
41131,987,1519,2021-07-08,2021
70074,3729,49702,2021-07-08,2021
251302,157,167,2021-07-08,2021
282630,11127,3691,2021-07-08,2021
314398,269,39,2021-07-08,2021
356099,1075,11282,2021-07-08,2021
365540,660,2740,2021-07-08,2021
397033,19,5,2021-07-08,2021
448177,44,65,2021-07-08,2021
566723,1032,873,2021-07-08,2021
45146,2919,3840,2021-07-07,2021
57534,3508,3948,2021-07-07,2021
58429,2696,14589,2021-07-07,2021
59337,142,6676,2021-07-07,2021
65318,1050,237,2021-07-07,2021
89654,3948,968,2021-07-07,2021
169260,16239,55686,2021-07-07,2021
249747,1083,48332,2021-07-07,2021
251876,79,237,2021-07-07,2021
305946,3325,982,2021-07-07,2021
332560,415,826,2021-07-07,2021
335225,3302,1050,2021-07-07,2021
381430,23611,48726,2021-07-07,2021
381963,403,1184,2021-07-07,2021
396342,2425,2420,2021-07-07,2021
429987,294,7179,2021-07-07,2021
498899,61825,48332,2021-07-07,2021
531338,1082,2727,2021-07-07,2021
605534,1083,3719,2021-07-07,2021
143029,667,3709,2021-07-06,2021
165825,660,190,2021-07-06,2021
169681,2420,1533,2021-07-06,2021
291760,820,2832,2021-07-06,2021
342012,1090,192,2021-07-06,2021
344519,7378,720,2021-07-06,2021
371245,1075,6912,2021-07-06,2021
376228,10690,2696,2021-07-06,2021
398073,46,583,2021-07-06,2021
415383,1082,172,2021-07-06,2021
448867,61825,63007,2021-07-06,2021
465830,11,244,2021-07-06,2021
615350,1041,2727,2021-07-06,2021
49016,16239,60551,2021-07-05,2021
52281,2832,589,2021-07-05,2021
67082,13,3709,2021-07-05,2021
93827,33,269,2021-07-05,2021
112052,512,1090,2021-07-05,2021
156941,350,124,2021-07-05,2021
182682,2671,553,2021-07-05,2021
192557,903,35,2021-07-05,2021
204189,141,11688,2021-07-05,2021
208772,1039,987,2021-07-05,2021
263267,410,19,2021-07-05,2021
291750,820,2293,2021-07-05,2021
293661,39722,152,2021-07-05,2021
335209,430,190,2021-07-05,2021
336104,2671,441,2021-07-05,2021
341110,294,940,2021-07-05,2021
344695,23826,27,2021-07-05,2021
450218,1245,1096,2021-07-05,2021
504503,7179,3325,2021-07-05,2021
525155,1416,3911,2021-07-05,2021
730581,826,273,2021-07-05,2021
94308,1533,368,2021-07-04,2021
170838,11282,114,2021-07-04,2021
232463,865,105,2021-07-04,2021
341647,12,244,2021-07-04,2021
412669,131,543,2021-07-04,2021
432658,48726,18303,2021-07-04,2021
452084,33,6890,2021-07-04,2021
502239,3057,1096,2021-07-04,2021
568318,16704,443,2021-07-04,2021
58965,2457,3329,2021-07-03,2021
68864,244,1390,2021-07-03,2021
77825,2722,416,2021-07-03,2021
139395,1075,336,2021-07-03,2021
178314,347,41231,2021-07-03,2021
232964,1148,989,2021-07-03,2021
289487,48726,55686,2021-07-03,2021
439292,132,1025,2021-07-03,2021
524860,2861,1159,2021-07-03,2021
575998,16,244,2021-07-03,2021
34130,405,985,2021-07-02,2021
58150,61825,85465,2021-07-02,2021
193859,86,269,2021-07-02,2021
198008,24,23826,2021-07-02,2021
216375,3057,3948,2021-07-02,2021
242063,200,317,2021-07-02,2021
242359,410,800,2021-07-02,2021
247377,2722,1025,2021-07-02,2021
267396,11127,1083,2021-07-02,2021
282700,1050,3368,2021-07-02,2021
318523,3911,180,2021-07-02,2021
323379,417,1465,2021-07-02,2021
344605,1082,1003,2021-07-02,2021
358032,235,202,2021-07-02,2021
417346,281,399,2021-07-02,2021
423744,631,1123,2021-07-02,2021
486083,1083,41231,2021-07-02,2021
524860,1159,2861,2021-07-02,2021
572658,1210,8970,2021-07-02,2021
597087,1301,1465,2021-07-02,2021
775709,660,18303,2021-07-02,2021
14086,46,405,2021-07-01,2021
22860,865,678,2021-07-01,2021
23523,369,206,2021-07-01,2021
24202,3325,3268,2021-07-01,2021
25488,46,1038,2021-07-01,2021
25520,499,610,2021-07-01,2021
27807,46,410,2021-07-01,2021
34784,306,467,2021-07-01,2021
38607,6574,2722,2021-07-01,2021
40680,41,27,2021-07-01,2021
42942,11282,2441,2021-07-01,2021
46413,237,331,2021-07-01,2021
53696,383,317,2021-07-01,2021
54906,130,46,2021-07-01,2021
58995,206,86,2021-07-01,2021
59016,27,418,2021-07-01,2021
59866,631,232,2021-07-01,2021
61989,42,80,2021-07-01,2021
64352,235,1269,2021-07-01,2021
70114,41231,2410,2021-07-01,2021
71830,1075,6912,2021-07-01,2021
79027,1237,383,2021-07-01,2021
79110,10484,449,2021-07-01,2021
79377,42,89,2021-07-01,2021
80059,105,36,2021-07-01,2021
80293,150,1050,2021-07-01,2021
88879,23611,26459,2021-07-01,2021
91727,16239,53646,2021-07-01,2021
92248,855,1177,2021-07-01,2021
93315,1148,865,2021-07-01,2021
93936,1533,331,2021-07-01,2021
94924,16239,10690,2021-07-01,2021
95673,1053,60949,2021-07-01,2021
97241,105,33,2021-07-01,2021
98131,19789,11688,2021-07-01,2021
98512,589,2293,2021-07-01,2021
98543,2741,3609,2021-07-01,2021
98547,2457,2424,2021-07-01,2021
102572,18303,48726,2021-07-01,2021
107544,987,370,2021-07-01,2021
110686,449,7775,2021-07-01,2021
111072,16239,53646,2021-07-01,2021
112935,33,3,2021-07-01,2021
116088,89,33,2021-07-01,2021
121477,1010,379,2021-07-01,2021
124410,167,89,2021-07-01,2021
126414,5,46,2021-07-01,2021
126673,1082,1025,2021-07-01,2021
127573,39,383,2021-07-01,2021
129592,601,157,2021-07-01,2021
129674,16,6574,2021-07-01,2021
131553,660,48332,2021-07-01,2021
131951,410,276,2021-07-01,2021
132209,987,2553,2021-07-01,2021
135492,40,150,2021-07-01,2021
138736,1467,141,2021-07-01,2021
139336,1533,1075,2021-07-01,2021
141050,720,583,2021-07-01,2021
142208,200,403,2021-07-01,2021
143891,121,82,2021-07-01,2021
144545,3690,1124,2021-07-01,2021
147034,631,383,2021-07-01,2021
147043,36,1096,2021-07-01,2021
151213,2999,2759,2021-07-01,2021
153664,41,38,2021-07-01,2021
153754,3840,152,2021-07-01,2021
154351,157,58,2021-07-01,2021
155025,2423,720,2021-07-01,2021
155964,60551,83678,2021-07-01,2021
158534,289,1071,2021-07-01,2021
159098,157,415,2021-07-01,2021
159844,89,24,2021-07-01,2021
159908,10484,141,2021-07-01,2021
160929,206,3,2021-07-01,2021
161057,105,4,2021-07-01,2021
163639,430,276,2021-07-01,2021
165895,46,6195,2021-07-01,2021
166737,16704,3729,2021-07-01,2021
167798,2861,157,2021-07-01,2021
167850,1041,131,2021-07-01,2021
168166,28643,3948,2021-07-01,2021
169873,141,6890,2021-07-01,2021
175188,1301,3327,2021-07-01,2021
177031,39722,3205,2021-07-01,2021
177821,642,724,2021-07-01,2021
181773,1301,6912,2021-07-01,2021
182201,405,36,2021-07-01,2021
182906,1082,5,2021-07-01,2021
182916,415,826,2021-07-01,2021
185427,89,86,2021-07-01,2021
186763,3508,724,2021-07-01,2021
192638,800,749,2021-07-01,2021
193033,157,2036,2021-07-01,2021
193469,405,1096,2021-07-01,2021
194547,3268,982,2021-07-01,2021
195778,27,162,2021-07-01,2021
196126,443,1063,2021-07-01,2021
200056,6195,398,2021-07-01,2021
202591,162,23826,2021-07-01,2021
202788,1304,317,2021-07-01,2021
203412,800,130,2021-07-01,2021
206717,660,2282,2021-07-01,2021
207519,932,3725,2021-07-01,2021
212232,4482,85465,2021-07-01,2021
212430,441,6418,2021-07-01,2021
215096,3008,1039,2021-07-01,2021
216579,16239,49364,2021-07-01,2021
216662,36,6890,2021-07-01,2021
217686,2410,11127,2021-07-01,2021
220496,987,465,2021-07-01,2021
220650,3725,16704,2021-07-01,2021
230552,5,121,2021-07-01,2021
230985,1096,1184,2021-07-01,2021
231650,1304,1283,2021-07-01,2021
233264,2441,3060,2021-07-01,2021
234193,3,1096,2021-07-01,2021
234811,16795,150,2021-07-01,2021
235339,1083,964,2021-07-01,2021
235347,1083,3609,2021-07-01,2021
236041,1416,1005,2021-07-01,2021
236981,42,3,2021-07-01,2021
238856,2672,553,2021-07-01,2021
241477,1090,33,2021-07-01,2021
242272,18303,83678,2021-07-01,2021
244256,2553,465,2021-07-01,2021
248454,10690,35,2021-07-01,2021
248934,18303,60551,2021-07-01,2021
249552,1390,520,2021-07-01,2021
257814,79,16,2021-07-01,2021
257986,723,724,2021-07-01,2021
257987,234,3948,2021-07-01,2021
261905,33,44,2021-07-01,2021
264220,3008,1031,2021-07-01,2021
265513,2553,465,2021-07-01,2021
267396,121,11127,2021-07-01,2021
268119,2578,465,2021-07-01,2021
272261,410,276,2021-07-01,2021
277179,281,23826,2021-07-01,2021
277635,1082,1095,2021-07-01,2021
280080,60949,441,2021-07-01,2021
282028,172,995,2021-07-01,2021
282421,1108,1533,2021-07-01,2021
282954,1063,678,2021-07-01,2021
284248,65,89,2021-07-01,2021
284769,39,79,2021-07-01,2021
286392,60949,3999,2021-07-01,2021
289182,127,80,2021-07-01,2021
290346,2423,2995,2021-07-01,2021
290555,1283,1304,2021-07-01,2021
290862,244,6574,2021-07-01,2021
291400,4083,749,2021-07-01,2021
291739,86,1123,2021-07-01,2021
292534,157,35,2021-07-01,2021
294534,269,10,2021-07-01,2021
294723,53646,48332,2021-07-01,2021
294780,660,60551,2021-07-01,2021
295183,610,1390,2021-07-01,2021
295630,1091,1123,2021-07-01,2021
295744,2672,2671,2021-07-01,2021
300538,121,1083,2021-07-01,2021
303254,631,5,2021-07-01,2021
310458,6574,276,2021-07-01,2021
311489,58,714,2021-07-01,2021
312493,1426,468,2021-07-01,2021
313691,982,83678,2021-07-01,2021
315128,610,1184,2021-07-01,2021
315211,306,589,2021-07-01,2021
315237,23611,26459,2021-07-01,2021
318204,65,533,2021-07-01,2021
320265,338,467,2021-07-01,2021
321070,23826,18,2021-07-01,2021
321247,1123,405,2021-07-01,2021
326329,1090,1435,2021-07-01,2021
329723,162,294,2021-07-01,2021
332697,33,506,2021-07-01,2021
333098,653,553,2021-07-01,2021
333640,317,383,2021-07-01,2021
334222,416,1531,2021-07-01,2021
335225,1050,3302,2021-07-01,2021
336367,1039,641,2021-07-01,2021
337092,82,2036,2021-07-01,2021
339332,610,2282,2021-07-01,2021
339820,3709,237,2021-07-01,2021
339829,39,683,2021-07-01,2021
340177,1421,41274,2021-07-01,2021
340521,3349,10,2021-07-01,2021
340921,465,903,2021-07-01,2021
341227,131,150,2021-07-01,2021
342776,2672,4603,2021-07-01,2021
345654,281,601,2021-07-01,2021
347619,987,1031,2021-07-01,2021
354340,41,89,2021-07-01,2021
357117,430,995,2021-07-01,2021
357119,23826,31,2021-07-01,2021
357917,200,1063,2021-07-01,2021
358143,720,2503,2021-07-01,2021
361082,1090,1269,2021-07-01,2021
363227,2760,1241,2021-07-01,2021
366278,1301,294,2021-07-01,2021
366729,338,60551,2021-07-01,2021
366930,16,58,2021-07-01,2021
371371,276,12,2021-07-01,2021
372267,232,234,2021-07-01,2021
375667,16704,3725,2021-07-01,2021
376860,60949,553,2021-07-01,2021
379249,2425,336,2021-07-01,2021
379637,1186,1124,2021-07-01,2021
380350,2722,430,2021-07-01,2021
382096,370,1241,2021-07-01,2021
382535,3725,932,2021-07-01,2021
387579,1241,2760,2021-07-01,2021
387928,60551,1091,2021-07-01,2021
388465,2414,1053,2021-07-01,2021
391065,749,6574,2021-07-01,2021
391498,12,276,2021-07-01,2021
392569,2921,1390,2021-07-01,2021
394872,276,6646,2021-07-01,2021
396516,410,1416,2021-07-01,2021
396530,6992,53646,2021-07-01,2021
399262,903,2553,2021-07-01,2021
404846,338,10690,2021-07-01,2021
410854,133,1435,2021-07-01,2021
412943,1090,468,2021-07-01,2021
416802,58,235,2021-07-01,2021
420884,683,354,2021-07-01,2021
422377,28643,475,2021-07-01,2021
424881,1032,27,2021-07-01,2021
433984,1435,1090,2021-07-01,2021
435808,172,3948,2021-07-01,2021
436916,6676,265,2021-07-01,2021
441306,3948,601,2021-07-01,2021
441986,3,678,2021-07-01,2021
445517,3911,3329,2021-07-01,2021
446491,28643,607,2021-07-01,2021
448705,2036,24,2021-07-01,2021
448854,2282,1010,2021-07-01,2021
451252,121,3609,2021-07-01,2021
451311,60949,553,2021-07-01,2021
456182,2698,3729,2021-07-01,2021
457743,3719,3725,2021-07-01,2021
459128,5,2919,2021-07-01,2021
460378,2861,1096,2021-07-01,2021
460845,2282,1269,2021-07-01,2021
463526,1283,1304,2021-07-01,2021
464598,865,2414,2021-07-01,2021
466794,281,131,2021-07-01,2021
468244,7775,19789,2021-07-01,2021
469050,512,1132,2021-07-01,2021
470422,6676,653,2021-07-01,2021
476344,150,131,2021-07-01,2021
480453,1435,610,2021-07-01,2021
480763,148,1050,2021-07-01,2021
485960,273,3911,2021-07-01,2021
486031,79,430,2021-07-01,2021
486083,964,1083,2021-07-01,2021
489929,1177,467,2021-07-01,2021
490760,667,5817,2021-07-01,2021
490842,1053,8970,2021-07-01,2021
496706,126,4171,2021-07-01,2021
497663,897,1184,2021-07-01,2021
503881,354,82,2021-07-01,2021
503977,281,58,2021-07-01,2021
510782,2424,41231,2021-07-01,2021
515208,294,660,2021-07-01,2021
517081,4482,85465,2021-07-01,2021
523318,60949,200,2021-07-01,2021
536477,162,200,2021-07-01,2021
538964,202,798,2021-07-01,2021
540516,2451,903,2021-07-01,2021
544931,5818,206,2021-07-01,2021
551695,610,660,2021-07-01,2021
554393,6418,41274,2021-07-01,2021
572326,1159,826,2021-07-01,2021
573981,6890,126,2021-07-01,2021
581121,2457,1075,2021-07-01,2021
588020,36,79,2021-07-01,2021
605184,131,417,2021-07-01,2021
605534,3719,1083,2021-07-01,2021
606526,932,14589,2021-07-01,2021
617679,1075,2424,2021-07-01,2021
620566,3508,354,2021-07-01,2021
623274,932,2410,2021-07-01,2021
635336,995,1010,2021-07-01,2021
649452,281,1095,2021-07-01,2021
657430,1075,3302,2021-07-01,2021
666234,667,23826,2021-07-01,2021
669956,4750,3268,2021-07-01,2021
684519,60949,2441,2021-07-01,2021
25488,1038,46,2021-06-30,2021
38607,2722,6574,2021-06-30,2021
45671,114,29,2021-06-30,2021
46413,331,237,2021-06-30,2021
52059,190,36,2021-06-30,2021
54906,46,130,2021-06-30,2021
56836,468,1268,2021-06-30,2021
59866,232,631,2021-06-30,2021
68864,252,244,2021-06-30,2021
70245,1244,3709,2021-06-30,2021
70359,979,2441,2021-06-30,2021
73734,273,12,2021-06-30,2021
75458,29,12,2021-06-30,2021
83560,2832,6890,2021-06-30,2021
85383,2687,1049,2021-06-30,2021
85864,89,31,2021-06-30,2021
85906,39,24,2021-06-30,2021
88682,1041,506,2021-06-30,2021
88909,3522,430,2021-06-30,2021
94005,33,11,2021-06-30,2021
94922,39722,660,2021-06-30,2021
99352,1244,40,2021-06-30,2021
107775,33,24,2021-06-30,2021
110923,252,506,2021-06-30,2021
112052,1090,512,2021-06-30,2021
118287,114,1003,2021-06-30,2021
120629,931,583,2021-06-30,2021
122155,543,681,2021-06-30,2021
126673,1025,1082,2021-06-30,2021
127108,1108,762,2021-06-30,2021
128969,11,1237,2021-06-30,2021
129674,6574,16,2021-06-30,2021
130365,583,12,2021-06-30,2021
131553,48332,660,2021-06-30,2021
131951,276,410,2021-06-30,2021
134277,10484,1148,2021-06-30,2021
137616,984,940,2021-06-30,2021
139396,683,383,2021-06-30,2021
141050,583,720,2021-06-30,2021
143891,82,121,2021-06-30,2021
146752,4171,1038,2021-06-30,2021
147034,383,631,2021-06-30,2021
147043,28643,36,2021-06-30,2021
148396,58,336,2021-06-30,2021
149729,336,46,2021-06-30,2021
149829,252,36,2021-06-30,2021
152733,126,11282,2021-06-30,2021
153678,42,3,2021-06-30,2021
159098,415,157,2021-06-30,2021
159372,720,379,2021-06-30,2021
162959,1390,506,2021-06-30,2021
163639,276,430,2021-06-30,2021
163647,1005,130,2021-06-30,2021
164913,5,416,2021-06-30,2021
165793,180,31,2021-06-30,2021
165895,6195,46,2021-06-30,2021
167859,276,252,2021-06-30,2021
168156,6890,371,2021-06-30,2021
168166,3948,28643,2021-06-30,2021
173859,252,631,2021-06-30,2021
174694,417,368,2021-06-30,2021
176139,130,252,2021-06-30,2021
178313,667,162,2021-06-30,2021
178459,86,44,2021-06-30,2021
179860,1075,336,2021-06-30,2021
181547,33,24,2021-06-30,2021
182201,36,405,2021-06-30,2021
182618,6195,631,2021-06-30,2021
182912,968,152,2021-06-30,2021
182923,2282,1025,2021-06-30,2021
183031,4083,416,2021-06-30,2021
184894,1390,430,2021-06-30,2021
185427,105,89,2021-06-30,2021
186368,18,46,2021-06-30,2021
186763,133,3508,2021-06-30,2021
188338,3729,932,2021-06-30,2021
192638,749,800,2021-06-30,2021
193033,2036,157,2021-06-30,2021
193900,3,16,2021-06-30,2021
195488,1531,148,2021-06-30,2021
196126,1063,443,2021-06-30,2021
197126,366,621,2021-06-30,2021
197470,800,5,2021-06-30,2021
198006,1533,2420,2021-06-30,2021
198116,276,46,2021-06-30,2021
201248,385,10484,2021-06-30,2021
202591,23826,162,2021-06-30,2021
203378,41274,58,2021-06-30,2021
203394,398,985,2021-06-30,2021
203412,130,800,2021-06-30,2021
203608,3999,2441,2021-06-30,2021
203855,6993,660,2021-06-30,2021
203966,1301,398,2021-06-30,2021
206717,2282,660,2021-06-30,2021
206947,1533,681,2021-06-30,2021
211727,3725,232,2021-06-30,2021
213980,6993,660,2021-06-30,2021
216375,1096,3057,2021-06-30,2021
216662,6890,36,2021-06-30,2021
220878,826,415,2021-06-30,2021
222813,720,31,2021-06-30,2021
224088,244,371,2021-06-30,2021
224884,1091,631,2021-06-30,2021
230552,371,5,2021-06-30,2021
231724,2741,41231,2021-06-30,2021
232093,3719,232,2021-06-30,2021
234193,1096,3,2021-06-30,2021
235274,385,41274,2021-06-30,2021
235339,964,1083,2021-06-30,2021
236490,931,416,2021-06-30,2021
236537,126,720,2021-06-30,2021
238752,1038,162,2021-06-30,2021
239962,5358,398,2021-06-30,2021
240349,380,398,2021-06-30,2021
241477,410,1090,2021-06-30,2021
241527,416,1038,2021-06-30,2021
242063,317,200,2021-06-30,2021
242532,1244,331,2021-06-30,2021
242940,252,6574,2021-06-30,2021
243188,167,18,2021-06-30,2021
245078,44,244,2021-06-30,2021
247377,410,2722,2021-06-30,2021
249552,1245,1390,2021-06-30,2021
250464,642,1269,2021-06-30,2021
251680,1244,331,2021-06-30,2021
251848,1108,621,2021-06-30,2021
251876,5358,79,2021-06-30,2021
251878,940,39,2021-06-30,2021
251892,1084,368,2021-06-30,2021
251896,16795,418,2021-06-30,2021
256718,403,234,2021-06-30,2021
257462,24,418,2021-06-30,2021
258005,3302,703,2021-06-30,2021
258267,601,1082,2021-06-30,2021
259025,1095,1158,2021-06-30,2021
260827,931,1041,2021-06-30,2021
262939,1531,12321,2021-06-30,2021
263236,38,167,2021-06-30,2021
265040,369,206,2021-06-30,2021
265078,1049,543,2021-06-30,2021
267396,11127,121,2021-06-30,2021
272261,276,410,2021-06-30,2021
272539,520,41,2021-06-30,2021
274484,7775,1041,2021-06-30,2021
277179,23826,281,2021-06-30,2021
277635,1095,1082,2021-06-30,2021
278190,11127,2698,2021-06-30,2021
278531,4083,6195,2021-06-30,2021
280575,3,82,2021-06-30,2021
281404,16795,631,2021-06-30,2021
281552,3725,232,2021-06-30,2021
282630,14589,11127,2021-06-30,2021
282700,12321,1050,2021-06-30,2021
282727,12321,131,2021-06-30,2021
284769,60,39,2021-06-30,2021
284854,3709,131,2021-06-30,2021
285868,3729,232,2021-06-30,2021
287635,868,618,2021-06-30,2021
288237,1096,273,2021-06-30,2021
288240,3729,2698,2021-06-30,2021
288259,1283,350,2021-06-30,2021
289587,347,415,2021-06-30,2021
290273,142,1533,2021-06-30,2021
290862,6574,244,2021-06-30,2021
291400,749,4083,2021-06-30,2021
292534,35,157,2021-06-30,2021
292837,3729,232,2021-06-30,2021
293168,2727,1003,2021-06-30,2021
293281,58,533,2021-06-30,2021
294321,1049,294,2021-06-30,2021
294780,60551,660,2021-06-30,2021
294791,750,172,2021-06-30,2021
295183,1390,610,2021-06-30,2021
295313,89,31,2021-06-30,2021
295630,1123,1091,2021-06-30,2021
296397,10,44,2021-06-30,2021
296741,24,33,2021-06-30,2021
297645,3522,6574,2021-06-30,2021
298975,244,430,2021-06-30,2021
300137,380,398,2021-06-30,2021
303219,3522,1038,2021-06-30,2021
303254,5,631,2021-06-30,2021
306166,29228,703,2021-06-30,2021
310458,276,6574,2021-06-30,2021
311489,714,58,2021-06-30,2021
314288,58,281,2021-06-30,2021
314678,5,418,2021-06-30,2021
314965,4083,294,2021-06-30,2021
315128,1110,610,2021-06-30,2021
315867,252,6574,2021-06-30,2021
316264,11,418,2021-06-30,2021
318077,13,11,2021-06-30,2021
319745,11,418,2021-06-30,2021
321070,18,23826,2021-06-30,2021
322702,1269,1096,2021-06-30,2021
323379,1416,417,2021-06-30,2021
324351,618,15,2021-06-30,2021
324377,607,430,2021-06-30,2021
326300,417,1041,2021-06-30,2021
326329,133,1090,2021-06-30,2021
328480,2420,3368,2021-06-30,2021
329723,3329,162,2021-06-30,2021
329812,366,294,2021-06-30,2021
330659,23826,12,2021-06-30,2021
330871,3840,6890,2021-06-30,2021
331514,1268,398,2021-06-30,2021
332697,506,33,2021-06-30,2021
334222,1531,416,2021-06-30,2021
335209,678,430,2021-06-30,2021
335225,3302,1050,2021-06-30,2021
336307,4,27,2021-06-30,2021
337670,202,130,2021-06-30,2021
337800,141,294,2021-06-30,2021
339332,2282,610,2021-06-30,2021
339820,237,3709,2021-06-30,2021
340339,940,1049,2021-06-30,2021
340524,3302,336,2021-06-30,2021
340864,7179,331,2021-06-30,2021
341019,1005,114,2021-06-30,2021
341227,150,131,2021-06-30,2021
341272,1533,368,2021-06-30,2021
341647,1003,12,2021-06-30,2021
342012,642,1090,2021-06-30,2021
342702,10,58,2021-06-30,2021
344519,2995,7378,2021-06-30,2021
344596,720,631,2021-06-30,2021
344830,2282,985,2021-06-30,2021
345061,237,1075,2021-06-30,2021
345590,2921,6574,2021-06-30,2021
346499,28643,1123,2021-06-30,2021
346561,2722,430,2021-06-30,2021
346567,252,506,2021-06-30,2021
348425,2457,121,2021-06-30,2021
353403,385,995,2021-06-30,2021
353775,7775,865,2021-06-30,2021
354352,667,405,2021-06-30,2021
355104,2921,2919,2021-06-30,2021
355816,202,281,2021-06-30,2021
357117,995,430,2021-06-30,2021
357147,5,985,2021-06-30,2021
357158,3329,543,2021-06-30,2021
357162,162,294,2021-06-30,2021
357826,1269,499,2021-06-30,2021
357917,1063,200,2021-06-30,2021
357992,800,40,2021-06-30,2021
358008,2239,6195,2021-06-30,2021
358143,2503,720,2021-06-30,2021
358504,10,383,2021-06-30,2021
359247,354,371,2021-06-30,2021
361070,403,467,2021-06-30,2021
361254,5358,543,2021-06-30,2021
361256,968,36,2021-06-30,2021
361260,31,33,2021-06-30,2021
364135,583,29,2021-06-30,2021
364234,618,683,2021-06-30,2021
364827,172,984,2021-06-30,2021
365540,18303,660,2021-06-30,2021
366930,5358,16,2021-06-30,2021
367468,2503,294,2021-06-30,2021
368982,2448,683,2021-06-30,2021
370399,48332,338,2021-06-30,2021
371021,403,281,2021-06-30,2021
371245,3302,1075,2021-06-30,2021
371371,12,276,2021-06-30,2021
371851,42,2410,2021-06-30,2021
372267,60,232,2021-06-30,2021
375857,10484,2410,2021-06-30,2021
377387,10,167,2021-06-30,2021
378293,16795,281,2021-06-30,2021
379249,336,2425,2021-06-30,2021
379979,383,27,2021-06-30,2021
380350,430,2722,2021-06-30,2021
383198,49364,16239,2021-06-30,2021
386455,1390,430,2021-06-30,2021
387160,126,3725,2021-06-30,2021
388198,89,60,2021-06-30,2021
389837,749,276,2021-06-30,2021
391065,6574,749,2021-06-30,2021
391498,276,12,2021-06-30,2021
391719,16795,1010,2021-06-30,2021
392538,3522,5,2021-06-30,2021
392569,1390,2921,2021-06-30,2021
392570,2722,6574,2021-06-30,2021
392770,2503,1082,2021-06-30,2021
392775,533,148,2021-06-30,2021
392966,2239,800,2021-06-30,2021
393804,380,398,2021-06-30,2021
394300,2919,6574,2021-06-30,2021
394328,1301,273,2021-06-30,2021
395083,1158,46,2021-06-30,2021
396333,114,13,2021-06-30,2021
396516,1416,410,2021-06-30,2021
396536,18303,338,2021-06-30,2021
396908,3840,141,2021-06-30,2021
397033,5,19,2021-06-30,2021
400485,4083,6195,2021-06-30,2021
400831,2425,336,2021-06-30,2021
404383,2424,336,2021-06-30,2021
404384,512,33,2021-06-30,2021
404846,60551,338,2021-06-30,2021
404851,49364,10690,2021-06-30,2021
404912,41201,121,2021-06-30,2021
405398,3709,418,2021-06-30,2021
405399,4083,3057,2021-06-30,2021
406040,931,23826,2021-06-30,2021
409515,1455,385,2021-06-30,2021
411287,200,533,2021-06-30,2021
415383,29228,1082,2021-06-30,2021
415646,3329,543,2021-06-30,2021
416802,235,58,2021-06-30,2021
417228,6993,660,2021-06-30,2021
422281,19657,3524,2021-06-30,2021
427572,3609,2698,2021-06-30,2021
427683,1084,1244,2021-06-30,2021
429563,1177,1148,2021-06-30,2021
429987,27,294,2021-06-30,2021
432092,3522,800,2021-06-30,2021
435288,2672,683,2021-06-30,2021
435648,130,27,2021-06-30,2021
435808,1465,172,2021-06-30,2021
439914,723,403,2021-06-30,2021
440953,3508,58,2021-06-30,2021
441170,114,336,2021-06-30,2021
441216,235,1090,2021-06-30,2021
443222,237,331,2021-06-30,2021
443778,3609,16704,2021-06-30,2021
445517,3329,3911,2021-06-30,2021
445939,35,82,2021-06-30,2021
448854,3,2282,2021-06-30,2021
448981,3719,232,2021-06-30,2021
450218,1096,1245,2021-06-30,2021
452084,1304,33,2021-06-30,2021
456182,3609,2698,2021-06-30,2021
457422,724,46,2021-06-30,2021
459463,3709,1010,2021-06-30,2021
459658,749,252,2021-06-30,2021
459661,276,46,2021-06-30,2021
460626,1162,583,2021-06-30,2021
460845,354,2282,2021-06-30,2021
461617,989,13,2021-06-30,2021
461833,2722,800,2021-06-30,2021
461951,24245,114,2021-06-30,2021
462837,2414,865,2021-06-30,2021
464535,3999,1091,2021-06-30,2021
464598,2414,865,2021-06-30,2021
465606,141,1148,2021-06-30,2021
465830,44,11,2021-06-30,2021
467250,16239,660,2021-06-30,2021
468036,385,265,2021-06-30,2021
475413,2969,273,2021-06-30,2021
477938,833,141,2021-06-30,2021
480763,1050,148,2021-06-30,2021
482145,317,39,2021-06-30,2021
485960,3911,273,2021-06-30,2021
486083,41231,964,2021-06-30,2021
487469,543,720,2021-06-30,2021
487843,2239,5,2021-06-30,2021
491693,16795,13,2021-06-30,2021
491890,1416,1184,2021-06-30,2021
491960,23611,338,2021-06-30,2021
492313,2921,800,2021-06-30,2021
494880,3302,1050,2021-06-30,2021
495666,417,11,2021-06-30,2021
497175,1159,2969,2021-06-30,2021
503212,1465,2420,2021-06-30,2021
504503,1465,7179,2021-06-30,2021
505675,472,150,2021-06-30,2021
511802,1245,1123,2021-06-30,2021
515506,3719,1083,2021-06-30,2021
525287,148,294,2021-06-30,2021
534435,868,1184,2021-06-30,2021
536081,8024,3329,2021-06-30,2021
536477,2969,162,2021-06-30,2021
536482,2969,583,2021-06-30,2021
536507,520,162,2021-06-30,2021
537382,1533,368,2021-06-30,2021
537854,6993,660,2021-06-30,2021
538918,607,46,2021-06-30,2021
542338,41201,1083,2021-06-30,2021
542842,1894,369,2021-06-30,2021
546186,475,46,2021-06-30,2021
550549,4294,294,2021-06-30,2021
568318,443,16704,2021-06-30,2021
569349,369,167,2021-06-30,2021
569384,3522,46,2021-06-30,2021
574671,520,162,2021-06-30,2021
575998,244,16,2021-06-30,2021
576314,306,1237,2021-06-30,2021
578391,543,1420,2021-06-30,2021
578539,533,27,2021-06-30,2021
584450,2672,683,2021-06-30,2021
584493,553,2441,2021-06-30,2021
585959,826,583,2021-06-30,2021
590914,3911,583,2021-06-30,2021
601577,380,398,2021-06-30,2021
605184,417,131,2021-06-30,2021
606752,35,24,2021-06-30,2021
608469,4171,2410,2021-06-30,2021
613725,3840,36,2021-06-30,2021
618809,331,13,2021-06-30,2021
620076,44006,589,2021-06-30,2021
621592,71985,2410,2021-06-30,2021
622067,44006,6890,2021-06-30,2021
624690,415,18,2021-06-30,2021
627228,12321,281,2021-06-30,2021
644032,265,1082,2021-06-30,2021
649452,354,281,2021-06-30,2021
656441,29228,1082,2021-06-30,2021
657430,3302,1075,2021-06-30,2021
667914,58,589,2021-06-30,2021
676318,1108,985,2021-06-30,2021
682794,3268,979,2021-06-30,2021
699005,11688,3205,2021-06-30,2021
729814,2715,347,2021-06-30,2021
815014,3209,19789,2021-06-30,2021
357992,2921,800,2021-06-29,2021
116648,641,931,2021-05-31,2021
121477,379,1010,2021-05-31,2021
131978,405,631,2021-05-31,2021
170934,931,180,2021-05-31,2021
179184,873,631,2021-05-31,2021
186644,371,180,2021-05-31,2021
202886,931,631,2021-05-31,2021
215096,1039,3008,2021-05-31,2021
236510,603,31,2021-05-31,2021
279455,603,31,2021-05-31,2021
285845,984,11,2021-05-31,2021
340329,762,11,2021-05-31,2021
341049,989,148,2021-05-31,2021
392757,2288,631,2021-05-31,2021
406638,1123,148,2021-05-31,2021
417346,399,281,2021-05-31,2021
505219,703,985,2021-05-31,2021
543164,512,350,2021-05-31,2021
559794,512,148,2021-05-31,2021
344588,2578,124,2021-05-23,2021
208772,987,1039,2021-05-17,2021
382096,2999,370,2021-05-17,2021
388160,370,1421,2021-05-17,2021
265513,465,2553,2021-05-16,2021
387579,2760,1241,2021-05-05,2021
387579,1241,2760,2021-03-23,2021
383198,16239,49364,2021-03-02,2021
448867,60551,61825,2021-03-02,2021
672933,39722,3205,2021-03-02,2021
217686,11127,2410,2021-02-25,2021
278190,2698,11127,2021-02-25,2021
182381,610,232,2021-02-24,2021
542338,1083,41201,2021-02-23,2021
486083,964,41231,2021-02-22,2021
404912,121,41201,2021-02-21,2021
532574,932,49702,2021-02-15,2021
248931,41201,1186,2021-02-12,2021
289643,932,1083,2021-02-12,2021
289643,1083,932,2021-02-11,2021
131553,660,48332,2021-02-10,2021
435288,683,2672,2021-02-10,2021
297752,11127,48332,2021-02-06,2021
59047,18303,53646,2021-02-05,2021
213429,443,3690,2021-02-03,2021
203655,683,703,2021-02-02,2021
379249,2425,336,2021-02-02,2021
448981,232,3719,2021-02-02,2021
45671,29,114,2021-02-01,2021
48870,29,865,2021-02-01,2021
63487,1268,6418,2021-02-01,2021
85352,82,449,2021-02-01,2021
91059,989,29,2021-02-01,2021
94199,36,6890,2021-02-01,2021
94922,660,39722,2021-02-01,2021
111053,855,265,2021-02-01,2021
137616,940,984,2021-02-01,2021
162959,506,1390,2021-02-01,2021
165793,31,180,2021-02-01,2021
167105,252,190,2021-02-01,2021
174196,667,683,2021-02-01,2021
176139,252,130,2021-02-01,2021
179860,336,1075,2021-02-01,2021
180843,403,1283,2021-02-01,2021
195488,148,1531,2021-02-01,2021
197880,3325,6912,2021-02-01,2021
203378,58,41274,2021-02-01,2021
203655,703,683,2021-02-01,2021
203842,660,800,2021-02-01,2021
211325,6646,512,2021-02-01,2021
224088,371,244,2021-02-01,2021
239962,398,5358,2021-02-01,2021
243188,18,167,2021-02-01,2021
245078,244,44,2021-02-01,2021
245228,41274,157,2021-02-01,2021
251848,621,1108,2021-02-01,2021
256718,234,403,2021-02-01,2021
259025,1158,1095,2021-02-01,2021
274484,1041,7775,2021-02-01,2021
275159,41201,2698,2021-02-01,2021
276914,370,124,2021-02-01,2021
285845,11,984,2021-02-01,2021
288233,724,133,2021-02-01,2021
288259,350,1283,2021-02-01,2021
295414,1108,16795,2021-02-01,2021
308279,506,416,2021-02-01,2021
311489,58,714,2021-02-01,2021
314969,1096,475,2021-02-01,2021
330871,6890,3840,2021-02-01,2021
337800,294,141,2021-02-01,2021
340329,11,762,2021-02-01,2021
341019,114,1005,2021-02-01,2021
342702,58,10,2021-02-01,2021
356099,336,1075,2021-02-01,2021
361260,33,31,2021-02-01,2021
364827,984,172,2021-02-01,2021
371021,281,403,2021-02-01,2021
371245,1075,3302,2021-02-01,2021
379634,41201,2698,2021-02-01,2021
382096,370,2999,2021-02-01,2021
388160,1421,370,2021-02-01,2021
391719,1010,16795,2021-02-01,2021
400485,6195,4083,2021-02-01,2021
400549,678,369,2021-02-01,2021
400831,336,2425,2021-02-01,2021
435648,27,130,2021-02-01,2021
450218,1245,1096,2021-02-01,2021
451858,897,2423,2021-02-01,2021
468036,265,385,2021-02-01,2021
538977,273,533,2021-02-01,2021
568318,16704,443,2021-02-01,2021
578539,27,533,2021-02-01,2021
590914,583,3911,2021-02-01,2021
605184,131,417,2021-02-01,2021
613725,36,3840,2021-02-01,2021
618898,141,7160,2021-02-01,2021
644032,1082,265,2021-02-01,2021
672933,3205,39722,2021-02-01,2021
674612,19789,6890,2021-02-01,2021
815014,19789,3209,2021-02-01,2021
85383,1049,2687,2021-01-31,2021
162959,273,506,2021-01-31,2021
211072,1075,336,2021-01-31,2021
216603,6890,36,2021-01-31,2021
234523,150,416,2021-01-31,2021
257937,2698,2441,2021-01-31,2021
265078,543,1049,2021-01-31,2021
274484,1531,1041,2021-01-31,2021
294321,294,1049,2021-01-31,2021
308279,410,506,2021-01-31,2021
337800,148,294,2021-01-31,2021
344830,985,2282,2021-01-31,2021
354352,405,667,2021-01-31,2021
358021,1184,235,2021-01-31,2021
371021,12321,281,2021-01-31,2021
400485,1390,6195,2021-01-31,2021
447995,2759,289,2021-01-31,2021
605184,294,131,2021-01-31,2021
676318,985,1108,2021-01-31,2021
815014,3209,19789,2021-01-31,2021
129476,1010,410,2021-01-30,2021
162571,11282,449,2021-01-30,2021
193033,157,2036,2021-01-30,2021
196813,1269,86,2021-01-30,2021
203966,398,1301,2021-01-30,2021
224884,631,1091,2021-01-30,2021
251079,738,2832,2021-01-30,2021
344830,86,985,2021-01-30,2021
504503,7179,1465,2021-01-30,2021
505219,985,703,2021-01-30,2021
129476,410,1010,2021-01-29,2021
203966,380,398,2021-01-29,2021
235274,41274,385,2021-01-29,2021
235931,3522,1390,2021-01-29,2021
290532,1148,379,2021-01-29,2021
364234,683,618,2021-01-29,2021
375668,964,2698,2021-01-29,2021
409515,385,1455,2021-01-29,2021
505219,1010,985,2021-01-29,2021
526578,16239,660,2021-01-29,2021
527966,1268,1050,2021-01-29,2021
608469,2410,4171,2021-01-29,2021
622067,6890,44006,2021-01-29,2021
124577,987,2759,2021-01-28,2021
197126,621,366,2021-01-28,2021
216375,3057,1096,2021-01-28,2021
235344,3690,3609,2021-01-28,2021
257937,28095,2698,2021-01-28,2021
290532,379,1148,2021-01-28,2021
331514,398,1268,2021-01-28,2021
339501,826,601,2021-01-28,2021
358948,1039,36,2021-01-28,2021
393804,398,380,2021-01-28,2021
525704,252,506,2021-01-28,2021
525704,506,252,2021-01-28,2021
646948,589,19771,2021-01-28,2021
89086,232,430,2021-01-27,2021
250464,1269,642,2021-01-27,2021
316264,418,11,2021-01-27,2021
477938,141,833,2021-01-27,2021
484547,371,15,2021-01-27,2021
646948,44006,589,2021-01-27,2021
20005,800,368,2021-01-26,2021
110695,2293,6890,2021-01-26,2021
131951,410,276,2021-01-26,2021
174094,244,405,2021-01-26,2021
322702,1096,1269,2021-01-26,2021
323379,417,1416,2021-01-26,2021
331514,2687,398,2021-01-26,2021
371003,281,601,2021-01-26,2021
487843,5,2239,2021-01-26,2021
511802,1123,1245,2021-01-26,2021
34322,11,683,2021-01-25,2021
91419,18303,18105,2021-01-25,2021
344588,124,2578,2021-01-25,2021
371003,3709,281,2021-01-25,2021
448854,2282,3,2021-01-25,2021
465606,1148,141,2021-01-25,2021
511802,354,1123,2021-01-25,2021
216464,368,681,2021-01-24,2021
357917,200,1063,2021-01-24,2021
95429,2423,2832,2021-01-23,2021
122155,681,543,2021-01-23,2021
167859,252,276,2021-01-23,2021
293281,533,58,2021-01-23,2021
439914,403,723,2021-01-23,2021
85906,24,39,2021-01-22,2021
128969,1237,11,2021-01-22,2021
157912,369,22110,2021-01-22,2021
260330,868,2375,2021-01-22,2021
303254,631,5,2021-01-22,2021
338673,512,385,2021-01-22,2021
345590,6574,2921,2021-01-22,2021
357826,499,1269,2021-01-22,2021
375857,2410,10484,2021-01-22,2021
441216,1090,235,2021-01-22,2021
613781,265,130,2021-01-22,2021
624690,18,415,2021-01-22,2021
16756,3725,28095,2021-01-21,2021
24202,24245,3325,2021-01-21,2021
66953,19789,2375,2021-01-21,2021
191891,6195,244,2021-01-21,2021
324377,430,607,2021-01-21,2021
420002,39,873,2021-01-21,2021
440953,58,3508,2021-01-21,2021
452084,33,1304,2021-01-21,2021
461951,114,24245,2021-01-21,2021
483495,19771,868,2021-01-21,2021
490426,2282,162,2021-01-21,2021
574671,162,520,2021-01-21,2021
624690,415,18,2021-01-21,2021
167491,19,749,2021-01-20,2021
168166,28643,3948,2021-01-20,2021
282560,6646,3205,2021-01-20,2021
291400,4083,749,2021-01-20,2021
314980,1184,968,2021-01-20,2021
324377,607,430,2021-01-20,2021
343492,6992,48332,2021-01-20,2021
110822,601,520,2021-01-19,2021
182079,39722,868,2021-01-19,2021
203854,660,48726,2021-01-19,2021
251680,331,1244,2021-01-19,2021
295630,1091,1123,2021-01-19,2021
497175,2969,1159,2021-01-19,2021
118847,24,39,2021-01-18,2021
148396,336,58,2021-01-18,2021
216608,24245,2381,2021-01-18,2021
420890,39,475,2021-01-18,2021
550549,294,4294,2021-01-18,2021
148396,3709,336,2021-01-17,2021
184894,430,1390,2021-01-17,2021
462837,865,2414,2021-01-17,2021
269371,18303,16239,2021-01-16,2021
47004,3609,1186,2021-01-15,2021
164913,416,5,2021-01-15,2021
176485,631,1075,2021-01-15,2021
208552,2282,2727,2021-01-15,2021
215122,1096,3329,2021-01-15,2021
262939,12321,1531,2021-01-15,2021
355104,2919,2921,2021-01-15,2021
455016,3725,11127,2021-01-15,2021
538918,46,607,2021-01-15,2021
550549,1108,294,2021-01-15,2021
68864,244,252,2021-01-14,2021
176485,2425,631,2021-01-14,2021
204294,1416,1148,2021-01-14,2021
215096,3008,1039,2021-01-14,2021
257462,418,24,2021-01-14,2021
258034,3329,2425,2021-01-14,2021
262939,800,12321,2021-01-14,2021
271635,49364,3592,2021-01-14,2021
325443,2288,1237,2021-01-14,2021
360519,1090,354,2021-01-14,2021
538918,2722,46,2021-01-14,2021
559794,148,512,2021-01-14,2021
174915,1003,1041,2021-01-13,2021
204294,1148,1416,2021-01-13,2021
258519,410,200,2021-01-13,2021
297990,5818,1177,2021-01-13,2021
315131,985,15,2021-01-13,2021
334481,16704,49702,2021-01-13,2021
526578,660,16239,2021-01-13,2021
288240,2698,3729,2021-01-12,2021
291758,10484,2381,2021-01-12,2021
293168,1003,2727,2021-01-12,2021
298975,430,244,2021-01-12,2021
495489,826,1423,2021-01-12,2021
543164,350,512,2021-01-12,2021
613725,20698,36,2021-01-12,2021
191556,2375,24245,2021-01-11,2021
312678,5,6890,2021-01-11,2021
445517,3911,3329,2021-01-11,2021
495489,855,826,2021-01-11,2021
543164,1031,350,2021-01-11,2021
567735,6992,23611,2021-01-11,2021
618809,13,331,2021-01-11,2021
126673,1082,1025,2021-01-10,2021
201248,10484,385,2021-01-10,2021
482072,1160,520,2021-01-10,2021
14044,512,984,2021-01-09,2021
182912,152,968,2021-01-09,2021
562030,2503,1025,2021-01-09,2021
181375,379,610,2021-01-08,2021
264848,3329,2420,2021-01-08,2021
265513,2553,465,2021-01-08,2021
405398,418,3709,2021-01-08,2021
472161,410,380,2021-01-08,2021
485586,467,306,2021-01-08,2021
182923,1025,2282,2021-01-07,2021
265078,430,543,2021-01-07,2021
292534,157,35,2021-01-07,2021
404384,33,512,2021-01-07,2021
405398,1050,418,2021-01-07,2021
208772,1039,987,2021-01-06,2021
260841,2727,1003,2021-01-06,2021
284854,131,3709,2021-01-06,2021
293168,603,1003,2021-01-06,2021
429014,2288,543,2021-01-06,2021
88909,430,3522,2021-01-05,2021
237641,60949,1091,2021-01-05,2021
357158,543,3329,2021-01-05,2021
375391,252,2288,2021-01-05,2021
429563,1148,1177,2021-01-05,2021
445939,82,35,2021-01-05,2021
459763,800,2239,2021-01-05,2021
483063,820,449,2021-01-05,2021
623319,660,6993,2021-01-05,2021
56331,24,2282,2021-01-04,2021
63494,1010,1050,2021-01-04,2021
70359,2441,979,2021-01-04,2021
94005,11,33,2021-01-04,2021
251878,39,940,2021-01-04,2021
340524,336,3302,2021-01-04,2021
369674,1184,800,2021-01-04,2021
438682,2424,12,2021-01-04,2021
482145,39,317,2021-01-04,2021
495666,11,417,2021-01-04,2021
251587,2760,2759,2021-01-03,2021
465606,317,1148,2021-01-02,2021
536835,800,985,2021-01-02,2021
102132,678,1177,2021-01-01,2021
461512,2995,683,2021-01-01,2021
532574,1186,932,2021-01-01,2021
542690,1177,379,2021-01-01,2021
292356,317,1091,2020-12-31,2020
357158,683,543,2020-12-31,2020
364240,1091,131,2020-12-31,2020
400549,1063,678,2020-12-31,2020
429563,1063,1148,2020-12-31,2020
435288,4603,683,2020-12-31,2020
448867,61825,60551,2020-12-31,2020
576022,48332,10690,2020-12-31,2020
407841,1085,3268,2020-11-04,2020
127189,1049,13,2020-11-03,2020
289587,415,347,2020-10-30,2020
67063,1010,1237,2020-10-18,2020
289643,932,1083,2020-10-17,2020
515506,1083,3719,2020-10-17,2020
128899,512,873,2020-10-16,2020
152651,1110,931,2020-10-16,2020
262300,1039,2288,2020-10-16,2020
279455,31,603,2020-10-16,2020
290532,1148,379,2020-10-16,2020
293168,1003,603,2020-10-16,2020
297212,2288,148,2020-10-16,2020
341049,148,989,2020-10-16,2020
497221,2477,3592,2020-10-16,2020
55356,1083,16704,2020-10-15,2020
59866,631,232,2020-10-15,2020
144583,964,1083,2020-10-15,2020
235339,1083,964,2020-10-15,2020
85177,31,873,2020-10-14,2020
188338,932,3729,2020-10-14,2020
121477,1010,379,2020-10-12,2020
53286,1091,265,2020-10-11,2020
231724,41231,2741,2020-10-07,2020
251587,2759,2760,2020-10-07,2020
539203,3325,979,2020-10-07,2020
74842,16,383,2020-10-06,2020
112052,512,1090,2020-10-06,2020
134602,720,932,2020-10-06,2020
147034,631,383,2020-10-06,2020
149729,46,336,2020-10-06,2020
159372,379,720,2020-10-06,2020
166737,121,16704,2020-10-06,2020
184398,3008,43,2020-10-06,2020
187024,1083,16704,2020-10-06,2020
187329,3508,354,2020-10-06,2020
222813,31,720,2020-10-06,2020
326329,1090,133,2020-10-06,2020
341485,660,6993,2020-10-06,2020
344596,631,720,2020-10-06,2020
353403,995,385,2020-10-06,2020
357161,336,2420,2020-10-06,2020
365540,660,18303,2020-10-06,2020
379979,27,383,2020-10-06,2020
396536,338,18303,2020-10-06,2020
404851,10690,49364,2020-10-06,2020
435808,172,1465,2020-10-06,2020
465606,1148,317,2020-10-06,2020
475949,1184,306,2020-10-06,2020
499721,336,964,2020-10-06,2020
536081,3329,8024,2020-10-06,2020
562030,1025,2503,2020-10-06,2020
45660,583,27,2020-10-05,2020
46413,237,331,2020-10-05,2020
52059,36,190,2020-10-05,2020
54906,130,46,2020-10-05,2020
61253,6195,430,2020-10-05,2020
74641,16795,126,2020-10-05,2020
75458,12,29,2020-10-05,2020
88682,506,1041,2020-10-05,2020
99100,306,865,2020-10-05,2020
103427,985,12,2020-10-05,2020
118287,1003,114,2020-10-05,2020
129476,1010,410,2020-10-05,2020
139396,383,683,2020-10-05,2020
141050,720,583,2020-10-05,2020
148396,336,3709,2020-10-05,2020
152460,16,200,2020-10-05,2020
152733,11282,126,2020-10-05,2020
159079,820,19789,2020-10-05,2020
163639,430,276,2020-10-05,2020
163647,130,1005,2020-10-05,2020
176139,1025,252,2020-10-05,2020
182618,631,6195,2020-10-05,2020
182932,86,610,2020-10-05,2020
183031,416,4083,2020-10-05,2020
186704,2288,38,2020-10-05,2020
190685,244,27,2020-10-05,2020
197929,749,3522,2020-10-05,2020
199369,29,5358,2020-10-05,2020
202886,631,931,2020-10-05,2020
203655,683,703,2020-10-05,2020
212832,1091,36,2020-10-05,2020
216662,36,6890,2020-10-05,2020
230552,5,371,2020-10-05,2020
230784,13,11,2020-10-05,2020
232271,180,1420,2020-10-05,2020
241527,1038,416,2020-10-05,2020
242606,379,58,2020-10-05,2020
242813,252,19,2020-10-05,2020
260827,1041,931,2020-10-05,2020
265040,206,369,2020-10-05,2020
274694,28095,2441,2020-10-05,2020
278531,6195,4083,2020-10-05,2020
288237,273,1096,2020-10-05,2020
290273,1533,142,2020-10-05,2020
290862,244,6574,2020-10-05,2020
291399,1301,720,2020-10-05,2020
296397,44,10,2020-10-05,2020
300137,398,380,2020-10-05,2020
306166,703,29228,2020-10-05,2020
318077,11,13,2020-10-05,2020
322305,417,410,2020-10-05,2020
324351,15,618,2020-10-05,2020
324352,683,605,2020-10-05,2020
326300,1041,417,2020-10-05,2020
329812,294,366,2020-10-05,2020
330659,12,23826,2020-10-05,2020
331514,398,2687,2020-10-05,2020
339332,610,2282,2020-10-05,2020
339820,3709,237,2020-10-05,2020
341092,430,506,2020-10-05,2020
341227,131,150,2020-10-05,2020
341272,368,1533,2020-10-05,2020
341485,6993,660,2020-10-05,2020
343475,1123,29,2020-10-05,2020
343959,2282,80,2020-10-05,2020
357158,543,683,2020-10-05,2020
358165,720,130,2020-10-05,2020
384280,354,172,2020-10-05,2020
392775,148,533,2020-10-05,2020
399258,465,903,2020-10-05,2020
400485,6195,1390,2020-10-05,2020
400549,678,1063,2020-10-05,2020
411295,273,399,2020-10-05,2020
422281,3524,19657,2020-10-05,2020
429987,294,27,2020-10-05,2020
435288,683,4603,2020-10-05,2020
443222,331,237,2020-10-05,2020
465830,11,44,2020-10-05,2020
475413,273,2969,2020-10-05,2020
485960,273,3911,2020-10-05,2020
486049,58,273,2020-10-05,2020
487834,46,2919,2020-10-05,2020
491693,13,16795,2020-10-05,2020
495489,826,855,2020-10-05,2020
536477,162,2969,2020-10-05,2020
536507,162,520,2020-10-05,2020
537382,368,1533,2020-10-05,2020
569349,167,369,2020-10-05,2020
570817,172,130,2020-10-05,2020
584450,683,2672,2020-10-05,2020
585959,583,826,2020-10-05,2020
601577,398,380,2020-10-05,2020
605184,131,294,2020-10-05,2020
613725,36,20698,2020-10-05,2020
667914,589,58,2020-10-05,2020
203608,2441,3999,2020-10-04,2020
302371,3329,720,2020-10-04,2020
308279,506,410,2020-10-04,2020
336869,714,27,2020-10-04,2020
357147,985,5,2020-10-04,2020
364135,29,583,2020-10-04,2020
480763,148,1050,2020-10-04,2020
480975,36,10690,2020-10-04,2020
569349,369,167,2020-10-04,2020
578391,1420,543,2020-10-04,2020
40680,27,41,2020-10-03,2020
56810,1003,1038,2020-10-03,2020
162959,506,273,2020-10-03,2020
236997,703,683,2020-10-03,2020
270171,80,1148,2020-10-03,2020
308279,410,506,2020-10-03,2020
337670,130,202,2020-10-03,2020
389837,276,749,2020-10-03,2020
550549,294,1108,2020-10-03,2020
143891,121,82,2020-10-02,2020
193900,16,3,2020-10-02,2020
203394,985,398,2020-10-02,2020
232093,232,3719,2020-10-02,2020
236537,720,126,2020-10-02,2020
294780,660,60551,2020-10-02,2020
298976,418,12,2020-10-02,2020
315867,6574,252,2020-10-02,2020
325443,1237,2288,2020-10-02,2020
338425,416,621,2020-10-02,2020
423443,1049,3302,2020-10-02,2020
424784,1010,16795,2020-10-02,2020
439465,621,142,2020-10-02,2020
441170,336,114,2020-10-02,2020
460626,583,1162,2020-10-02,2020
475411,618,1003,2020-10-02,2020
525287,294,148,2020-10-02,2020
105506,41201,1083,2020-10-01,2020
126516,3368,12321,2020-10-01,2020
147043,36,28643,2020-10-01,2020
268113,200,610,2020-10-01,2020
272706,58,35,2020-10-01,2020
285868,232,3729,2020-10-01,2020
287700,2722,398,2020-10-01,2020
292837,232,3729,2020-10-01,2020
327251,39,82,2020-10-01,2020
358166,1083,252,2020-10-01,2020
361104,610,131,2020-10-01,2020
429564,1085,3268,2020-10-01,2020
461617,13,989,2020-10-01,2020
538874,601,1158,2020-10-01,2020
542842,369,1894,2020-10-01,2020
546186,46,475,2020-10-01,2020
19041,6890,3840,2020-09-30,2020
95707,2477,83678,2020-09-30,2020
107775,24,33,2020-09-30,2020
131978,631,405,2020-09-30,2020
292837,3719,232,2020-09-30,2020
296741,33,24,2020-09-30,2020
361070,467,403,2020-09-30,2020
406040,23826,931,2020-09-30,2020
444523,5,1041,2020-09-30,2020
495667,273,417,2020-09-30,2020
54781,281,294,2020-09-29,2020
98547,16704,2457,2020-09-29,2020
161202,21957,2079,2020-09-29,2020
163568,2969,273,2020-09-29,2020
178313,162,667,2020-09-29,2020
192875,410,1010,2020-09-29,2020
258004,294,281,2020-09-29,2020
258005,703,3302,2020-09-29,2020
274484,1041,1531,2020-09-29,2020
427683,1244,1084,2020-09-29,2020
34283,683,3060,2020-09-28,2020
59543,124,43,2020-09-28,2020
85864,31,89,2020-09-28,2020
99352,40,1244,2020-09-28,2020
112302,1010,410,2020-09-28,2020
211325,512,6646,2020-09-28,2020
237641,1091,60949,2020-09-28,2020
238752,162,1038,2020-09-28,2020
251892,368,1084,2020-09-28,2020
265625,202,24,2020-09-28,2020
330876,20,19789,2020-09-28,2020
353775,865,7775,2020-09-28,2020
375885,415,383,2020-09-28,2020
620368,2477,48726,2020-09-28,2020
146889,252,190,2020-09-26,2020
346567,506,252,2020-09-26,2020
392570,6574,2722,2020-09-26,2020
708241,660,6993,2020-09-26,2020
25488,46,1038,2020-09-25,2020
147487,720,114,2020-09-25,2020
148666,714,589,2020-09-25,2020
182201,405,36,2020-09-25,2020
192638,800,749,2020-09-25,2020
206912,1158,1420,2020-09-25,2020
238809,1110,10484,2020-09-25,2020
247377,2722,410,2020-09-25,2020
329723,162,3329,2020-09-25,2020
346561,430,2722,2020-09-25,2020
357162,294,162,2020-09-25,2020
395083,46,1158,2020-09-25,2020
396908,141,3840,2020-09-25,2020
459661,46,276,2020-09-25,2020
461833,800,2722,2020-09-25,2020
538918,46,2722,2020-09-25,2020
627228,281,12321,2020-09-25,2020
246291,681,399,2020-09-24,2020
303219,1038,3522,2020-09-24,2020
357992,800,2921,2020-09-24,2020
569384,46,3522,2020-09-24,2020
591949,43,1025,2020-09-24,2020
699005,3205,11688,2020-09-24,2020
157113,589,36,2020-09-23,2020
231572,131,543,2020-09-23,2020
239733,449,126,2020-09-23,2020
255906,370,703,2020-09-23,2020
392538,5,3522,2020-09-23,2020
55742,989,703,2020-09-22,2020
128223,13,506,2020-09-22,2020
235931,1390,3522,2020-09-22,2020
237623,16239,475,2020-09-22,2020
238407,873,23826,2020-09-22,2020
262939,12321,800,2020-09-22,2020
282727,131,12321,2020-09-22,2020
346499,1123,28643,2020-09-22,2020
386914,383,800,2020-09-22,2020
494880,1050,3302,2020-09-22,2020
152962,3690,28095,2020-09-21,2020
204294,1416,1148,2020-09-21,2020
205657,2969,11,2020-09-21,2020
238407,449,873,2020-09-21,2020
314965,294,4083,2020-09-21,2020
324344,1091,3,2020-09-21,2020
334222,416,1531,2020-09-21,2020
364240,131,1091,2020-09-21,2020
459658,252,749,2020-09-21,2020
341647,12,1003,2020-09-20,2020
131996,1041,405,2020-09-19,2020
173859,631,252,2020-09-19,2020
186848,317,368,2020-09-19,2020
197642,1091,641,2020-09-19,2020
282429,418,148,2020-09-19,2020
295313,31,89,2020-09-19,2020
315128,610,1110,2020-09-19,2020
340950,543,31,2020-09-19,2020
60444,27,31,2020-09-18,2020
82130,19789,114,2020-09-18,2020
170481,380,398,2020-09-18,2020
287635,618,868,2020-09-18,2020
315865,252,46,2020-09-18,2020
371021,281,12321,2020-09-18,2020
371851,2410,42,2020-09-18,2020
396411,6993,6992,2020-09-18,2020
505219,985,1010,2020-09-18,2020
576314,1237,306,2020-09-18,2020
33571,416,1025,2020-09-17,2020
52403,1244,5358,2020-09-17,2020
216579,6993,16239,2020-09-17,2020
272261,410,276,2020-09-17,2020
285323,1420,60,2020-09-17,2020
331498,162,237,2020-09-17,2020
345061,1075,237,2020-09-17,2020
371371,276,12,2020-09-17,2020
417228,660,6993,2020-09-17,2020
40633,398,252,2020-09-16,2020
56836,1268,468,2020-09-16,2020
70245,3709,1244,2020-09-16,2020
111873,11,405,2020-09-16,2020
232418,44,3,2020-09-16,2020
315862,800,252,2020-09-16,2020
339816,1084,1531,2020-09-16,2020
349599,1010,1050,2020-09-16,2020
368982,683,2448,2020-09-16,2020
371147,3205,6646,2020-09-16,2020
375391,2288,252,2020-09-16,2020
394300,6574,2919,2020-09-16,2020
67808,12321,5358,2020-09-15,2020
181547,24,33,2020-09-15,2020
185245,3,44,2020-09-15,2020
256267,36,398,2020-09-15,2020
284769,39,60,2020-09-15,2020
363740,39097,53646,2020-09-15,2020
395523,1420,3205,2020-09-15,2020
405399,3057,4083,2020-09-15,2020
432092,800,3522,2020-09-15,2020
439914,82,403,2020-09-15,2020
60410,336,368,2020-09-14,2020
181410,276,6646,2020-09-14,2020
291758,820,10484,2020-09-14,2020
313504,2477,3268,2020-09-14,2020
420189,202,19,2020-09-14,2020
149829,36,252,2020-09-13,2020
168156,371,6890,2020-09-13,2020
187587,24,5,2020-09-12,2020
206947,681,1533,2020-09-12,2020
327911,533,979,2020-09-12,2020
354173,3840,2293,2020-09-12,2020
584493,2441,553,2020-09-12,2020
33781,1032,162,2020-09-11,2020
99047,19771,2293,2020-09-11,2020
123551,1071,641,2020-09-11,2020
127108,762,1108,2020-09-11,2020
130365,12,583,2020-09-11,2020
159098,157,415,2020-09-11,2020
187587,5,24,2020-09-11,2020
193867,276,1005,2020-09-11,2020
236490,416,931,2020-09-11,2020
241486,132,235,2020-09-11,2020
258364,234,3329,2020-09-11,2020
343492,48332,6992,2020-09-11,2020
357995,800,2919,2020-09-11,2020
369267,28643,475,2020-09-11,2020
491890,1184,1416,2020-09-11,2020
657430,1075,3302,2020-09-11,2020
57280,5,430,2020-09-10,2020
59631,162,6890,2020-09-10,2020
116648,931,641,2020-09-10,2020
179184,631,873,2020-09-10,2020
198008,5,24,2020-09-10,2020
206746,1041,931,2020-09-10,2020
342472,252,2921,2020-09-10,2020
348756,3008,520,2020-09-10,2020
386455,430,1390,2020-09-10,2020
445126,1429,2239,2020-09-10,2020
487469,720,543,2020-09-10,2020
517081,18105,4482,2020-09-10,2020
523965,1894,2414,2020-09-10,2020
576314,132,1237,2020-09-10,2020
620076,589,44006,2020-09-10,2020
646948,589,44006,2020-09-10,2020
33480,498,441,2020-09-09,2020
120629,583,931,2020-09-09,2020
126625,1084,265,2020-09-09,2020
144304,105,6,2020-09-09,2020
166677,2687,237,2020-09-09,2020
198008,24,5,2020-09-09,2020
238639,1110,3911,2020-09-09,2020
309393,800,252,2020-09-09,2020
324358,1148,405,2020-09-09,2020
341317,984,350,2020-09-09,2020
397033,19,5,2020-09-09,2020
490224,350,41274,2020-09-09,2020
79045,383,3522,2020-09-08,2020
127187,1010,29,2020-09-08,2020
206843,294,1091,2020-09-08,2020
242086,12,15,2020-09-08,2020
251876,79,5358,2020-09-08,2020
281404,631,16795,2020-09-08,2020
328480,3368,2420,2020-09-08,2020
346018,1123,762,2020-09-08,2020
350310,2425,3268,2020-09-08,2020
392569,2921,1390,2020-09-08,2020
415646,543,3329,2020-09-08,2020
464535,1091,3999,2020-09-08,2020
579930,273,1158,2020-09-08,2020
88683,1025,252,2020-09-07,2020
97541,121,41231,2020-09-07,2020
98131,833,19789,2020-09-07,2020
123682,989,762,2020-09-07,2020
146795,989,762,2020-09-07,2020
236510,31,603,2020-09-07,2020
238367,2503,6912,2020-09-07,2020
245072,410,1010,2020-09-07,2020
315208,2944,868,2020-09-07,2020
315252,3729,121,2020-09-07,2020
322873,6,1467,2020-09-07,2020
335225,1050,3302,2020-09-07,2020
344392,2424,2995,2020-09-07,2020
429563,1148,1063,2020-09-07,2020
544106,1531,714,2020-09-07,2020
198722,4750,3268,2020-09-05,2020
207302,368,583,2020-09-05,2020
252641,940,865,2020-09-05,2020
355915,506,800,2020-09-05,2020
358143,720,2503,2020-09-05,2020
358504,383,10,2020-09-05,2020
505653,720,543,2020-09-05,2020
682794,979,3268,2020-09-05,2020
91945,2293,10484,2020-09-04,2020
146752,1038,4171,2020-09-04,2020
187105,2288,10,2020-09-04,2020
207834,12321,368,2020-09-04,2020
229604,681,1050,2020-09-04,2020
255450,932,800,2020-09-04,2020
309400,15,631,2020-09-04,2020
314678,418,5,2020-09-04,2020
364827,1071,984,2020-09-04,2020
396400,6993,6992,2020-09-04,2020
498899,48726,61825,2020-09-04,2020
546543,3302,294,2020-09-04,2020
124902,6574,11282,2020-09-03,2020
134277,1148,10484,2020-09-03,2020
149928,1085,290,2020-09-03,2020
157507,417,276,2020-09-03,2020
174488,2441,190,2020-09-03,2020
241477,1090,410,2020-09-03,2020
262226,800,1003,2020-09-03,2020
263546,6890,3205,2020-09-03,2020
372267,232,60,2020-09-03,2020
375657,60551,4482,2020-09-03,2020
425334,703,405,2020-09-03,2020
448867,60551,61825,2020-09-03,2020
543164,350,1031,2020-09-03,2020
82009,15,162,2020-09-02,2020
111275,167,383,2020-09-02,2020
115763,252,276,2020-09-02,2020
130394,252,4171,2020-09-02,2020
175188,3349,1301,2020-09-02,2020
288255,610,985,2020-09-02,2020
310458,6574,276,2020-09-02,2020
381714,2696,41231,2020-09-02,2020
396333,13,114,2020-09-02,2020
505675,150,472,2020-09-02,2020
606718,1465,543,2020-09-02,2020
7825,5,398,2020-09-01,2020
32467,131,368,2020-09-01,2020
33763,4171,1005,2020-09-01,2020
40433,985,46,2020-09-01,2020
44059,2722,6646,2020-09-01,2020
44162,506,131,2020-09-01,2020
48859,368,5,2020-09-01,2020
55735,11,12,2020-09-01,2020
65278,631,12,2020-09-01,2020
77825,800,2722,2020-09-01,2020
86784,5,416,2020-09-01,2020
88684,1005,2919,2020-09-01,2020
99254,6195,130,2020-09-01,2020
111347,6195,1038,2020-09-01,2020
111433,749,380,2020-09-01,2020
119031,38,6574,2020-09-01,2020
130360,6195,416,2020-09-01,2020
163222,12,6574,2020-09-01,2020
164771,430,12,2020-09-01,2020
181768,964,130,2020-09-01,2020
184894,6574,430,2020-09-01,2020
197473,6195,130,2020-09-01,2020
205938,631,800,2020-09-01,2020
216179,6574,46,2020-09-01,2020
225873,1038,416,2020-09-01,2020
237923,169,441,2020-09-01,2020
247377,416,2722,2020-09-01,2020
255942,1390,46,2020-09-01,2020
256448,800,12,2020-09-01,2020
266795,1533,398,2020-09-01,2020
282388,430,1390,2020-09-01,2020
282810,131,12,2020-09-01,2020
284595,3522,1038,2020-09-01,2020
295183,610,1390,2020-09-01,2020
298975,6574,430,2020-09-01,2020
301238,46,2919,2020-09-01,2020
311178,6676,6574,2020-09-01,2020
315865,46,252,2020-09-01,2020
317482,6195,1390,2020-09-01,2020
324223,405,1031,2020-09-01,2020
324804,46,130,2020-09-01,2020
332697,33,506,2020-09-01,2020
336125,3057,416,2020-09-01,2020
336960,410,130,2020-09-01,2020
337725,252,430,2020-09-01,2020
338637,28643,4171,2020-09-01,2020
358032,2282,235,2020-09-01,2020
362842,131,506,2020-09-01,2020
381950,58,5,2020-09-01,2020
391498,12,276,2020-09-01,2020
392959,800,2919,2020-09-01,2020
398073,418,46,2020-09-01,2020
401923,1082,6195,2020-09-01,2020
435338,1082,11,2020-09-01,2020
487688,418,16795,2020-09-01,2020
534435,1184,868,2020-09-01,2020
540941,2778,1038,2020-09-01,2020
546186,265,46,2020-09-01,2020
33873,5,989,2020-08-31,2020
40433,46,985,2020-08-31,2020
40633,430,398,2020-08-31,2020
42460,27,46,2020-08-31,2020
48859,5,368,2020-08-31,2020
55735,12,11,2020-08-31,2020
59866,46,631,2020-08-31,2020
77825,2722,800,2020-08-31,2020
80444,27,131,2020-08-31,2020
88683,252,1025,2020-08-31,2020
88909,252,430,2020-08-31,2020
99254,130,6195,2020-08-31,2020
111347,1038,6195,2020-08-31,2020
115763,276,252,2020-08-31,2020
118287,430,1003,2020-08-31,2020
124555,46,430,2020-08-31,2020
124560,607,46,2020-08-31,2020
124902,1005,6574,2020-08-31,2020
126673,252,1082,2020-08-31,2020
126687,276,430,2020-08-31,2020
130360,416,6195,2020-08-31,2020
130394,1005,252,2020-08-31,2020
146752,130,1038,2020-08-31,2020
163222,6574,12,2020-08-31,2020
164771,12,430,2020-08-31,2020
181410,749,276,2020-08-31,2020
181768,130,964,2020-08-31,2020
184894,430,6574,2020-08-31,2020
190513,903,441,2020-08-31,2020
192638,8970,800,2020-08-31,2020
193867,749,276,2020-08-31,2020
197473,130,6195,2020-08-31,2020
197751,2722,1390,2020-08-31,2020
199258,2722,6195,2020-08-31,2020
205938,800,631,2020-08-31,2020
216179,46,6574,2020-08-31,2020
230457,683,336,2020-08-31,2020
234523,252,150,2020-08-31,2020
235931,1005,1390,2020-08-31,2020
238993,3522,410,2020-08-31,2020
247377,2722,416,2020-08-31,2020
250543,1184,28643,2020-08-31,2020
255942,46,1390,2020-08-31,2020
256448,12,800,2020-08-31,2020
257732,276,6195,2020-08-31,2020
258482,276,800,2020-08-31,2020
268179,1210,12,2020-08-31,2020
272261,1005,410,2020-08-31,2020
282388,1390,430,2020-08-31,2020
282810,12,131,2020-08-31,2020
284595,1038,3522,2020-08-31,2020
287579,276,430,2020-08-31,2020
298975,430,6574,2020-08-31,2020
303657,130,46,2020-08-31,2020
307058,2425,720,2020-08-31,2020
308371,1084,2423,2020-08-31,2020
311178,6574,6676,2020-08-31,2020
315862,2921,800,2020-08-31,2020
315865,252,46,2020-08-31,2020
317482,1390,6195,2020-08-31,2020
324804,130,46,2020-08-31,2020
332179,276,800,2020-08-31,2020
336960,130,410,2020-08-31,2020
337725,430,252,2020-08-31,2020
346567,1390,506,2020-08-31,2020
355915,252,506,2020-08-31,2020
357995,2921,800,2020-08-31,2020
358177,720,2425,2020-08-31,2020
371003,281,3709,2020-08-31,2020
381950,5,58,2020-08-31,2020
389837,607,276,2020-08-31,2020
392956,1210,800,2020-08-31,2020
393804,380,398,2020-08-31,2020
394300,749,6574,2020-08-31,2020
394346,862,1025,2020-08-31,2020
395083,6574,46,2020-08-31,2020
404846,338,60551,2020-08-31,2020
431755,130,506,2020-08-31,2020
459661,252,46,2020-08-31,2020
40423,281,150,2020-08-30,2020
88909,1005,252,2020-08-30,2020
169497,1531,331,2020-08-30,2020
170934,180,931,2020-08-30,2020
171679,543,148,2020-08-30,2020
226973,180,931,2020-08-30,2020
279829,441,553,2020-08-30,2020
361264,1467,2381,2020-08-30,2020
459661,276,252,2020-08-30,2020
544784,2423,720,2020-08-30,2020
284884,418,368,2020-08-29,2020
325924,2282,235,2020-08-29,2020
328784,60,399,2020-08-29,2020
491960,338,23611,2020-08-29,2020
29241,583,631,2020-08-28,2020
124422,19789,2381,2020-08-28,2020
479999,1039,873,2020-08-28,2020
500067,306,2410,2020-08-28,2020
33862,1096,157,2020-08-27,2020
59136,61825,55686,2020-08-27,2020
90959,11282,2293,2020-08-27,2020
189186,289,24245,2020-08-27,2020
239949,1071,2288,2020-08-27,2020
240263,4795,127,2020-08-27,2020
270541,1416,273,2020-08-27,2020
282700,1050,12321,2020-08-27,2020
344596,417,631,2020-08-27,2020
345760,987,371,2020-08-27,2020
420064,13,162,2020-08-27,2020
105817,21957,2079,2020-08-26,2020
195546,723,132,2020-08-26,2020
315236,2477,26459,2020-08-26,2020
316125,1003,631,2020-08-26,2020
392757,631,2288,2020-08-26,2020
396530,2477,6992,2020-08-26,2020
66953,11688,19789,2020-08-25,2020
68645,1237,150,2020-08-25,2020
112648,265,3205,2020-08-25,2020
147051,23826,383,2020-08-25,2020
148355,2293,2687,2020-08-25,2020
196126,443,1063,2020-08-25,2020
211637,1095,347,2020-08-25,2020
221133,2293,924,2020-08-25,2020
312493,1269,1426,2020-08-25,2020
332560,157,415,2020-08-25,2020
344299,1083,2410,2020-08-25,2020
429014,543,2288,2020-08-25,2020
434224,750,82,2020-08-25,2020
70245,12321,3709,2020-08-24,2020
148262,1132,762,2020-08-24,2020
166677,12321,2687,2020-08-24,2020
190289,39,80,2020-08-24,2020
207302,583,368,2020-08-24,2020
242086,23826,12,2020-08-24,2020
242532,331,1244,2020-08-24,2020
251876,12321,79,2020-08-24,2020
280730,27,418,2020-08-24,2020
336307,27,4,2020-08-24,2020
340864,331,7179,2020-08-24,2020
387160,3725,126,2020-08-24,2020
464529,1091,653,2020-08-23,2020
107803,10690,48726,2020-08-22,2020
207834,368,12321,2020-08-22,2020
258475,3325,3302,2020-08-22,2020
282429,368,418,2020-08-22,2020
282654,294,3329,2020-08-22,2020
184816,1075,683,2020-08-21,2020
207573,128,6418,2020-08-21,2020
290391,2425,336,2020-08-21,2020
523318,6676,60949,2020-08-21,2020
44062,13,336,2020-08-20,2020
95152,11282,114,2020-08-20,2020
184816,683,1075,2020-08-20,2020
186368,46,18,2020-08-20,2020
249271,1083,443,2020-08-20,2020
263860,3709,1049,2020-08-20,2020
298410,2420,2995,2020-08-20,2020
314288,281,58,2020-08-20,2020
349701,1071,931,2020-08-20,2020
366045,347,2715,2020-08-20,2020
427572,2698,3609,2020-08-20,2020
621592,2410,71985,2020-08-20,2020
182722,294,2420,2020-08-19,2020
196524,252,36,2020-08-19,2020
427568,989,350,2020-08-19,2020
438682,12,2424,2020-08-19,2020
627226,418,16,2020-08-19,2020
40204,1132,148,2020-08-18,2020
98512,5358,589,2020-08-18,2020
163053,10484,36,2020-08-18,2020
182893,410,826,2020-08-18,2020
221285,6890,2832,2020-08-18,2020
225119,3336,1301,2020-08-18,2020
251896,418,16795,2020-08-18,2020
263236,167,38,2020-08-18,2020
294723,2477,53646,2020-08-18,2020
294791,172,750,2020-08-18,2020
348425,121,2457,2020-08-18,2020
367468,294,2503,2020-08-18,2020
426620,3329,336,2020-08-18,2020
581781,2969,472,2020-08-18,2020
615350,2375,1041,2020-08-18,2020
60957,89,385,2020-08-17,2020
91949,979,7179,2020-08-17,2020
107803,48726,10690,2020-08-17,2020
113235,2696,2698,2020-08-17,2020
176961,589,820,2020-08-17,2020
258475,3302,3325,2020-08-17,2020
296513,932,2698,2020-08-17,2020
298197,3302,1108,2020-08-17,2020
343622,61825,6993,2020-08-17,2020
344519,7378,2995,2020-08-17,2020
358177,142,720,2020-08-17,2020
377387,167,10,2020-08-17,2020
406638,148,1123,2020-08-17,2020
408471,142,714,2020-08-17,2020
487688,142,418,2020-08-17,2020
647950,3302,141,2020-08-17,2020
672933,2503,3205,2020-08-17,2020
28140,415,2381,2020-08-16,2020
52480,2424,7775,2020-08-16,2020
344830,985,86,2020-08-16,2020
187809,820,385,2020-08-15,2020
257937,2698,28095,2020-08-15,2020
359247,371,354,2020-08-15,2020
451801,2778,2420,2020-08-15,2020
553875,281,336,2020-08-15,2020
564544,1075,979,2020-08-15,2020
43250,148,294,2020-08-14,2020
52769,631,11,2020-08-14,2020
63489,897,80,2020-08-14,2020
155396,7179,720,2020-08-14,2020
196095,60,294,2020-08-14,2020
282630,11127,14589,2020-08-14,2020
284270,89,18,2020-08-14,2020
361914,2969,273,2020-08-14,2020
459463,1010,3709,2020-08-14,2020
131323,14589,11127,2020-08-13,2020
186337,2553,987,2020-08-13,2020
195906,379,371,2020-08-13,2020
220878,415,826,2020-08-13,2020
242750,19657,5817,2020-08-13,2020
275590,1071,603,2020-08-13,2020
281552,232,3725,2020-08-13,2020
338794,114,11282,2020-08-13,2020
395659,1186,2696,2020-08-13,2020
397090,2420,11282,2020-08-13,2020
467623,162,2420,2020-08-13,2020
59561,1049,1050,2020-08-12,2020
74869,1049,1050,2020-08-12,2020
183383,58,1096,2020-08-12,2020
185427,89,105,2020-08-12,2020
208848,2381,141,2020-08-12,2020
249568,2282,2727,2020-08-12,2020
251106,1050,3709,2020-08-12,2020
291941,2503,720,2020-08-12,2020
292837,232,3719,2020-08-12,2020
394328,273,1301,2020-08-12,2020
563963,366,180,2020-08-12,2020
60542,12,16795,2020-08-11,2020
105695,124,1241,2020-08-11,2020
120629,418,583,2020-08-11,2020
129513,39,2832,2020-08-11,2020
167799,180,148,2020-08-11,2020
170544,417,3911,2020-08-11,2020
182891,58,520,2020-08-11,2020
248219,126,141,2020-08-11,2020
260841,1003,2727,2020-08-11,2020
306462,2381,36,2020-08-11,2020
321417,18105,2740,2020-08-11,2020
341051,148,180,2020-08-11,2020
533738,157,1082,2020-08-11,2020
338070,683,31,2020-08-10,2020
379634,16704,41201,2020-08-10,2020
384553,127,39,2020-08-10,2020
392770,1082,2503,2020-08-10,2020
405398,418,1050,2020-08-10,2020
532444,2672,265,2020-08-10,2020
126610,865,5817,2020-08-09,2020
392770,985,1082,2020-08-09,2020
55605,36,6890,2020-08-08,2020
175383,2503,294,2020-08-08,2020
586712,1091,60949,2020-08-08,2020
191556,24245,2375,2020-08-07,2020
203938,642,415,2020-08-07,2020
272539,41,520,2020-08-07,2020
386047,1421,162,2020-08-07,2020
464598,865,2414,2020-08-07,2020
39333,114,36,2020-08-06,2020
126337,28095,3725,2020-08-06,2020
153678,3,42,2020-08-06,2020
187499,39,105,2020-08-06,2020
211727,232,3725,2020-08-06,2020
295755,169,3999,2020-08-06,2020
315762,931,1304,2020-08-06,2020
317593,200,202,2020-08-06,2020
424784,142,1010,2020-08-06,2020
437566,3336,4294,2020-08-06,2020
451311,169,60949,2020-08-06,2020
460845,2282,354,2020-08-06,2020
537854,660,6993,2020-08-06,2020
606752,24,35,2020-08-06,2020
55742,931,989,2020-08-05,2020
81775,383,403,2020-08-05,2020
129513,2832,39,2020-08-05,2020
152651,931,1110,2020-08-05,2020
177476,989,281,2020-08-05,2020
217686,2410,11127,2020-08-05,2020
226973,931,180,2020-08-05,2020
335457,1108,60,2020-08-05,2020
341485,660,6993,2020-08-05,2020
58267,1467,1075,2020-08-04,2020
68033,533,24,2020-08-04,2020
93763,60,44,2020-08-04,2020
94201,82,89,2020-08-04,2020
118302,265,6418,2020-08-04,2020
131275,12321,2687,2020-08-04,2020
141350,58,124,2020-08-04,2020
148485,932,41231,2020-08-04,2020
170472,1010,16795,2020-08-04,2020
173859,12,631,2020-08-04,2020
213670,24,331,2020-08-04,2020
215864,24,533,2020-08-04,2020
249952,41,6890,2020-08-04,2020
277137,234,940,2020-08-04,2020
281755,3709,2687,2020-08-04,2020
314944,3336,2503,2020-08-04,2020
344395,720,2420,2020-08-04,2020
370399,338,48332,2020-08-04,2020
398184,1049,281,2020-08-04,2020
405687,23826,4,2020-08-04,2020
443778,16704,3609,2020-08-04,2020
455181,418,3368,2020-08-04,2020
41323,167,89,2020-08-03,2020
60542,16795,12,2020-08-03,2020
70754,126,338,2020-08-03,2020
98512,1467,5358,2020-08-03,2020
103427,12,985,2020-08-03,2020
103444,4603,683,2020-08-03,2020
118413,128,60949,2020-08-03,2020
137313,2425,475,2020-08-03,2020
148396,114,336,2020-08-03,2020
160438,114,11,2020-08-03,2020
170934,141,180,2020-08-03,2020
172066,7179,3325,2020-08-03,2020
184440,20,11282,2020-08-03,2020
196524,589,252,2020-08-03,2020
199316,2375,2293,2020-08-03,2020
203854,126,660,2020-08-03,2020
204201,3205,141,2020-08-03,2020
207519,2696,932,2020-08-03,2020
211325,449,512,2020-08-03,2020
221285,2832,6890,2020-08-03,2020
236537,2381,720,2020-08-03,2020
238809,10484,1110,2020-08-03,2020
242661,3999,2671,2020-08-03,2020
249952,6890,41,2020-08-03,2020
256186,5817,369,2020-08-03,2020
258015,3329,294,2020-08-03,2020
263267,2293,410,2020-08-03,2020
263546,6646,6890,2020-08-03,2020
282615,825,6890,2020-08-03,2020
294730,10690,58,2020-08-03,2020
330871,3840,6890,2020-08-03,2020
338794,2381,114,2020-08-03,2020
344395,10484,720,2020-08-03,2020
371245,2423,1075,2020-08-03,2020
377641,2420,1075,2020-08-03,2020
383654,2420,3325,2020-08-03,2020
387160,868,3725,2020-08-03,2020
388266,833,2420,2020-08-03,2020
388581,3329,2457,2020-08-03,2020
400713,28095,121,2020-08-03,2020
412669,1075,131,2020-08-03,2020
441986,3,2420,2020-08-03,2020
445517,294,3911,2020-08-03,2020
503212,2420,1465,2020-08-03,2020
573981,825,6890,2020-08-03,2020
629567,417,2503,2020-08-03,2020
89086,964,232,2020-08-02,2020
157507,800,417,2020-08-02,2020
383654,3325,2420,2020-08-02,2020
388581,2457,3329,2020-08-02,2020
37838,31,964,2020-08-01,2020
58971,41201,3725,2020-08-01,2020
92248,2778,855,2020-08-01,2020
182403,3719,3690,2020-08-01,2020
265282,1186,2696,2020-08-01,2020
343492,60551,48332,2020-08-01,2020
343537,865,60551,2020-08-01,2020
381187,5818,173,2020-08-01,2020
415383,1082,29228,2020-08-01,2020
456182,2698,3609,2020-08-01,2020
541601,1053,678,2020-08-01,2020
7825,405,5,2020-07-31,2020
33781,3426,1032,2020-07-31,2020
48870,1110,29,2020-07-31,2020
56631,2288,306,2020-07-31,2020
89086,41231,964,2020-07-31,2020
110366,2441,472,2020-07-31,2020
113235,14589,2696,2020-07-31,2020
131553,6993,660,2020-07-31,2020
144583,28095,964,2020-07-31,2020
148485,41231,932,2020-07-31,2020
149729,932,46,2020-07-31,2020
161869,29,162,2020-07-31,2020
166683,14589,157,2020-07-31,2020
166737,2698,121,2020-07-31,2020
186368,762,46,2020-07-31,2020
203608,6676,2441,2020-07-31,2020
211727,2696,232,2020-07-31,2020
226155,1085,3057,2020-07-31,2020
231724,41201,41231,2020-07-31,2020
243225,206,749,2020-07-31,2020
243633,3336,2553,2020-07-31,2020
245537,762,33,2020-07-31,2020
257455,1075,336,2020-07-31,2020
277772,235,60949,2020-07-31,2020
279455,989,31,2020-07-31,2020
281552,41201,232,2020-07-31,2020
283193,369,206,2020-07-31,2020
292837,3729,232,2020-07-31,2020
301037,41201,3719,2020-07-31,2020
314288,641,281,2020-07-31,2020
323379,3329,417,2020-07-31,2020
327126,265,366,2020-07-31,2020
335721,399,1237,2020-07-31,2020
341049,1031,148,2020-07-31,2020
341051,180,148,2020-07-31,2020
341485,2477,660,2020-07-31,2020
341680,3060,683,2020-07-31,2020
343492,48332,60551,2020-07-31,2020
343537,5817,865,2020-07-31,2020
343959,2414,2282,2020-07-31,2020
349599,331,1010,2020-07-31,2020
353252,16239,2671,2020-07-31,2020
358165,964,720,2020-07-31,2020
362570,41231,964,2020-07-31,2020
365540,2420,660,2020-07-31,2020
370399,23611,338,2020-07-31,2020
372535,28095,964,2020-07-31,2020
377641,2425,2420,2020-07-31,2020
379634,41201,16704,2020-07-31,2020
388198,60,89,2020-07-31,2020
390125,60949,1091,2020-07-31,2020
392757,2288,631,2020-07-31,2020
402644,2441,3062,2020-07-31,2020
415383,2457,1082,2020-07-31,2020
416465,60949,1091,2020-07-31,2020
417575,3329,1049,2020-07-31,2020
419061,60551,338,2020-07-31,2020
423443,3329,1049,2020-07-31,2020
448981,2696,232,2020-07-31,2020
449721,2698,1083,2020-07-31,2020
464529,60949,1091,2020-07-31,2020
491693,3329,13,2020-07-31,2020
524590,1177,865,2020-07-31,2020
543499,2778,610,2020-07-31,2020
559794,1039,148,2020-07-31,2020
656441,1082,29228,2020-07-31,2020
683840,472,131,2020-07-31,2020
61989,533,42,2020-07-30,2020
193033,2036,157,2020-07-30,2020
193859,4,86,2020-07-30,2020
248658,2441,371,2020-07-30,2020
258916,29,1123,2020-07-30,2020
289648,1184,3948,2020-07-30,2020
649452,281,354,2020-07-30,2020
111195,610,1237,2020-07-29,2020
174694,368,417,2020-07-29,2020
649452,354,281,2020-07-29,2020
132203,2759,465,2020-07-28,2020
193004,42,79,2020-07-28,2020
257814,533,79,2020-07-28,2020
430190,1096,10690,2020-07-28,2020
606849,618,2861,2020-07-28,2020
43530,31,1237,2020-07-27,2020
50355,940,932,2020-07-27,2020
61697,124,350,2020-07-27,2020
295624,403,202,2020-07-27,2020
328480,7179,3368,2020-07-27,2020
355816,281,202,2020-07-27,2020
507254,984,873,2020-07-27,2020
56100,1071,124,2020-07-24,2020
334495,157,41274,2020-07-24,2020
258916,1071,29,2020-07-23,2020
324223,1031,405,2020-07-23,2020
591914,1095,347,2020-07-23,2020
251302,2036,157,2020-07-22,2020
111961,5,368,2020-07-21,2020
126516,367,3368,2020-07-21,2020
126751,472,237,2020-07-21,2020
131275,2687,12321,2020-07-21,2020
139341,5358,58,2020-07-21,2020
196793,65,499,2020-07-21,2020
281755,2687,3709,2020-07-21,2020
283233,430,499,2020-07-21,2020
321070,23826,18,2020-07-21,2020
331498,5358,162,2020-07-21,2020
339707,5358,410,2020-07-21,2020
345061,2448,1075,2020-07-21,2020
368887,2282,499,2020-07-21,2020
396333,897,13,2020-07-21,2020
413262,5358,1050,2020-07-21,2020
447052,897,621,2020-07-21,2020
455181,367,418,2020-07-21,2020
575998,16,244,2020-07-21,2020
64598,714,12321,2020-07-20,2020
65318,1049,1050,2020-07-20,2020
111961,368,5,2020-07-20,2020
130365,1049,12,2020-07-20,2020
170472,16795,1010,2020-07-20,2020
199369,366,29,2020-07-20,2020
205465,855,347,2020-07-20,2020
206947,1244,681,2020-07-20,2020
216464,16795,368,2020-07-20,2020
251106,366,1050,2020-07-20,2020
251892,1244,368,2020-07-20,2020
251896,16795,418,2020-07-20,2020
284854,150,131,2020-07-20,2020
284884,1244,418,2020-07-20,2020
298976,3368,418,2020-07-20,2020
316264,681,418,2020-07-20,2020
320271,331,1049,2020-07-20,2020
329723,16795,162,2020-07-20,2020
341272,237,368,2020-07-20,2020
341317,1108,984,2020-07-20,2020
344393,237,336,2020-07-20,2020
354361,1050,931,2020-07-20,2020
356197,150,1050,2020-07-20,2020
358143,1244,720,2020-07-20,2020
364603,331,1244,2020-07-20,2020
378139,1244,150,2020-07-20,2020
405398,237,418,2020-07-20,2020
459463,237,1010,2020-07-20,2020
537382,1244,368,2020-07-20,2020
537467,5220,28643,2020-07-20,2020
553875,366,281,2020-07-20,2020
137313,3336,2425,2020-07-17,2020
110668,399,3508,2020-07-16,2020
282734,868,338,2020-07-16,2020
361207,610,317,2020-07-16,2020
415912,11,79,2020-07-16,2020
443308,1304,798,2020-07-16,2020
43512,16,86,2020-07-15,2020
57598,127,41,2020-07-15,2020
93844,533,86,2020-07-15,2020
192565,281,27,2020-07-15,2020
202591,162,23826,2020-07-15,2020
388516,472,23826,2020-07-15,2020
410185,39,3911,2020-07-15,2020
129585,2282,2861,2020-07-14,2020
242063,200,317,2020-07-13,2020
57134,1416,1158,2020-07-12,2020
147043,4,36,2020-07-12,2020
415912,4,11,2020-07-12,2020
232418,1123,44,2020-07-11,2020
225393,2999,903,2020-07-10,2020
238468,2578,903,2020-07-10,2020
277635,1082,1095,2020-07-10,2020
531949,417,826,2020-07-10,2020
264567,1420,1423,2020-07-09,2020
416802,58,235,2020-07-09,2020
167342,3524,1158,2020-07-08,2020
296356,273,1420,2020-07-08,2020
43512,86,16,2020-07-07,2020
93844,86,533,2020-07-07,2020
147078,605,265,2020-07-07,2020
249552,1390,1245,2020-07-07,2020
82410,499,234,2020-07-06,2020
187188,467,1435,2020-07-06,2020
442891,1041,273,2020-07-06,2020
47004,14589,3609,2020-07-03,2020
142389,987,762,2020-07-03,2020
536482,583,2969,2020-07-03,2020
412671,415,1158,2020-07-02,2020
729814,347,2715,2020-07-02,2020
12589,371,43,2020-07-01,2020
23553,1269,468,2020-07-01,2020
42735,58,157,2020-07-01,2020
52380,371,370,2020-07-01,2020
56818,29,417,2020-07-01,2020
64352,499,235,2020-07-01,2020
68863,46,583,2020-07-01,2020
78339,89,167,2020-07-01,2020
92983,289,124,2020-07-01,2020
100986,583,16,2020-07-01,2020
104543,498,1245,2020-07-01,2020
112988,180,11,2020-07-01,2020
116471,1435,1090,2020-07-01,2020
119296,506,16,2020-07-01,2020
124577,2451,987,2020-07-01,2020
127188,995,415,2020-07-01,2020
128223,631,13,2020-07-01,2020
131658,3329,3325,2020-07-01,2020
138331,3948,968,2020-07-01,2020
140808,58,157,2020-07-01,2020
146310,475,79,2020-07-01,2020
151213,2578,2999,2020-07-01,2020
157125,2727,3057,2020-07-01,2020
168158,28643,968,2020-07-01,2020
170527,23826,631,2020-07-01,2020
170911,3911,290,2020-07-01,2020
175639,10,826,2020-07-01,2020
178219,1268,132,2020-07-01,2020
182875,3911,995,2020-07-01,2020
185164,173,10,2020-07-01,2020
194547,982,3268,2020-07-01,2020
195246,60,79,2020-07-01,2020
195778,33,27,2020-07-01,2020
196829,403,58,2020-07-01,2020
205023,798,1304,2020-07-01,2020
216270,1241,987,2020-07-01,2020
217111,610,631,2020-07-01,2020
229006,618,3911,2020-07-01,2020
234193,3,1096,2020-07-01,2020
235108,383,1268,2020-07-01,2020
235274,1304,41274,2020-07-01,2020
235275,2282,354,2020-07-01,2020
238630,1416,738,2020-07-01,2020
241378,306,467,2020-07-01,2020
249636,417,290,2020-07-01,2020
250138,968,601,2020-07-01,2020
250450,385,202,2020-07-01,2020
257988,642,403,2020-07-01,2020
258362,383,385,2020-07-01,2020
259881,3725,2441,2020-07-01,2020
274862,3368,995,2020-07-01,2020
276002,42,385,2020-07-01,2020
276768,1421,738,2020-07-01,2020
278343,82,167,2020-07-01,2020
282076,1184,124,2020-07-01,2020
284857,131,3709,2020-07-01,2020
288449,202,200,2020-07-01,2020
290017,1421,417,2020-07-01,2020
290261,172,157,2020-07-01,2020
290537,29228,1096,2020-07-01,2020
292356,1091,317,2020-07-01,2020
314137,371,1184,2020-07-01,2020
314942,3336,1465,2020-07-01,2020
315233,1090,133,2020-07-01,2020
317806,1304,1184,2020-07-01,2020
318507,40,1420,2020-07-01,2020
323740,317,265,2020-07-01,2020
336697,7179,855,2020-07-01,2020
337673,499,642,2020-07-01,2020
338651,1184,354,2020-07-01,2020
340177,475,1421,2020-07-01,2020
340853,418,366,2020-07-01,2020
342012,1090,642,2020-07-01,2020
342209,162,347,2020-07-01,2020
348795,150,148,2020-07-01,2020
355104,130,2919,2020-07-01,2020
355370,41274,1095,2020-07-01,2020
374212,724,317,2020-07-01,2020
381963,467,403,2020-07-01,2020
418659,1041,417,2020-07-01,2020
420890,3057,39,2020-07-01,2020
462086,468,467,2020-07-01,2020
463601,347,2715,2020-07-01,2020
464259,2696,232,2020-07-01,2020
485963,738,244,2020-07-01,2020
511802,1123,354,2020-07-01,2020
535706,347,2715,2020-07-01,2020
536475,583,3057,2020-07-01,2020
538996,583,27,2020-07-01,2020
730581,738,826,2020-07-01,2020
42735,157,58,2020-06-30,2020
52059,38,36,2020-06-30,2020
56810,162,1003,2020-06-30,2020
59631,58,162,2020-06-30,2020
63489,80,897,2020-06-30,2020
68863,583,46,2020-06-30,2020
75458,1390,12,2020-06-30,2020
77966,234,114,2020-06-30,2020
79045,200,383,2020-06-30,2020
84435,86,533,2020-06-30,2020
85352,89,82,2020-06-30,2020
86784,383,5,2020-06-30,2020
88721,39,82,2020-06-30,2020
93827,38,33,2020-06-30,2020
110668,1268,399,2020-06-30,2020
112935,3,33,2020-06-30,2020
112988,11,180,2020-06-30,2020
119296,16,506,2020-06-30,2020
120205,33,167,2020-06-30,2020
127188,3524,995,2020-06-30,2020
128223,13,631,2020-06-30,2020
129585,520,2282,2020-06-30,2020
129679,5358,3368,2020-06-30,2020
131658,4294,3329,2020-06-30,2020
146258,762,24,2020-06-30,2020
146310,79,475,2020-06-30,2020
147846,415,114,2020-06-30,2020
172202,1426,499,2020-06-30,2020
173750,499,3008,2020-06-30,2020
174915,162,1003,2020-06-30,2020
178219,132,1268,2020-06-30,2020
178313,618,162,2020-06-30,2020
182618,162,631,2020-06-30,2020
182722,610,294,2020-06-30,2020
182891,1184,58,2020-06-30,2020
185427,105,89,2020-06-30,2020
186704,200,2288,2020-06-30,2020
190289,127,39,2020-06-30,2020
191987,234,449,2020-06-30,2020
193900,44,16,2020-06-30,2020
195246,79,60,2020-06-30,2020
205006,234,12,2020-06-30,2020
206386,167,15,2020-06-30,2020
207006,499,533,2020-06-30,2020
215551,642,383,2020-06-30,2020
221624,38,281,2020-06-30,2020
222813,44,31,2020-06-30,2020
224884,237,631,2020-06-30,2020
226074,306,5,2020-06-30,2020
229604,969,681,2020-06-30,2020
235108,1268,383,2020-06-30,2020
235275,354,2282,2020-06-30,2020
237641,4603,1091,2020-06-30,2020
244940,269,3,2020-06-30,2020
245072,29228,410,2020-06-30,2020
249271,1245,1083,2020-06-30,2020
249552,3057,1390,2020-06-30,2020
250464,235,1269,2020-06-30,2020
250543,28643,1184,2020-06-30,2020
251680,12321,331,2020-06-30,2020
256013,3325,7378,2020-06-30,2020
257474,3057,416,2020-06-30,2020
257814,79,533,2020-06-30,2020
257980,1435,499,2020-06-30,2020
258364,317,234,2020-06-30,2020
259881,2441,3725,2020-06-30,2020
260806,1416,1110,2020-06-30,2020
261504,29228,281,2020-06-30,2020
262389,385,1049,2020-06-30,2020
263236,180,167,2020-06-30,2020
263801,38,533,2020-06-30,2020
264137,498,157,2020-06-30,2020
264567,1423,1420,2020-06-30,2020
265569,40,162,2020-06-30,2020
271256,2969,294,2020-06-30,2020
272636,641,618,2020-06-30,2020
272706,35,58,2020-06-30,2020
274461,385,16,2020-06-30,2020
274862,995,3368,2020-06-30,2020
276002,235,42,2020-06-30,2020
277635,1095,1082,2020-06-30,2020
278343,167,82,2020-06-30,2020
281404,3709,631,2020-06-30,2020
282076,124,1184,2020-06-30,2020
283223,683,940,2020-06-30,2020
284857,3709,131,2020-06-30,2020
289648,354,1184,2020-06-30,2020
292808,2861,1421,2020-06-30,2020
294791,1095,172,2020-06-30,2020
295313,39,31,2020-06-30,2020
295780,4603,683,2020-06-30,2020
296356,1420,273,2020-06-30,2020
314137,1184,371,2020-06-30,2020
314980,41274,1184,2020-06-30,2020
315233,133,1090,2020-06-30,2020
315332,38,24,2020-06-30,2020
317593,468,200,2020-06-30,2020
318507,1160,40,2020-06-30,2020
322293,65,86,2020-06-30,2020
322305,415,417,2020-06-30,2020
323910,1304,383,2020-06-30,2020
324351,350,15,2020-06-30,2020
324806,750,855,2020-06-30,2020
325443,35,1237,2020-06-30,2020
334222,1032,416,2020-06-30,2020
334495,2727,157,2020-06-30,2020
338635,235,58,2020-06-30,2020
339337,499,383,2020-06-30,2020
340460,58,281,2020-06-30,2020
340853,366,418,2020-06-30,2020
341227,33,131,2020-06-30,2020
342209,347,162,2020-06-30,2020
342472,903,252,2020-06-30,2020
342967,1283,86,2020-06-30,2020
343463,3508,114,2020-06-30,2020
345590,306,6574,2020-06-30,2020
345654,7378,281,2020-06-30,2020
348795,148,150,2020-06-30,2020
353948,1041,44,2020-06-30,2020
355104,2919,130,2020-06-30,2020
355816,202,281,2020-06-30,2020
361081,202,44,2020-06-30,2020
364240,417,131,2020-06-30,2020
366045,1147,347,2020-06-30,2020
367284,35,1237,2020-06-30,2020
369319,235,234,2020-06-30,2020
371003,2861,281,2020-06-30,2020
371814,79,31,2020-06-30,2020
375391,202,2288,2020-06-30,2020
379979,41,27,2020-06-30,2020
381963,403,467,2020-06-30,2020
384060,738,1041,2020-06-30,2020
386552,520,1420,2020-06-30,2020
392717,520,89,2020-06-30,2020
395632,403,683,2020-06-30,2020
398073,16,418,2020-06-30,2020
400485,417,6195,2020-06-30,2020
403898,41,18,2020-06-30,2020
413843,89,60,2020-06-30,2020
415642,403,3,2020-06-30,2020
416479,3268,683,2020-06-30,2020
420189,467,202,2020-06-30,2020
420884,1147,683,2020-06-30,2020
430190,2477,1096,2020-06-30,2020
432772,3911,162,2020-06-30,2020
433584,1429,6195,2020-06-30,2020
439914,1426,82,2020-06-30,2020
441986,192,3,2020-06-30,2020
447221,2969,33,2020-06-30,2020
450790,3325,2995,2020-06-30,2020
460939,235,1090,2020-06-30,2020
462141,553,2441,2020-06-30,2020
464259,232,2696,2020-06-30,2020
467623,520,162,2020-06-30,2020
468036,169,265,2020-06-30,2020
481117,132,200,2020-06-30,2020
482145,200,39,2020-06-30,2020
495666,618,11,2020-06-30,2020
504503,2990,7179,2020-06-30,2020
511802,475,1123,2020-06-30,2020
536475,3057,583,2020-06-30,2020
536482,738,583,2020-06-30,2020
536507,520,162,2020-06-30,2020
537127,3558,1160,2020-06-30,2020
546213,601,24,2020-06-30,2020
569389,750,162,2020-06-30,2020
579930,1158,273,2020-06-30,2020
597087,1465,1301,2020-06-30,2020
600041,458,1005,2020-06-30,2020
605184,33,131,2020-06-30,2020
606849,1159,618,2020-06-30,2020
56100,1237,1071,2020-06-26,2020
492354,6992,4482,2020-06-22,2020
365261,49702,121,2020-06-15,2020
348425,41201,121,2020-06-01,2020
549983,1186,14589,2020-06-01,2020
52570,371,180,2020-05-31,2020
56100,1071,1237,2020-05-31,2020
189070,833,1032,2020-05-31,2020
236510,124,31,2020-05-31,2020
238585,289,2288,2020-05-31,2020
371021,703,281,2020-05-31,2020
105695,2578,124,2020-05-20,2020
85864,114,31,2020-05-04,2020
257987,403,234,2020-05-04,2020
339332,317,610,2020-05-04,2020
151213,511,2578,2020-04-30,2020
388171,2578,371,2020-04-30,2020
45671,873,29,2020-03-05,2020
58150,6992,61825,2020-02-29,2020
130756,512,41231,2020-02-24,2020
130756,1005,512,2020-02-21,2020
267396,121,11127,2020-02-21,2020
301037,3719,41201,2020-02-21,2020
448981,232,2696,2020-02-21,2020
348425,121,41201,2020-02-20,2020
95707,6992,2477,2020-02-18,2020
126360,2832,3729,2020-02-18,2020
315236,23611,2477,2020-02-18,2020
89086,964,41231,2020-02-17,2020
107803,10690,48726,2020-02-08,2020
231724,41231,41201,2020-02-03,2020
177350,41231,2696,2020-02-02,2020
283223,940,683,2020-02-01,2020
33781,1032,3426,2020-01-31,2020
48870,29,1110,2020-01-31,2020
52059,36,38,2020-01-31,2020
56100,1237,1071,2020-01-31,2020
63489,897,80,2020-01-31,2020
71830,7179,1075,2020-01-31,2020
73734,12,273,2020-01-31,2020
99352,681,40,2020-01-31,2020
110366,472,2441,2020-01-31,2020
112988,180,11,2020-01-31,2020
119296,506,16,2020-01-31,2020
120070,465,903,2020-01-31,2020
124560,46,607,2020-01-31,2020
126673,1082,252,2020-01-31,2020
126687,430,276,2020-01-31,2020
146752,1038,130,2020-01-31,2020
157507,417,800,2020-01-31,2020
178459,44,86,2020-01-31,2020
184894,6574,430,2020-01-31,2020
197751,1390,2722,2020-01-31,2020
198006,2420,1533,2020-01-31,2020
198116,46,276,2020-01-31,2020
199258,6195,2722,2020-01-31,2020
203608,2441,6676,2020-01-31,2020
207006,533,499,2020-01-31,2020
230552,416,5,2020-01-31,2020
237162,3,105,2020-01-31,2020
238585,2288,289,2020-01-31,2020
238809,1110,10484,2020-01-31,2020
243633,28643,3336,2020-01-31,2020
257980,499,1435,2020-01-31,2020
260806,1110,1416,2020-01-31,2020
264116,383,1390,2020-01-31,2020
268179,12,1210,2020-01-31,2020
272636,618,641,2020-01-31,2020
277179,281,23826,2020-01-31,2020
282076,1184,124,2020-01-31,2020
282734,338,868,2020-01-31,2020
283223,141,940,2020-01-31,2020
287579,276,430,2020-01-31,2020
287579,430,276,2020-01-31,2020
292808,1421,2861,2020-01-31,2020
293279,3426,1177,2020-01-31,2020
293281,16,533,2020-01-31,2020
295955,10484,6,2020-01-31,2020
296356,273,1420,2020-01-31,2020
302991,3368,3709,2020-01-31,2020
310458,19,6574,2020-01-31,2020
314875,3008,379,2020-01-31,2020
322293,86,65,2020-01-31,2020
324351,15,350,2020-01-31,2020
329723,162,16795,2020-01-31,2020
334495,157,2727,2020-01-31,2020
337725,252,430,2020-01-31,2020
345061,1075,2448,2020-01-31,2020
355104,130,2919,2020-01-31,2020
361081,44,202,2020-01-31,2020
364240,131,417,2020-01-31,2020
380350,2722,430,2020-01-31,2020
381950,58,5,2020-01-31,2020
387160,3725,868,2020-01-31,2020
393371,36,924,2020-01-31,2020
435808,1245,172,2020-01-31,2020
443726,987,3008,2020-01-31,2020
517894,23826,44,2020-01-31,2020
524590,865,1177,2020-01-31,2020
537382,368,1244,2020-01-31,2020
545332,1053,190,2020-01-31,2020
564545,2420,15,2020-01-31,2020
50355,932,940,2020-01-30,2020
73734,141,12,2020-01-30,2020
86784,5,383,2020-01-30,2020
124560,897,46,2020-01-30,2020
130365,12,1049,2020-01-30,2020
172202,499,1426,2020-01-30,2020
199258,2722,6195,2020-01-30,2020
256977,683,543,2020-01-30,2020
273669,2999,3948,2020-01-30,2020
282810,131,12,2020-01-30,2020
292808,2861,1421,2020-01-30,2020
303657,46,130,2020-01-30,2020
327757,5,44,2020-01-30,2020
333014,1184,350,2020-01-30,2020
341049,148,1031,2020-01-30,2020
355104,2921,130,2020-01-30,2020
357992,40,800,2020-01-30,2020
364603,1244,331,2020-01-30,2020
387234,430,749,2020-01-30,2020
388581,3329,2457,2020-01-30,2020
398163,1531,12,2020-01-30,2020
480975,924,36,2020-01-30,2020
77966,114,234,2020-01-29,2020
85969,18105,48726,2020-01-29,2020
88721,82,39,2020-01-29,2020
111961,5,368,2020-01-29,2020
129513,39,2832,2020-01-29,2020
172202,1269,499,2020-01-29,2020
178219,1268,132,2020-01-29,2020
184816,1075,683,2020-01-29,2020
240306,336,985,2020-01-29,2020
284165,383,148,2020-01-29,2020
295780,683,4603,2020-01-29,2020
303657,252,46,2020-01-29,2020
306166,667,703,2020-01-29,2020
331498,162,5358,2020-01-29,2020
341051,148,180,2020-01-29,2020
377641,2420,2425,2020-01-29,2020
413112,40,162,2020-01-29,2020
464259,2696,232,2020-01-29,2020
569598,667,162,2020-01-29,2020
44726,173,5817,2020-01-28,2020
69633,148,46,2020-01-28,2020
142924,29228,157,2020-01-28,2020
165895,46,6195,2020-01-28,2020
263546,6890,6646,2020-01-28,2020
272261,410,1005,2020-01-28,2020
287579,2282,276,2020-01-28,2020
290801,2451,2578,2020-01-28,2020
295780,169,683,2020-01-28,2020
331498,520,162,2020-01-28,2020
353948,44,1041,2020-01-28,2020
396516,410,1416,2020-01-28,2020
536475,583,3057,2020-01-28,2020
182891,58,1184,2020-01-27,2020
237436,173,5724,2020-01-27,2020
287579,276,2282,2020-01-27,2020
353948,1041,44,2020-01-27,2020
187860,2457,2832,2020-01-25,2020
251896,418,16795,2020-01-25,2020
132207,2578,370,2020-01-24,2020
186186,603,931,2020-01-24,2020
186368,46,762,2020-01-24,2020
201248,498,10484,2020-01-24,2020
247377,416,2722,2020-01-24,2020
251896,543,418,2020-01-24,2020
263546,126,6890,2020-01-24,2020
375659,23611,18105,2020-01-24,2020
498899,2740,48726,2020-01-24,2020
567023,2700,28095,2020-01-24,2020
59866,631,46,2020-01-23,2020
111347,6195,1038,2020-01-23,2020
186186,931,603,2020-01-23,2020
204201,141,3205,2020-01-23,2020
288318,367,714,2020-01-23,2020
314137,371,1184,2020-01-23,2020
333098,441,653,2020-01-23,2020
384060,1041,738,2020-01-23,2020
59866,36,631,2020-01-22,2020
88909,252,1005,2020-01-22,2020
182573,234,265,2020-01-22,2020
276002,42,235,2020-01-22,2020
277777,660,16239,2020-01-22,2020
280730,418,27,2020-01-22,2020
309393,1304,800,2020-01-22,2020
369424,903,2759,2020-01-22,2020
384060,738,1041,2020-01-22,2020
128909,703,350,2020-01-21,2020
203854,660,126,2020-01-21,2020
245537,33,762,2020-01-21,2020
296366,2477,16239,2020-01-21,2020
358008,6195,2239,2020-01-21,2020
392717,89,520,2020-01-21,2020
394346,1025,862,2020-01-21,2020
102423,3709,714,2020-01-20,2020
167556,660,2740,2020-01-20,2020
182201,1184,405,2020-01-20,2020
186704,2288,200,2020-01-20,2020
196524,252,589,2020-01-20,2020
251345,80,403,2020-01-20,2020
257732,276,6195,2020-01-20,2020
257732,6195,276,2020-01-20,2020
376675,1435,235,2020-01-20,2020
381968,520,3057,2020-01-20,2020
394346,862,1025,2020-01-20,2020
456292,1063,1148,2020-01-20,2020
339332,610,317,2020-01-18,2020
537127,1160,3558,2020-01-18,2020
14086,985,46,2020-01-17,2020
73794,1038,800,2020-01-17,2020
85352,82,89,2020-01-17,2020
88374,10484,589,2020-01-17,2020
129586,995,172,2020-01-17,2020
193867,276,749,2020-01-17,2020
199470,20,11688,2020-01-17,2020
342472,252,903,2020-01-17,2020
387928,1465,60551,2020-01-17,2020
416479,683,3268,2020-01-17,2020
455181,418,367,2020-01-17,2020
462141,2441,553,2020-01-17,2020
73794,800,1038,2020-01-16,2020
151213,2578,511,2020-01-16,2020
152651,1110,931,2020-01-16,2020
341272,368,237,2020-01-16,2020
342472,520,252,2020-01-16,2020
433049,1244,368,2020-01-16,2020
454863,862,252,2020-01-16,2020
455181,366,418,2020-01-16,2020
462141,60949,2441,2020-01-16,2020
559794,148,1039,2020-01-16,2020
576022,10690,48332,2020-01-16,2020
51321,641,379,2020-01-15,2020
184440,11282,20,2020-01-15,2020
192735,940,6195,2020-01-15,2020
337800,294,148,2020-01-15,2020
382535,3609,3725,2020-01-15,2020
605184,131,33,2020-01-15,2020
61989,42,533,2020-01-14,2020
79045,383,200,2020-01-14,2020
259881,3725,2441,2020-01-14,2020
330871,6890,3840,2020-01-14,2020
361254,543,5358,2020-01-14,2020
403898,18,41,2020-01-14,2020
404839,366,418,2020-01-14,2020
7825,5,405,2020-01-13,2020
33873,989,5,2020-01-13,2020
48859,368,5,2020-01-13,2020
82863,533,1123,2020-01-13,2020
92567,16239,48332,2020-01-13,2020
110668,399,1268,2020-01-13,2020
251680,331,12321,2020-01-13,2020
298197,1108,3302,2020-01-13,2020
327126,366,265,2020-01-13,2020
361254,703,543,2020-01-13,2020
371814,31,79,2020-01-13,2020
387143,798,10484,2020-01-13,2020
415912,11,4,2020-01-13,2020
48859,800,368,2020-01-12,2020
84435,533,86,2020-01-12,2020
197470,5,800,2020-01-12,2020
232418,44,1123,2020-01-12,2020
82070,23826,6195,2020-01-11,2020
45671,29,873,2020-01-10,2020
153754,2944,3840,2020-01-10,2020
235931,1390,1005,2020-01-10,2020
265078,543,430,2020-01-10,2020
344519,720,7378,2020-01-10,2020
358177,720,142,2020-01-10,2020
365261,121,49702,2020-01-10,2020
392757,631,2288,2020-01-10,2020
162038,294,714,2020-01-09,2020
168471,3057,995,2020-01-09,2020
293829,41201,1083,2020-01-09,2020
323379,417,3329,2020-01-09,2020
358177,2420,720,2020-01-09,2020
399543,1421,40,2020-01-09,2020
277635,1082,1095,2020-01-08,2020
386786,3,79,2020-01-08,2020
450790,2995,3325,2020-01-08,2020
149716,543,931,2020-01-07,2020
220650,11127,3725,2020-01-07,2020
277635,520,1082,2020-01-07,2020
281917,16704,121,2020-01-07,2020
321146,49364,6992,2020-01-07,2020
511802,1123,475,2020-01-07,2020
48634,41231,589,2020-01-06,2020
99863,10690,16239,2020-01-06,2020
149716,931,543,2020-01-06,2020
280575,82,3,2020-01-06,2020
311438,443,369,2020-01-06,2020
342389,1237,865,2020-01-06,2020
70754,338,126,2020-01-05,2020
166683,157,14589,2020-01-05,2020
342389,306,1237,2020-01-05,2020
88683,1025,252,2020-01-04,2020
211325,512,449,2020-01-04,2020
93827,33,38,2020-01-03,2020
112935,33,3,2020-01-03,2020
137313,2425,3336,2020-01-03,2020
146468,3691,49702,2020-01-03,2020
258916,29,1071,2020-01-03,2020
314288,281,641,2020-01-03,2020
450417,157,347,2020-01-03,2020
465606,468,1148,2020-01-03,2020
491960,41201,338,2020-01-03,2020
110668,289,399,2020-01-02,2020
110923,506,252,2020-01-02,2020
170472,1010,16795,2020-01-02,2020
314288,82,281,2020-01-02,2020
320271,1049,331,2020-01-02,2020
340324,399,11,2020-01-02,2020
341049,512,148,2020-01-02,2020
431755,800,506,2020-01-02,2020
431755,506,130,2020-01-02,2020
460939,1090,235,2020-01-02,2020
522030,1186,2698,2020-01-02,2020
120205,167,33,2020-01-01,2020
177866,385,468,2020-01-01,2020
185427,89,105,2020-01-01,2020
196792,16,294,2020-01-01,2020
208167,1038,38,2020-01-01,2020
253664,22110,369,2020-01-01,2020
273663,18105,60551,2020-01-01,2020
275956,1096,968,2020-01-01,2020
284854,131,150,2020-01-01,2020
317593,200,468,2020-01-01,2020
318426,16704,2698,2020-01-01,2020
320271,383,1049,2020-01-01,2020
343749,2696,49702,2020-01-01,2020
370399,338,23611,2020-01-01,2020
419576,2760,1039,2020-01-01,2020
431755,130,800,2020-01-01,2020
559794,399,148,2020-01-01,2020
137313,29228,2425,2019-12-31,2019
140803,3057,995,2019-12-31,2019
208167,38,1038,2019-12-31,2019
232964,865,1148,2019-12-31,2019
288721,2698,16704,2019-12-31,2019
311438,1177,443,2019-12-31,2019
316945,26459,48726,2019-12-31,2019
335461,2995,543,2019-12-31,2019
366729,10690,338,2019-12-31,2019
371814,79,31,2019-12-31,2019
402604,14589,121,2019-12-31,2019
495488,19657,5817,2019-12-31,2019
526578,6993,660,2019-12-31,2019
344588,903,124,2019-12-27,2019
408471,714,142,2019-11-16,2019
569389,162,750,2019-09-17,2019
182682,683,2671,2019-09-09,2019
79642,1084,5358,2019-09-04,2019
332889,995,244,2019-09-03,2019
683840,131,472,2019-09-03,2019
39152,162,141,2019-09-02,2019
48859,368,800,2019-09-02,2019
54906,985,130,2019-09-02,2019
55735,11,12,2019-09-02,2019
56490,19771,7775,2019-09-02,2019
60542,12,16795,2019-09-02,2019
68863,46,583,2019-09-02,2019
79422,418,583,2019-09-02,2019
83560,6890,2832,2019-09-02,2019
93844,533,86,2019-09-02,2019
105506,41231,41201,2019-09-02,2019
105695,124,2578,2019-09-02,2019
110292,1096,354,2019-09-02,2019
110668,399,289,2019-09-02,2019
118287,1003,430,2019-09-02,2019
120629,583,418,2019-09-02,2019
124902,6574,1005,2019-09-02,2019
125783,3368,667,2019-09-02,2019
126751,237,472,2019-09-02,2019
127142,667,273,2019-09-02,2019
129679,3368,5358,2019-09-02,2019
130360,6195,416,2019-09-02,2019
131275,12321,2687,2019-09-02,2019
137179,11127,1124,2019-09-02,2019
138285,2457,2990,2019-09-02,2019
144583,964,28095,2019-09-02,2019
146889,190,252,2019-09-02,2019
148396,336,114,2019-09-02,2019
149928,8024,1085,2019-09-02,2019
160438,11,114,2019-09-02,2019
166677,2687,12321,2019-09-02,2019
170620,499,964,2019-09-02,2019
170934,180,141,2019-09-02,2019
173750,3008,499,2019-09-02,2019
182409,41231,2741,2019-09-02,2019
185077,533,60,2019-09-02,2019
187587,24,5,2019-09-02,2019
193033,60,2036,2019-09-02,2019
193900,16,44,2019-09-02,2019
198008,5,24,2019-09-02,2019
204176,39722,141,2019-09-02,2019
206947,681,1244,2019-09-02,2019
207834,12321,368,2019-09-02,2019
221285,6890,2832,2019-09-02,2019
224884,631,237,2019-09-02,2019
226074,5,306,2019-09-02,2019
232964,1148,865,2019-09-02,2019
242086,12,23826,2019-09-02,2019
242940,6574,252,2019-09-02,2019
249303,940,4795,2019-09-02,2019
249952,41,6890,2019-09-02,2019
250543,1184,28643,2019-09-02,2019
261504,281,29228,2019-09-02,2019
263860,1049,3709,2019-09-02,2019
264137,157,498,2019-09-02,2019
273669,3948,2999,2019-09-02,2019
279457,31,124,2019-09-02,2019
281404,631,3709,2019-09-02,2019
288225,855,995,2019-09-02,2019
288721,16704,2698,2019-09-02,2019
311178,6676,6574,2019-09-02,2019
316945,48726,26459,2019-09-02,2019
322702,1184,1096,2019-09-02,2019
330871,20,6890,2019-09-02,2019
335209,430,678,2019-09-02,2019
343537,865,5817,2019-09-02,2019
344864,826,3911,2019-09-02,2019
358025,2282,3524,2019-09-02,2019
362562,2553,371,2019-09-02,2019
362667,610,2457,2019-09-02,2019
366045,347,1147,2019-09-02,2019
367466,336,1049,2019-09-02,2019
379634,16704,41201,2019-09-02,2019
381963,467,403,2019-09-02,2019
388171,371,2578,2019-09-02,2019
396333,13,897,2019-09-02,2019
411295,336,273,2019-09-02,2019
419576,1039,2760,2019-09-02,2019
430190,1096,2477,2019-09-02,2019
433257,703,3302,2019-09-02,2019
439914,82,1426,2019-09-02,2019
449721,1083,2698,2019-09-02,2019
456292,1148,1063,2019-09-02,2019
457743,41201,3719,2019-09-02,2019
480975,36,924,2019-09-02,2019
502289,498,157,2019-09-02,2019
597087,1301,1465,2019-09-02,2019
683840,472,131,2019-09-02,2019
126751,472,237,2019-09-01,2019
176485,631,2425,2019-09-01,2019
207302,368,583,2019-09-01,2019
226074,3057,5,2019-09-01,2019
226958,703,6418,2019-09-01,2019
230457,336,683,2019-09-01,2019
281552,232,41201,2019-09-01,2019
288721,2698,16704,2019-09-01,2019
335209,749,430,2019-09-01,2019
579930,273,1158,2019-09-01,2019
107266,5817,369,2019-08-31,2019
130756,512,1005,2019-08-31,2019
182618,631,162,2019-08-31,2019
230552,5,416,2019-08-31,2019
242668,265,653,2019-08-31,2019
286533,265,2671,2019-08-31,2019
355104,130,2921,2019-08-31,2019
358165,720,964,2019-08-31,2019
371141,583,417,2019-08-31,2019
459661,252,276,2019-08-31,2019
504503,7179,2990,2019-08-31,2019
58855,6646,820,2019-08-30,2019
75458,12,1390,2019-08-30,2019
103427,985,12,2019-08-30,2019
111432,370,2578,2019-08-30,2019
163222,12,6574,2019-08-30,2019
186644,180,371,2019-08-30,2019
237641,1091,4603,2019-08-30,2019
250464,1269,235,2019-08-30,2019
257987,234,403,2019-08-30,2019
265569,162,40,2019-08-30,2019
271256,294,2969,2019-08-30,2019
281755,3709,2687,2019-08-30,2019
282388,430,1390,2019-08-30,2019
340459,610,1090,2019-08-30,2019
341227,131,33,2019-08-30,2019
341317,984,1108,2019-08-30,2019
341680,683,3060,2019-08-30,2019
358504,202,383,2019-08-30,2019
400485,6195,417,2019-08-30,2019
408574,724,306,2019-08-30,2019
410183,1465,8024,2019-08-30,2019
459661,46,252,2019-08-30,2019
467623,162,520,2019-08-30,2019
40433,985,46,2019-08-29,2019
66953,19789,11688,2019-08-29,2019
74641,36,16795,2019-08-29,2019
124555,430,46,2019-08-29,2019
126516,3368,367,2019-08-29,2019
159079,19789,820,2019-08-29,2019
243225,749,206,2019-08-29,2019
243633,405,28643,2019-08-29,2019
283196,610,417,2019-08-29,2019
384593,1158,417,2019-08-29,2019
400546,3,79,2019-08-29,2019
536477,583,162,2019-08-29,2019
85291,6890,1467,2019-08-28,2019
187291,642,133,2019-08-28,2019
249271,1083,1245,2019-08-28,2019
278343,82,167,2019-08-28,2019
121686,371,80,2019-08-27,2019
149729,46,932,2019-08-27,2019
311438,443,1177,2019-08-27,2019
336960,410,130,2019-08-27,2019
340394,1110,127,2019-08-27,2019
381348,40,605,2019-08-27,2019
396847,157,403,2019-08-27,2019
526578,660,6993,2019-08-27,2019
56331,336,24,2019-08-26,2019
251079,20,738,2019-08-26,2019
332179,800,276,2019-08-26,2019
383654,2420,3325,2019-08-26,2019
459463,1010,237,2019-08-26,2019
526578,6993,660,2019-08-26,2019
249730,1108,162,2019-08-24,2019
261095,2722,862,2019-08-24,2019
326701,383,200,2019-08-24,2019
139341,58,5358,2019-08-23,2019
225004,40,3302,2019-08-23,2019
244940,3,269,2019-08-23,2019
245072,410,29228,2019-08-23,2019
258027,27,1082,2019-08-23,2019
316889,383,6195,2019-08-23,2019
342389,1237,306,2019-08-23,2019
369319,234,235,2019-08-23,2019
52570,180,371,2019-08-22,2019
58855,820,6646,2019-08-22,2019
63487,1184,1148,2019-08-22,2019
129092,499,1053,2019-08-22,2019
272706,58,35,2019-08-22,2019
272855,865,1184,2019-08-22,2019
287579,2282,276,2019-08-22,2019
372535,964,28095,2019-08-22,2019
405398,418,237,2019-08-22,2019
441986,3,192,2019-08-22,2019
492955,29228,855,2019-08-22,2019
647950,141,3302,2019-08-22,2019
42735,58,157,2019-08-21,2019
147846,114,415,2019-08-21,2019
173859,631,12,2019-08-21,2019
174915,1003,162,2019-08-21,2019
193098,367,150,2019-08-21,2019
372535,28095,964,2019-08-21,2019
386552,1420,520,2019-08-21,2019
402604,121,14589,2019-08-21,2019
441986,269,3,2019-08-21,2019
447221,33,2969,2019-08-21,2019
454863,252,862,2019-08-21,2019
468036,265,169,2019-08-21,2019
600041,1005,458,2019-08-21,2019
126557,1162,826,2019-08-20,2019
206386,15,167,2019-08-20,2019
235108,383,1268,2019-08-20,2019
391376,290,1160,2019-08-20,2019
404848,660,6993,2019-08-20,2019
420884,683,1147,2019-08-20,2019
80444,131,27,2019-08-19,2019
147043,36,4,2019-08-19,2019
163568,2722,2969,2019-08-19,2019
238993,410,3522,2019-08-19,2019
258267,1082,601,2019-08-19,2019
276002,234,42,2019-08-19,2019
346567,506,1390,2019-08-19,2019
481117,200,132,2019-08-19,2019
45146,244,19,2019-08-18,2019
165012,39,1084,2019-08-18,2019
24202,1085,24245,2019-08-16,2019
73734,12,141,2019-08-16,2019
124560,46,897,2019-08-16,2019
191987,449,234,2019-08-16,2019
226450,42,1053,2019-08-16,2019
391498,820,12,2019-08-16,2019
59136,9007,61825,2019-08-15,2019
189070,1032,833,2019-08-15,2019
258364,234,317,2019-08-15,2019
263546,6890,126,2019-08-15,2019
274862,3368,995,2019-08-15,2019
358143,720,1244,2019-08-15,2019
375391,2288,202,2019-08-15,2019
598629,18105,2420,2019-08-15,2019
146854,368,162,2019-08-14,2019
172202,499,1269,2019-08-14,2019
174694,162,368,2019-08-14,2019
216464,368,16795,2019-08-14,2019
229604,681,969,2019-08-14,2019
258475,3325,3302,2019-08-14,2019
268670,1244,12321,2019-08-14,2019
270055,2457,6912,2019-08-14,2019
278359,714,150,2019-08-14,2019
284732,273,18,2019-08-14,2019
285322,1084,2282,2019-08-14,2019
294791,172,1095,2019-08-14,2019
326300,1420,1041,2019-08-14,2019
420189,202,467,2019-08-14,2019
42460,46,27,2019-08-13,2019
65318,1050,1049,2019-08-13,2019
70245,3709,12321,2019-08-13,2019
131708,631,1244,2019-08-13,2019
146310,475,79,2019-08-13,2019
205809,4083,8970,2019-08-13,2019
339707,410,5358,2019-08-13,2019
341549,20,738,2019-08-13,2019
344588,124,903,2019-08-13,2019
404839,418,366,2019-08-13,2019
14044,641,31,2019-08-12,2019
85295,347,3302,2019-08-12,2019
90681,281,1049,2019-08-12,2019
188338,964,932,2019-08-12,2019
191987,1082,449,2019-08-12,2019
192638,800,8970,2019-08-12,2019
242532,3709,331,2019-08-12,2019
323954,42,410,2019-08-12,2019
342226,162,3911,2019-08-12,2019
366930,16,5358,2019-08-12,2019
553875,281,366,2019-08-12,2019
43512,16,86,2019-08-11,2019
59631,162,58,2019-08-11,2019
52059,1110,36,2019-08-10,2019
235275,2282,354,2019-08-10,2019
34784,610,252,2019-08-09,2019
40478,36,121,2019-08-09,2019
63491,24245,3999,2019-08-09,2019
143891,16,121,2019-08-09,2019
236537,720,2381,2019-08-09,2019
357884,366,714,2019-08-09,2019
379842,3609,1083,2019-08-09,2019
381968,3057,520,2019-08-09,2019
447052,621,897,2019-08-09,2019
45333,29,873,2019-08-08,2019
70114,964,41231,2019-08-08,2019
96341,985,46,2019-08-08,2019
129588,1038,1003,2019-08-08,2019
181410,276,749,2019-08-08,2019
184528,1416,762,2019-08-08,2019
186186,603,931,2019-08-08,2019
226973,180,931,2019-08-08,2019
242631,11,29,2019-08-08,2019
263236,167,180,2019-08-08,2019
263801,533,38,2019-08-08,2019
282028,583,172,2019-08-08,2019
288259,354,350,2019-08-08,2019
295313,31,39,2019-08-08,2019
300716,371,11,2019-08-08,2019
324223,405,1031,2019-08-08,2019
340324,11,399,2019-08-08,2019
341049,148,512,2019-08-08,2019
348756,1071,3008,2019-08-08,2019
348795,150,148,2019-08-08,2019
392775,931,148,2019-08-08,2019
410225,273,1010,2019-08-08,2019
415642,3,403,2019-08-08,2019
417575,1049,3329,2019-08-08,2019
460688,7160,24245,2019-08-08,2019
553875,12321,281,2019-08-08,2019
18940,172,1162,2019-08-07,2019
45672,583,24,2019-08-07,2019
67063,11,1010,2019-08-07,2019
88909,430,252,2019-08-07,2019
145707,281,506,2019-08-07,2019
161869,162,29,2019-08-07,2019
180843,202,403,2019-08-07,2019
182712,506,281,2019-08-07,2019
191056,1162,703,2019-08-07,2019
205006,12,234,2019-08-07,2019
208690,46,1032,2019-08-07,2019
241324,833,1268,2019-08-07,2019
288253,234,39,2019-08-07,2019
293661,589,39722,2019-08-07,2019
310458,6574,19,2019-08-07,2019
335461,543,2995,2019-08-07,2019
371814,31,79,2019-08-07,2019
391005,190,1148,2019-08-07,2019
55742,989,931,2019-08-06,2019
70411,252,276,2019-08-06,2019
141350,399,58,2019-08-06,2019
146714,273,167,2019-08-06,2019
203746,969,162,2019-08-06,2019
279455,31,989,2019-08-06,2019
335461,1465,543,2019-08-06,2019
338629,58,3,2019-08-06,2019
386726,449,1082,2019-08-06,2019
454121,720,1075,2019-08-06,2019
546213,24,601,2019-08-06,2019
40633,398,430,2019-08-05,2019
45858,964,41231,2019-08-05,2019
50219,31,2282,2019-08-05,2019
71271,379,31,2019-08-05,2019
125868,873,1095,2019-08-05,2019
177907,1003,985,2019-08-05,2019
205116,2503,3060,2019-08-05,2019
213980,660,6993,2019-08-05,2019
217115,1148,1237,2019-08-05,2019
372267,1090,232,2019-08-05,2019
413039,1095,1148,2019-08-05,2019
413262,1050,5358,2019-08-05,2019
224672,16795,1283,2019-08-04,2019
238407,873,449,2019-08-04,2019
351816,749,5,2019-08-04,2019
364135,506,29,2019-08-04,2019
90959,2944,11282,2019-08-03,2019
131658,3329,4294,2019-08-03,2019
182916,2969,415,2019-08-03,2019
216662,3205,36,2019-08-03,2019
314288,281,82,2019-08-03,2019
366729,338,10690,2019-08-03,2019
375719,36,3205,2019-08-03,2019
565232,2425,8024,2019-08-03,2019
126360,964,2832,2019-08-02,2019
146258,24,762,2019-08-02,2019
186704,1304,2288,2019-08-02,2019
199316,2293,2375,2019-08-02,2019
263804,142,190,2019-08-02,2019
272642,417,762,2019-08-02,2019
298477,2288,350,2019-08-02,2019
314295,379,167,2019-08-02,2019
323704,131,964,2019-08-02,2019
334222,416,1032,2019-08-02,2019
410436,399,1132,2019-08-02,2019
415646,398,543,2019-08-02,2019
487465,398,543,2019-08-02,2019
28356,855,995,2019-08-01,2019
34130,1132,405,2019-08-01,2019
137326,1245,58,2019-08-01,2019
178313,162,618,2019-08-01,2019
238947,12,3522,2019-08-01,2019
283223,940,141,2019-08-01,2019
298975,6574,430,2019-08-01,2019
303259,1010,44,2019-08-01,2019
324882,2282,405,2019-08-01,2019
343052,1082,11,2019-08-01,2019
354259,2375,2832,2019-08-01,2019
355861,2282,989,2019-08-01,2019
357164,1082,5,2019-08-01,2019
401923,172,1082,2019-08-01,2019
56523,200,1268,2019-07-31,2019
344393,336,237,2019-07-31,2019
345654,281,7378,2019-07-31,2019
495488,5817,19657,2019-07-31,2019
79642,1003,1084,2019-07-30,2019
126665,29,583,2019-07-30,2019
152733,23,11282,2019-07-30,2019
214238,2410,2696,2019-07-30,2019
232454,533,15,2019-07-30,2019
265078,5,543,2019-07-30,2019
361254,543,703,2019-07-30,2019
392966,800,2239,2019-07-30,2019
411287,533,200,2019-07-30,2019
424072,3524,1420,2019-07-30,2019
270393,190,533,2019-07-29,2019
290587,969,3,2019-07-29,2019
298976,418,3368,2019-07-29,2019
320411,1110,989,2019-07-29,2019
341516,3336,6890,2019-07-29,2019
388266,2420,833,2019-07-29,2019
211251,410,16795,2019-07-28,2019
44466,16,24,2019-07-27,2019
127188,995,3524,2019-07-27,2019
251896,418,543,2019-07-27,2019
340853,418,366,2019-07-27,2019
38607,6574,2722,2019-07-26,2019
113235,2696,14589,2019-07-26,2019
113707,618,16704,2019-07-26,2019
218087,703,350,2019-07-26,2019
238626,1159,1158,2019-07-26,2019
289648,1184,354,2019-07-26,2019
292837,232,3729,2019-07-26,2019
328480,3368,7179,2019-07-26,2019
354361,931,1050,2019-07-26,2019
375659,2477,23611,2019-07-26,2019
378293,281,16795,2019-07-26,2019
487688,418,142,2019-07-26,2019
495666,11,618,2019-07-26,2019
52281,19771,2832,2019-07-25,2019
63342,2288,234,2019-07-25,2019
108354,2288,873,2019-07-25,2019
241119,244,121,2019-07-25,2019
319745,418,11,2019-07-25,2019
325443,1237,35,2019-07-25,2019
392516,458,1005,2019-07-25,2019
406040,29,23826,2019-07-25,2019
447661,281,405,2019-07-25,2019
487688,142,418,2019-07-25,2019
495666,618,11,2019-07-25,2019
606849,618,1159,2019-07-25,2019
64246,157,354,2019-07-24,2019
98131,19771,833,2019-07-24,2019
101213,379,6574,2019-07-24,2019
111508,984,3709,2019-07-24,2019
120262,16239,48726,2019-07-24,2019
212804,3508,1095,2019-07-24,2019
234189,10484,405,2019-07-24,2019
234733,1091,653,2019-07-24,2019
255461,458,8970,2019-07-24,2019
316945,2740,48726,2019-07-24,2019
349107,55686,48726,2019-07-24,2019
353584,4482,26459,2019-07-24,2019
357163,1465,979,2019-07-24,2019
400489,36,6195,2019-07-24,2019
410854,467,133,2019-07-24,2019
432982,2778,1025,2019-07-24,2019
433584,6195,1429,2019-07-24,2019
90583,1110,157,2019-07-23,2019
189744,162,1158,2019-07-23,2019
203496,1041,150,2019-07-23,2019
317482,6195,1390,2019-07-23,2019
333241,533,762,2019-07-23,2019
342472,252,520,2019-07-23,2019
432772,162,3911,2019-07-23,2019
95641,150,331,2019-07-22,2019
104223,180,1090,2019-07-22,2019
111036,2969,995,2019-07-22,2019
136610,855,2832,2019-07-22,2019
189151,1091,868,2019-07-22,2019
318528,855,18,2019-07-22,2019
358177,720,2420,2019-07-22,2019
396530,9007,2477,2019-07-22,2019
182711,336,2425,2019-07-21,2019
291422,989,350,2019-07-21,2019
343492,60551,48332,2019-07-21,2019
72768,1123,2441,2019-07-20,2019
164771,430,12,2019-07-20,2019
361256,36,968,2019-07-20,2019
450218,498,1245,2019-07-20,2019
525287,6195,294,2019-07-20,2019
91469,865,2778,2019-07-19,2019
115763,252,276,2019-07-19,2019
137313,2425,29228,2019-07-19,2019
159908,20,10484,2019-07-19,2019
203966,398,380,2019-07-19,2019
277118,281,2448,2019-07-19,2019
343959,2282,2414,2019-07-19,2019
362570,964,41231,2019-07-19,2019
422377,157,28643,2019-07-19,2019
131506,399,12321,2019-07-18,2019
146799,458,749,2019-07-18,2019
175449,2448,1050,2019-07-18,2019
203412,800,130,2019-07-18,2019
204189,20,141,2019-07-18,2019
232093,1083,232,2019-07-18,2019
281769,714,13,2019-07-18,2019
284857,131,3709,2019-07-18,2019
326031,610,506,2019-07-18,2019
344381,583,23826,2019-07-18,2019
367284,1237,35,2019-07-18,2019
389837,276,607,2019-07-18,2019
431755,800,130,2019-07-18,2019
84301,273,1082,2019-07-17,2019
95810,148,13,2019-07-17,2019
157373,443,10690,2019-07-17,2019
181375,24,379,2019-07-17,2019
227199,49364,26459,2019-07-17,2019
240349,398,380,2019-07-17,2019
256448,800,12,2019-07-17,2019
286047,607,1390,2019-07-17,2019
318508,417,383,2019-07-17,2019
324804,46,130,2019-07-17,2019
333355,3725,157,2019-07-17,2019
340460,281,58,2019-07-17,2019
393804,398,380,2019-07-17,2019
395083,46,6574,2019-07-17,2019
64352,610,499,2019-07-16,2019
82130,114,19789,2019-07-16,2019
186848,368,317,2019-07-16,2019
193469,1421,405,2019-07-16,2019
207877,1184,800,2019-07-16,2019
284857,1533,131,2019-07-16,2019
318523,417,3911,2019-07-16,2019
353365,855,995,2019-07-16,2019
356197,1050,150,2019-07-16,2019
393804,862,398,2019-07-16,2019
81999,762,1108,2019-07-15,2019
127181,969,162,2019-07-15,2019
196158,467,6646,2019-07-15,2019
214775,720,368,2019-07-15,2019
258482,800,276,2019-07-15,2019
297645,6574,3522,2019-07-15,2019
331498,162,520,2019-07-15,2019
340339,1049,940,2019-07-15,2019
353252,2671,16239,2019-07-15,2019
357003,6574,3522,2019-07-15,2019
394300,6574,749,2019-07-15,2019
125781,13,131,2019-07-14,2019
257376,336,16795,2019-07-14,2019
396894,940,1049,2019-07-14,2019
84765,749,6574,2019-07-13,2019
85240,3522,2919,2019-07-13,2019
149716,543,931,2019-07-13,2019
198067,1025,124,2019-07-13,2019
205023,475,798,2019-07-13,2019
303657,46,252,2019-07-13,2019
355915,506,252,2019-07-13,2019
506248,897,1533,2019-07-13,2019
48634,6890,41231,2019-07-12,2019
51174,141,368,2019-07-12,2019
59248,19771,3205,2019-07-12,2019
79194,724,133,2019-07-12,2019
112822,855,190,2019-07-12,2019
130394,252,1005,2019-07-12,2019
167798,940,2861,2019-07-12,2019
181768,964,130,2019-07-12,2019
216443,82,499,2019-07-12,2019
242661,683,3999,2019-07-12,2019
255942,1390,46,2019-07-12,2019
260827,1038,1041,2019-07-12,2019
303657,252,46,2019-07-12,2019
331401,2722,398,2019-07-12,2019
334441,49702,14589,2019-07-12,2019
338635,58,235,2019-07-12,2019
355915,252,506,2019-07-12,2019
391065,749,6574,2019-07-12,2019
57723,12,720,2019-07-11,2019
59290,53646,55686,2019-07-11,2019
93177,121,3714,2019-07-11,2019
129674,16,6574,2019-07-11,2019
131758,190,19,2019-07-11,2019
168166,475,28643,2019-07-11,2019
170838,749,11282,2019-07-11,2019
191391,20,10484,2019-07-11,2019
256013,7378,3325,2019-07-11,2019
277635,1082,520,2019-07-11,2019
358250,1184,940,2019-07-11,2019
375719,24245,36,2019-07-11,2019
413403,1148,405,2019-07-11,2019
169927,3205,2381,2019-07-10,2019
200188,1387,607,2019-07-10,2019
216375,1025,3057,2019-07-10,2019
221624,281,38,2019-07-10,2019
262389,1049,385,2019-07-10,2019
286415,150,12,2019-07-10,2019
308541,1083,3719,2019-07-10,2019
319859,940,1148,2019-07-10,2019
323713,475,1096,2019-07-10,2019
324806,855,750,2019-07-10,2019
336077,868,36,2019-07-10,2019
491693,13,3329,2019-07-10,2019
53360,984,1132,2019-07-09,2019
148118,3690,2696,2019-07-09,2019
172779,133,1269,2019-07-09,2019
202278,1420,273,2019-07-09,2019
207917,31,1050,2019-07-09,2019
260806,969,1110,2019-07-09,2019
267382,3609,2696,2019-07-09,2019
271635,18105,49364,2019-07-09,2019
284595,3522,1038,2019-07-09,2019
331560,475,1025,2019-07-09,2019
371021,281,703,2019-07-09,2019
413605,3522,2282,2019-07-09,2019
9500,3008,1071,2019-07-08,2019
157993,19771,2381,2019-07-08,2019
217033,2698,964,2019-07-08,2019
242063,610,200,2019-07-08,2019
249565,162,1003,2019-07-08,2019
253677,989,405,2019-07-08,2019
259953,749,5,2019-07-08,2019
314980,1184,41274,2019-07-08,2019
317806,200,1304,2019-07-08,2019
386057,3524,1158,2019-07-08,2019
432604,11688,924,2019-07-08,2019
511802,2861,1123,2019-07-08,2019
96254,749,430,2019-07-07,2019
102132,173,678,2019-07-07,2019
256267,126,36,2019-07-07,2019
323910,383,1304,2019-07-07,2019
415383,1082,2457,2019-07-07,2019
57328,1304,202,2019-07-06,2019
64598,12321,714,2019-07-06,2019
77825,800,2722,2019-07-06,2019
182923,2282,1025,2019-07-06,2019
339808,418,5,2019-07-06,2019
463618,162,417,2019-07-06,2019
112930,38,33,2019-07-05,2019
134602,232,720,2019-07-05,2019
166737,121,2698,2019-07-05,2019
186763,3508,133,2019-07-05,2019
196231,167,89,2019-07-05,2019
236997,3349,703,2019-07-05,2019
240349,607,398,2019-07-05,2019
250844,1162,667,2019-07-05,2019
251892,368,1244,2019-07-05,2019
282429,418,368,2019-07-05,2019
283127,1416,1095,2019-07-05,2019
312819,58,80,2019-07-05,2019
316264,418,681,2019-07-05,2019
320271,1049,383,2019-07-05,2019
343463,114,3508,2019-07-05,2019
347900,798,1025,2019-07-05,2019
355689,2969,865,2019-07-05,2019
372713,3524,19,2019-07-05,2019
420808,2727,1003,2019-07-05,2019
422951,2778,190,2019-07-05,2019
471582,40,618,2019-07-05,2019
536482,583,738,2019-07-05,2019
549983,14589,1186,2019-07-05,2019
569384,750,46,2019-07-05,2019
15452,6195,1050,2019-07-04,2019
87415,605,3999,2019-07-04,2019
99343,985,583,2019-07-04,2019
148365,173,3948,2019-07-04,2019
206717,660,2282,2019-07-04,2019
220793,41,964,2019-07-04,2019
238868,1533,1050,2019-07-04,2019
239962,190,398,2019-07-04,2019
246968,762,1003,2019-07-04,2019
284177,3,4,2019-07-04,2019
342702,306,58,2019-07-04,2019
357565,13,281,2019-07-04,2019
378139,150,1244,2019-07-04,2019
118847,15,24,2019-07-03,2019
162038,418,294,2019-07-03,2019
162056,5358,3368,2019-07-03,2019
189441,244,368,2019-07-03,2019
232895,738,1160,2019-07-03,2019
274484,1082,1041,2019-07-03,2019
277179,383,281,2019-07-03,2019
349599,1010,331,2019-07-03,2019
371003,281,2861,2019-07-03,2019
411975,40,368,2019-07-03,2019
462250,294,13,2019-07-03,2019
559794,148,399,2019-07-03,2019
74230,368,583,2019-07-02,2019
83560,2381,6890,2019-07-02,2019
105506,11126,41231,2019-07-02,2019
127156,1160,969,2019-07-02,2019
143852,6418,653,2019-07-02,2019
169873,36,141,2019-07-02,2019
172142,720,3368,2019-07-02,2019
182688,605,11282,2019-07-02,2019
199369,29,366,2019-07-02,2019
216179,6574,46,2019-07-02,2019
257462,24,418,2019-07-02,2019
264567,1420,1423,2019-07-02,2019
274461,16,385,2019-07-02,2019
283193,206,369,2019-07-02,2019
314915,157,798,2019-07-02,2019
379979,27,41,2019-07-02,2019
404849,660,6993,2019-07-02,2019
423443,1049,3329,2019-07-02,2019
450050,826,667,2019-07-02,2019
450936,1041,148,2019-07-02,2019
455181,418,366,2019-07-02,2019
462141,2441,60949,2019-07-02,2019
467250,660,16239,2019-07-02,2019
559794,399,148,2019-07-02,2019
5336,6418,60949,2019-07-01,2019
25289,3325,1465,2019-07-01,2019
27178,7378,2424,2019-07-01,2019
28973,180,124,2019-07-01,2019
39728,27,16,2019-07-01,2019
40687,36,683,2019-07-01,2019
46413,4083,237,2019-07-01,2019
48870,1110,29,2019-07-01,2019
51161,128,1091,2019-07-01,2019
51471,418,631,2019-07-01,2019
52477,1083,121,2019-07-01,2019
55524,820,2293,2019-07-01,2019
55687,405,1096,2019-07-01,2019
56036,964,336,2019-07-01,2019
59322,10690,338,2019-07-01,2019
60543,1041,738,2019-07-01,2019
63489,2441,897,2019-07-01,2019
69374,416,114,2019-07-01,2019
70359,1096,2441,2019-07-01,2019
72522,383,368,2019-07-01,2019
73185,379,1108,2019-07-01,2019
73926,4083,276,2019-07-01,2019
75489,42,86,2019-07-01,2019
77715,987,370,2019-07-01,2019
81775,289,383,2019-07-01,2019
82048,1050,1025,2019-07-01,2019
88262,371,44,2019-07-01,2019
99353,12321,681,2019-07-01,2019
102226,18,16,2019-07-01,2019
104752,12,6195,2019-07-01,2019
107544,1241,987,2019-07-01,2019
108710,9007,16239,2019-07-01,2019
111038,58,995,2019-07-01,2019
111819,1049,131,2019-07-01,2019
118284,1041,969,2019-07-01,2019
118689,506,12,2019-07-01,2019
118850,660,121,2019-07-01,2019
119228,368,800,2019-07-01,2019
120189,2036,4,2019-07-01,2019
121477,984,1010,2019-07-01,2019
122797,415,969,2019-07-01,2019
124495,703,3060,2019-07-01,2019
125103,38,42,2019-07-01,2019
125858,533,15,2019-07-01,2019
126737,681,150,2019-07-01,2019
129585,2282,520,2019-07-01,2019
132209,2451,987,2019-07-01,2019
134294,31,180,2019-07-01,2019
135490,1158,605,2019-07-01,2019
139396,23826,383,2019-07-01,2019
140310,58,172,2019-07-01,2019
140803,995,3057,2019-07-01,2019
144028,1184,1237,2019-07-01,2019
146227,131,1049,2019-07-01,2019
148367,430,1148,2019-07-01,2019
150212,903,2759,2019-07-01,2019
153678,269,3,2019-07-01,2019
156501,720,13,2019-07-01,2019
156990,27,86,2019-07-01,2019
157501,416,273,2019-07-01,2019
159088,2036,89,2019-07-01,2019
160954,39,127,2019-07-01,2019
161011,41,24,2019-07-01,2019
162079,1244,16795,2019-07-01,2019
162571,2441,11282,2019-07-01,2019
165007,131,940,2019-07-01,2019
165895,6574,46,2019-07-01,2019
166260,1241,511,2019-07-01,2019
167105,40,252,2019-07-01,2019
167859,506,252,2019-07-01,2019
168157,58,543,2019-07-01,2019
169880,749,6195,2019-07-01,2019
176139,862,1025,2019-07-01,2019
177350,14589,41231,2019-07-01,2019
178335,28095,932,2019-07-01,2019
179973,41201,2741,2019-07-01,2019
182381,368,610,2019-07-01,2019
182581,234,16704,2019-07-01,2019
182722,294,610,2019-07-01,2019
182913,583,506,2019-07-01,2019
183031,995,416,2019-07-01,2019
183720,1082,405,2019-07-01,2019
184440,1467,11282,2019-07-01,2019
184528,1025,1416,2019-07-01,2019
186368,44,46,2019-07-01,2019
187492,15,16,2019-07-01,2019
187624,4,79,2019-07-01,2019
187809,1090,820,2019-07-01,2019
188335,1075,29228,2019-07-01,2019
188888,1268,89,2019-07-01,2019
190146,520,2727,2019-07-01,2019
190289,39,127,2019-07-01,2019
192169,60,2036,2019-07-01,2019
193469,683,1421,2019-07-01,2019
195246,60,79,2019-07-01,2019
196231,89,167,2019-07-01,2019
196524,141,252,2019-07-01,2019
196813,86,1269,2019-07-01,2019
197751,506,1390,2019-07-01,2019
199248,800,12,2019-07-01,2019
199258,800,2722,2019-07-01,2019
199953,399,449,2019-07-01,2019
201737,415,371,2019-07-01,2019
203608,4603,2441,2019-07-01,2019
205128,403,467,2019-07-01,2019
206040,294,543,2019-07-01,2019
207573,3060,128,2019-07-01,2019
208772,1241,1039,2019-07-01,2019
212862,621,681,2019-07-01,2019
213260,3368,331,2019-07-01,2019
215094,1090,132,2019-07-01,2019
215099,610,15,2019-07-01,2019
216489,475,968,2019-07-01,2019
216872,2921,8970,2019-07-01,2019
217033,14589,2698,2019-07-01,2019
221025,131,29,2019-07-01,2019
221285,20,6890,2019-07-01,2019
222813,31,44,2019-07-01,2019
225593,1533,1531,2019-07-01,2019
226155,3057,1085,2019-07-01,2019
226524,306,1038,2019-07-01,2019
227039,1269,16704,2019-07-01,2019
228660,2700,2698,2019-07-01,2019
230946,1124,3719,2019-07-01,2019
232320,269,79,2019-07-01,2019
233124,543,405,2019-07-01,2019
234193,157,3,2019-07-01,2019
234888,6676,2441,2019-07-01,2019
235339,41201,1083,2019-07-01,2019
235355,19657,5724,2019-07-01,2019
236041,415,1416,2019-07-01,2019
236490,631,416,2019-07-01,2019
236510,31,124,2019-07-01,2019
237164,42,533,2019-07-01,2019
237662,33,18,2019-07-01,2019
240414,410,6195,2019-07-01,2019
240497,2293,19789,2019-07-01,2019
240692,2457,1082,2019-07-01,2019
241251,6646,589,2019-07-01,2019
241307,41,269,2019-07-01,2019
241486,385,132,2019-07-01,2019
243302,6676,653,2019-07-01,2019
244262,2477,18303,2019-07-01,2019
247555,379,39,2019-07-01,2019
248732,294,276,2019-07-01,2019
248934,3057,18303,2019-07-01,2019
249952,79,41,2019-07-01,2019
249994,720,683,2019-07-01,2019
250478,180,405,2019-07-01,2019
251587,2760,2759,2019-07-01,2019
251680,273,331,2019-07-01,2019
251876,79,12321,2019-07-01,2019
251878,714,39,2019-07-01,2019
253210,5724,678,2019-07-01,2019
253817,1241,43,2019-07-01,2019
254249,24245,2381,2019-07-01,2019
256339,506,1038,2019-07-01,2019
257448,13,162,2019-07-01,2019
257462,294,24,2019-07-01,2019
257474,416,3057,2019-07-01,2019
257482,1091,3060,2019-07-01,2019
257814,533,79,2019-07-01,2019
257851,1049,3368,2019-07-01,2019
257937,660,2698,2019-07-01,2019
258015,294,3329,2019-07-01,2019
259025,1160,1158,2019-07-01,2019
260829,5724,3948,2019-07-01,2019
262389,993,1049,2019-07-01,2019
263267,410,2293,2019-07-01,2019
263361,610,368,2019-07-01,2019
263727,1533,368,2019-07-01,2019
263860,3368,1049,2019-07-01,2019
265088,5,6574,2019-07-01,2019
265282,1124,1186,2019-07-01,2019
267396,2698,121,2019-07-01,2019
268427,121,2741,2019-07-01,2019
269878,1184,89,2019-07-01,2019
270541,3,1416,2019-07-01,2019
271256,1085,294,2019-07-01,2019
272636,738,618,2019-07-01,2019
272812,1269,3,2019-07-01,2019
275159,3714,41201,2019-07-01,2019
277384,862,237,2019-07-01,2019
278837,3302,1108,2019-07-01,2019
279829,605,441,2019-07-01,2019
280701,3508,1184,2019-07-01,2019
281963,13,27,2019-07-01,2019
282411,418,13,2019-07-01,2019
284010,533,4,2019-07-01,2019
284270,18,89,2019-07-01,2019
284857,131,1533,2019-07-01,2019
286392,128,60949,2019-07-01,2019
287700,276,2722,2019-07-01,2019
287920,2036,105,2019-07-01,2019
288241,995,40,2019-07-01,2019
288429,2778,167,2019-07-01,2019
288858,7775,1467,2019-07-01,2019
289835,678,190,2019-07-01,2019
290774,14589,2698,2019-07-01,2019
291417,1041,418,2019-07-01,2019
291939,2503,6912,2019-07-01,2019
293200,29,2410,2019-07-01,2019
293828,3690,3714,2019-07-01,2019
293829,1124,41201,2019-07-01,2019
293944,618,347,2019-07-01,2019
295183,3057,610,2019-07-01,2019
296783,12,232,2019-07-01,2019
303219,202,1038,2019-07-01,2019
303657,46,252,2019-07-01,2019
305946,3327,3325,2019-07-01,2019
311489,82,58,2019-07-01,2019
312712,1894,2414,2019-07-01,2019
314969,2995,1096,2019-07-01,2019
315233,1090,133,2019-07-01,2019
315865,46,252,2019-07-01,2019
319160,410,1038,2019-07-01,2019
322305,417,415,2019-07-01,2019
324352,1091,683,2019-07-01,2019
324503,80,403,2019-07-01,2019
326330,610,131,2019-07-01,2019
329145,995,368,2019-07-01,2019
334425,3719,2741,2019-07-01,2019
334495,41274,157,2019-07-01,2019
334557,979,294,2019-07-01,2019
335721,1237,399,2019-07-01,2019
336125,29228,3057,2019-07-01,2019
336697,3349,7179,2019-07-01,2019
338672,46,3057,2019-07-01,2019
339337,383,499,2019-07-01,2019
340166,1245,157,2019-07-01,2019
340177,157,475,2019-07-01,2019
341485,660,2477,2019-07-01,2019
342209,162,347,2019-07-01,2019
342967,86,1283,2019-07-01,2019
343337,41,27,2019-07-01,2019
344395,720,10484,2019-07-01,2019
345590,6574,306,2019-07-01,2019
346567,12,506,2019-07-01,2019
348795,583,150,2019-07-01,2019
349066,16,681,2019-07-01,2019
351843,667,1095,2019-07-01,2019
353366,79,27,2019-07-01,2019
355104,2921,130,2019-07-01,2019
355501,6195,12,2019-07-01,2019
357117,430,995,2019-07-01,2019
357885,1050,379,2019-07-01,2019
361207,306,610,2019-07-01,2019
361260,79,33,2019-07-01,2019
364237,1075,720,2019-07-01,2019
365540,660,2420,2019-07-01,2019
368482,506,1025,2019-07-01,2019
370846,583,1082,2019-07-01,2019
377219,29228,3057,2019-07-01,2019
379637,2741,1186,2019-07-01,2019
380761,1124,2741,2019-07-01,2019
381913,47,441,2019-07-01,2019
384859,826,347,2019-07-01,2019
390125,1091,60949,2019-07-01,2019
391742,41,105,2019-07-01,2019
392570,46,6574,2019-07-01,2019
395516,583,15,2019-07-01,2019
395659,41201,1186,2019-07-01,2019
395695,1041,157,2019-07-01,2019
401527,506,6574,2019-07-01,2019
401530,720,418,2019-07-01,2019
401923,82,172,2019-07-01,2019
410185,162,39,2019-07-01,2019
410897,202,1063,2019-07-01,2019
413220,1031,1003,2019-07-01,2019
413843,60,89,2019-07-01,2019
415646,1075,398,2019-07-01,2019
416465,1091,60949,2019-07-01,2019
419061,338,60551,2019-07-01,2019
420884,5220,683,2019-07-01,2019
424784,1010,142,2019-07-01,2019
441170,2969,336,2019-07-01,2019
443222,131,331,2019-07-01,2019
448058,21957,169,2019-07-01,2019
448632,1095,1421,2019-07-01,2019
448920,6418,1091,2019-07-01,2019
459661,252,46,2019-07-01,2019
464529,1091,60949,2019-07-01,2019
477758,873,985,2019-07-01,2019
482145,39,200,2019-07-01,2019
485424,3057,180,2019-07-01,2019
487465,1075,398,2019-07-01,2019
503212,6912,2420,2019-07-01,2019
517300,2424,1075,2019-07-01,2019
517376,244,449,2019-07-01,2019
523363,2423,16704,2019-07-01,2019
524925,826,681,2019-07-01,2019
527350,2687,1049,2019-07-01,2019
532732,28095,2410,2019-07-01,2019
536507,162,520,2019-07-01,2019
541231,1269,31,2019-07-01,2019
621391,3209,19789,2019-07-01,2019
44466,24,16,2019-06-30,2019
45403,36,2288,2019-06-30,2019
45672,24,583,2019-06-30,2019
46413,237,4083,2019-06-30,2019
51471,631,418,2019-06-30,2019
53696,1426,383,2019-06-30,2019
60542,368,12,2019-06-30,2019
63487,1091,1184,2019-06-30,2019
68033,79,533,2019-06-30,2019
69374,114,416,2019-06-30,2019
73926,276,4083,2019-06-30,2019
82048,1025,1050,2019-06-30,2019
88706,19,749,2019-06-30,2019
88721,33,82,2019-06-30,2019
88909,1038,430,2019-06-30,2019
90959,126,2944,2019-06-30,2019
93177,3714,121,2019-06-30,2019
93730,1095,1420,2019-06-30,2019
95641,1108,150,2019-06-30,2019
96254,430,749,2019-06-30,2019
104223,234,180,2019-06-30,2019
105506,41201,11126,2019-06-30,2019
110668,2861,399,2019-06-30,2019
111347,1038,6195,2019-06-30,2019
111508,1244,984,2019-06-30,2019
112465,1091,720,2019-06-30,2019
112988,46,180,2019-06-30,2019
118284,1160,1041,2019-06-30,2019
119228,430,368,2019-06-30,2019
122797,969,415,2019-06-30,2019
124495,28643,703,2019-06-30,2019
124560,2239,46,2019-06-30,2019
125783,667,3368,2019-06-30,2019
126360,683,964,2019-06-30,2019
126687,995,430,2019-06-30,2019
129674,371,16,2019-06-30,2019
130756,367,512,2019-06-30,2019
131506,3709,399,2019-06-30,2019
131708,1244,631,2019-06-30,2019
134294,180,31,2019-06-30,2019
135490,605,1158,2019-06-30,2019
139341,10484,58,2019-06-30,2019
140310,172,58,2019-06-30,2019
140808,28643,58,2019-06-30,2019
149928,2503,8024,2019-06-30,2019
154319,2448,336,2019-06-30,2019
156990,86,27,2019-06-30,2019
157501,273,416,2019-06-30,2019
160241,42,533,2019-06-30,2019
161011,24,41,2019-06-30,2019
162038,367,418,2019-06-30,2019
162079,16795,1244,2019-06-30,2019
163222,1038,12,2019-06-30,2019
165007,11,131,2019-06-30,2019
165012,385,39,2019-06-30,2019
165895,46,6574,2019-06-30,2019
166683,475,157,2019-06-30,2019
167105,252,40,2019-06-30,2019
167556,18303,660,2019-06-30,2019
167859,252,506,2019-06-30,2019
168157,543,58,2019-06-30,2019
170472,3709,1010,2019-06-30,2019
172202,202,499,2019-06-30,2019
174915,36,1003,2019-06-30,2019
175449,5358,2448,2019-06-30,2019
176485,862,631,2019-06-30,2019
179184,873,631,2019-06-30,2019
182618,5,631,2019-06-30,2019
182711,89,336,2019-06-30,2019
182722,610,294,2019-06-30,2019
183031,416,995,2019-06-30,2019
183720,405,1082,2019-06-30,2019
184528,1416,1025,2019-06-30,2019
184816,683,1075,2019-06-30,2019
185077,60,533,2019-06-30,2019
186763,132,3508,2019-06-30,2019
187499,269,39,2019-06-30,2019
187860,2448,2457,2019-06-30,2019
188335,29228,1075,2019-06-30,2019
188338,3729,964,2019-06-30,2019
189151,868,1091,2019-06-30,2019
189715,2698,1083,2019-06-30,2019
189744,520,162,2019-06-30,2019
191987,995,1082,2019-06-30,2019
192638,458,800,2019-06-30,2019
193469,1421,683,2019-06-30,2019
197751,1390,506,2019-06-30,2019
198008,368,5,2019-06-30,2019
198116,130,46,2019-06-30,2019
199248,12,800,2019-06-30,2019
199258,2722,800,2019-06-30,2019
199316,833,2293,2019-06-30,2019
199369,681,29,2019-06-30,2019
199953,449,399,2019-06-30,2019
199976,8970,800,2019-06-30,2019
203412,40,800,2019-06-30,2019
203854,6993,660,2019-06-30,2019
205128,467,403,2019-06-30,2019
206040,543,294,2019-06-30,2019
207302,931,368,2019-06-30,2019
208166,749,430,2019-06-30,2019
208690,458,46,2019-06-30,2019
210178,897,281,2019-06-30,2019
211251,2687,410,2019-06-30,2019
211325,141,512,2019-06-30,2019
213260,331,3368,2019-06-30,2019
213980,9007,660,2019-06-30,2019
216375,601,1025,2019-06-30,2019
216443,200,82,2019-06-30,2019
216464,897,368,2019-06-30,2019
216489,968,475,2019-06-30,2019
216872,8970,2921,2019-06-30,2019
221025,29,131,2019-06-30,2019
222813,44,31,2019-06-30,2019
224672,7179,16795,2019-06-30,2019
224884,1421,631,2019-06-30,2019
225004,618,40,2019-06-30,2019
226025,252,6574,2019-06-30,2019
226138,2420,336,2019-06-30,2019
229006,3524,618,2019-06-30,2019
232093,3729,1083,2019-06-30,2019
232271,940,180,2019-06-30,2019
233124,405,543,2019-06-30,2019
233264,3999,2441,2019-06-30,2019
234733,653,1091,2019-06-30,2019
235275,2861,2282,2019-06-30,2019
236041,1416,415,2019-06-30,2019
236490,416,631,2019-06-30,2019
236510,1421,31,2019-06-30,2019
237641,3060,1091,2019-06-30,2019
238407,157,873,2019-06-30,2019
238752,46,162,2019-06-30,2019
238947,3522,12,2019-06-30,2019
238993,10484,410,2019-06-30,2019
240219,1005,430,2019-06-30,2019
240414,6195,410,2019-06-30,2019
240692,1082,2457,2019-06-30,2019
241378,467,306,2019-06-30,2019
242532,331,3709,2019-06-30,2019
242940,8970,6574,2019-06-30,2019
243188,269,18,2019-06-30,2019
243225,4083,749,2019-06-30,2019
245072,10484,410,2019-06-30,2019
245744,42,11,2019-06-30,2019
247377,2722,416,2019-06-30,2019
247555,430,379,2019-06-30,2019
248054,1095,1041,2019-06-30,2019
248219,2832,126,2019-06-30,2019
248271,20,114,2019-06-30,2019
248732,276,294,2019-06-30,2019
248934,18303,3057,2019-06-30,2019
249271,1032,1083,2019-06-30,2019
249303,798,940,2019-06-30,2019
249565,1003,162,2019-06-30,2019
249952,41,79,2019-06-30,2019
249994,683,720,2019-06-30,2019
250683,1387,6195,2019-06-30,2019
251680,331,273,2019-06-30,2019
251878,39,714,2019-06-30,2019
256013,2990,7378,2019-06-30,2019
256339,1038,506,2019-06-30,2019
256680,5358,1084,2019-06-30,2019
257376,897,336,2019-06-30,2019
257448,162,13,2019-06-30,2019
257462,24,294,2019-06-30,2019
257482,601,1091,2019-06-30,2019
257814,167,533,2019-06-30,2019
257851,3368,1049,2019-06-30,2019
257937,3714,660,2019-06-30,2019
258015,703,294,2019-06-30,2019
258482,2239,800,2019-06-30,2019
260806,1110,969,2019-06-30,2019
261095,4083,2722,2019-06-30,2019
261504,12321,281,2019-06-30,2019
263267,6890,410,2019-06-30,2019
263361,368,610,2019-06-30,2019
264567,1160,1420,2019-06-30,2019
265088,6574,5,2019-06-30,2019
265569,618,162,2019-06-30,2019
268179,723,12,2019-06-30,2019
268427,1124,121,2019-06-30,2019
270541,1416,3,2019-06-30,2019
274461,1123,16,2019-06-30,2019
275956,968,1096,2019-06-30,2019
276002,235,234,2019-06-30,2019
277118,415,281,2019-06-30,2019
277137,403,234,2019-06-30,2019
277384,237,862,2019-06-30,2019
279242,3729,232,2019-06-30,2019
281755,1084,3709,2019-06-30,2019
282028,3524,583,2019-06-30,2019
283233,749,430,2019-06-30,2019
284177,202,3,2019-06-30,2019
284857,1533,131,2019-06-30,2019
287635,862,618,2019-06-30,2019
287700,2722,276,2019-06-30,2019
289075,6993,660,2019-06-30,2019
289592,41,79,2019-06-30,2019
289648,41274,1184,2019-06-30,2019
289713,1245,172,2019-06-30,2019
291400,4102,4083,2019-06-30,2019
292356,385,1091,2019-06-30,2019
292357,169,683,2019-06-30,2019
293168,371,1003,2019-06-30,2019
293200,2410,29,2019-06-30,2019
293944,347,618,2019-06-30,2019
294780,6993,660,2019-06-30,2019
294791,3508,172,2019-06-30,2019
295313,29228,31,2019-06-30,2019
296783,2441,12,2019-06-30,2019
297645,4083,6574,2019-06-30,2019
298976,3368,418,2019-06-30,2019
300168,1244,621,2019-06-30,2019
303116,2239,430,2019-06-30,2019
303259,38,1010,2019-06-30,2019
303657,252,46,2019-06-30,2019
307519,16795,366,2019-06-30,2019
311489,58,82,2019-06-30,2019
312819,80,58,2019-06-30,2019
314295,167,379,2019-06-30,2019
314915,798,157,2019-06-30,2019
314965,252,294,2019-06-30,2019
315779,16,631,2019-06-30,2019
315853,130,46,2019-06-30,2019
315865,8970,46,2019-06-30,2019
316264,499,418,2019-06-30,2019
317482,368,6195,2019-06-30,2019
317593,1426,200,2019-06-30,2019
319160,1038,410,2019-06-30,2019
321647,826,1421,2019-06-30,2019
322702,29228,1184,2019-06-30,2019
324503,403,80,2019-06-30,2019
324804,40,46,2019-06-30,2019
325924,2727,2282,2019-06-30,2019
329723,683,162,2019-06-30,2019
334222,2441,416,2019-06-30,2019
334425,2741,3719,2019-06-30,2019
335457,3302,1108,2019-06-30,2019
336731,1531,1049,2019-06-30,2019
336960,252,410,2019-06-30,2019
337670,3522,130,2019-06-30,2019
337673,1435,499,2019-06-30,2019
338672,3057,46,2019-06-30,2019
339808,681,418,2019-06-30,2019
341272,16795,368,2019-06-30,2019
341317,371,984,2019-06-30,2019
342226,520,162,2019-06-30,2019
342346,5219,6418,2019-06-30,2019
344393,1467,336,2019-06-30,2019
344395,7179,720,2019-06-30,2019
345577,3426,190,2019-06-30,2019
346567,1390,12,2019-06-30,2019
348795,150,583,2019-06-30,2019
349066,403,16,2019-06-30,2019
349599,237,1010,2019-06-30,2019
351843,1095,667,2019-06-30,2019
353252,60551,2671,2019-06-30,2019
354352,1162,405,2019-06-30,2019
355104,130,2921,2019-06-30,2019
356141,475,24,2019-06-30,2019
357003,3522,6574,2019-06-30,2019
357072,1160,273,2019-06-30,2019
358143,126,720,2019-06-30,2019
358165,2420,720,2019-06-30,2019
361254,472,543,2019-06-30,2019
364237,720,1075,2019-06-30,2019
364238,3329,976,2019-06-30,2019
368482,1025,506,2019-06-30,2019
378293,5358,281,2019-06-30,2019
379634,3714,16704,2019-06-30,2019
381348,290,40,2019-06-30,2019
386446,4102,416,2019-06-30,2019
386455,2921,430,2019-06-30,2019
386914,306,383,2019-06-30,2019
390379,2292,19789,2019-06-30,2019
391005,19657,190,2019-06-30,2019
395083,2921,46,2019-06-30,2019
395659,1186,41201,2019-06-30,2019
395695,750,1041,2019-06-30,2019
399776,1084,1050,2019-06-30,2019
401527,6574,506,2019-06-30,2019
401529,2420,660,2019-06-30,2019
401923,172,82,2019-06-30,2019
403673,798,865,2019-06-30,2019
404839,1244,418,2019-06-30,2019
411287,35,533,2019-06-30,2019
413118,1423,855,2019-06-30,2019
415646,398,1075,2019-06-30,2019
422377,601,157,2019-06-30,2019
431561,10,79,2019-06-30,2019
432772,667,162,2019-06-30,2019
443222,1533,131,2019-06-30,2019
443308,1283,1304,2019-06-30,2019
443778,11127,16704,2019-06-30,2019
447661,12321,281,2019-06-30,2019
448783,48726,2477,2019-06-30,2019
449496,993,366,2019-06-30,2019
454121,2425,720,2019-06-30,2019
457673,2239,2722,2019-06-30,2019
459463,5358,1010,2019-06-30,2019
464259,3714,2696,2019-06-30,2019
472161,4102,410,2019-06-30,2019
487465,398,1075,2019-06-30,2019
511802,1245,2861,2019-06-30,2019
517300,7378,2424,2019-06-30,2019
520815,3558,683,2019-06-30,2019
525287,162,6195,2019-06-30,2019
525578,3329,976,2019-06-30,2019
532732,2410,28095,2019-06-30,2019
535706,2715,347,2019-06-30,2019
601577,380,398,2019-06-30,2019
55742,603,989,2019-05-31,2019
72768,1032,1123,2019-05-31,2019
77001,641,1110,2019-05-31,2019
85177,989,31,2019-05-31,2019
108354,873,2288,2019-05-31,2019
111873,1032,11,2019-05-31,2019
157509,29,631,2019-05-31,2019
196522,984,762,2019-05-31,2019
199527,984,762,2019-05-31,2019
208379,1071,1237,2019-05-31,2019
215118,931,11,2019-05-31,2019
253677,405,989,2019-05-31,2019
258916,350,29,2019-05-31,2019
281404,762,631,2019-05-31,2019
289843,2578,1039,2019-05-31,2019
315131,931,985,2019-05-31,2019
324223,677,405,2019-05-31,2019
331726,405,631,2019-05-31,2019
341049,2288,148,2019-05-31,2019
342046,405,985,2019-05-31,2019
342389,465,1237,2019-05-31,2019
342472,903,252,2019-05-31,2019
345763,465,475,2019-05-31,2019
348623,984,29,2019-05-31,2019
399369,1071,29,2019-05-31,2019
150212,1519,903,2019-05-27,2019
28973,124,180,2019-05-20,2019
226958,987,703,2019-05-20,2019
243633,2553,405,2019-05-20,2019
279457,124,31,2019-05-20,2019
386552,124,1420,2019-05-20,2019
415970,124,703,2019-05-20,2019
276914,511,370,2019-05-19,2019
359247,2477,371,2019-05-10,2019
370846,371,583,2019-05-10,2019
382895,49364,53646,2019-03-12,2019
272631,520,417,2019-03-08,2019
108710,338,9007,2019-03-01,2019
481513,3329,6912,2019-03-01,2019
148485,932,41231,2019-02-22,2019
213980,660,9007,2019-02-22,2019
532732,28095,2410,2019-02-22,2019
96498,9007,18105,2019-02-20,2019
271635,8838,18105,2019-02-20,2019
112948,126,1184,2019-02-19,2019
188650,3714,3719,2019-02-19,2019
281917,1083,16704,2019-02-19,2019
468301,1465,660,2019-02-19,2019
80312,660,10690,2019-02-12,2019
167556,660,18303,2019-02-12,2019
187024,964,1083,2019-02-11,2019
230946,2741,1124,2019-02-08,2019
117481,678,48726,2019-02-07,2019
105506,11126,41201,2019-02-06,2019
105817,2671,21957,2019-02-05,2019
295780,683,169,2019-02-04,2019
128931,683,605,2019-02-02,2019
180337,2698,964,2019-02-01,2019
257937,660,3714,2019-02-01,2019
354352,405,1162,2019-02-01,2019
359247,371,2477,2019-02-01,2019
476344,131,150,2019-02-01,2019
44996,141,36,2019-01-31,2019
48634,2698,6890,2019-01-31,2019
56810,1003,162,2019-01-31,2019
58855,868,820,2019-01-31,2019
85383,1108,1049,2019-01-31,2019
87854,2457,589,2019-01-31,2019
88721,82,33,2019-01-31,2019
112465,720,1091,2019-01-31,2019
126014,1032,603,2019-01-31,2019
126687,430,995,2019-01-31,2019
129674,16,371,2019-01-31,2019
137648,1083,1091,2019-01-31,2019
144303,31,931,2019-01-31,2019
149829,749,36,2019-01-31,2019
149928,8024,2503,2019-01-31,2019
165007,131,11,2019-01-31,2019
170838,36,749,2019-01-31,2019
175446,13,543,2019-01-31,2019
176485,631,862,2019-01-31,2019
179184,631,873,2019-01-31,2019
197126,190,621,2019-01-31,2019
199527,762,984,2019-01-31,2019
208167,1038,38,2019-01-31,2019
225004,40,618,2019-01-31,2019
226074,5,3057,2019-01-31,2019
240692,2457,1082,2019-01-31,2019
241378,306,467,2019-01-31,2019
249303,940,798,2019-01-31,2019
249565,162,1003,2019-01-31,2019
253677,989,405,2019-01-31,2019
256680,1084,5358,2019-01-31,2019
265569,162,618,2019-01-31,2019
270055,3349,2457,2019-01-31,2019
270541,3,1416,2019-01-31,2019
276914,370,511,2019-01-31,2019
281755,3709,1084,2019-01-31,2019
282615,6890,825,2019-01-31,2019
283233,430,749,2019-01-31,2019
289843,1039,2578,2019-01-31,2019
290336,2503,2420,2019-01-31,2019
314295,379,167,2019-01-31,2019
315208,2375,2944,2019-01-31,2019
324223,405,677,2019-01-31,2019
335209,430,749,2019-01-31,2019
345763,475,465,2019-01-31,2019
346567,12,1390,2019-01-31,2019
352811,1465,7378,2019-01-31,2019
354352,1162,405,2019-01-31,2019
355104,2921,130,2019-01-31,2019
355689,1531,2969,2019-01-31,2019
359247,2477,371,2019-01-31,2019
364237,1075,720,2019-01-31,2019
390379,19789,2292,2019-01-31,2019
395236,583,40,2019-01-31,2019
399369,29,1071,2019-01-31,2019
422377,157,601,2019-01-31,2019
464259,2696,3714,2019-01-31,2019
573981,6890,825,2019-01-31,2019
605184,415,131,2019-01-31,2019
88680,86,4171,2019-01-30,2019
124560,46,2239,2019-01-30,2019
140310,58,172,2019-01-30,2019
149928,7378,8024,2019-01-30,2019
170838,749,36,2019-01-30,2019
175446,543,13,2019-01-30,2019
179184,1049,631,2019-01-30,2019
189151,1091,868,2019-01-30,2019
191987,1082,995,2019-01-30,2019
243225,749,4083,2019-01-30,2019
257474,2722,416,2019-01-30,2019
273738,1084,13,2019-01-30,2019
283233,749,430,2019-01-30,2019
330876,868,20,2019-01-30,2019
345577,190,3426,2019-01-30,2019
364237,979,1075,2019-01-30,2019
392569,46,2921,2019-01-30,2019
395083,46,2921,2019-01-30,2019
411287,533,35,2019-01-30,2019
525287,6195,162,2019-01-30,2019
124560,5358,46,2019-01-29,2019
166237,964,583,2019-01-29,2019
167105,40,252,2019-01-29,2019
182722,294,610,2019-01-29,2019
211251,410,2687,2019-01-29,2019
224884,631,1421,2019-01-29,2019
242532,3709,331,2019-01-29,2019
243188,18,269,2019-01-29,2019
257851,1049,3368,2019-01-29,2019
281919,441,3999,2019-01-29,2019
287635,618,862,2019-01-29,2019
317482,6195,368,2019-01-29,2019
342346,6418,5219,2019-01-29,2019
395083,2921,46,2019-01-29,2019
448628,993,5358,2019-01-29,2019
525287,2425,6195,2019-01-29,2019
573981,825,6890,2019-01-29,2019
89222,660,964,2019-01-28,2019
125783,3368,667,2019-01-28,2019
128223,631,13,2019-01-28,2019
182409,3691,41231,2019-01-28,2019
205128,403,467,2019-01-28,2019
224884,33,631,2019-01-28,2019
257805,1237,1083,2019-01-28,2019
126360,964,683,2019-01-27,2019
257448,13,162,2019-01-27,2019
386455,430,2921,2019-01-27,2019
112988,180,46,2019-01-26,2019
222876,306,1421,2019-01-26,2019
234523,150,252,2019-01-26,2019
245072,410,10484,2019-01-26,2019
342389,1237,465,2019-01-26,2019
449496,366,993,2019-01-26,2019
59866,631,36,2019-01-25,2019
166683,157,475,2019-01-25,2019
181477,868,19789,2019-01-25,2019
182711,336,89,2019-01-25,2019
256429,993,366,2019-01-25,2019
349066,16,403,2019-01-25,2019
449496,993,366,2019-01-25,2019
135490,1158,605,2019-01-24,2019
166683,3508,157,2019-01-24,2019
167859,506,252,2019-01-24,2019
180017,2700,3714,2019-01-24,2019
237641,1091,3060,2019-01-24,2019
249952,79,41,2019-01-24,2019
256429,3709,993,2019-01-24,2019
329723,162,683,2019-01-24,2019
344393,336,1467,2019-01-24,2019
45146,417,244,2019-01-23,2019
104700,3691,3719,2019-01-23,2019
111873,11,1032,2019-01-23,2019
150212,903,1519,2019-01-23,2019
167859,336,506,2019-01-23,2019
291400,4083,4102,2019-01-23,2019
327757,252,5,2019-01-23,2019
329723,703,162,2019-01-23,2019
365540,18303,660,2019-01-23,2019
72768,1123,1032,2019-01-22,2019
96254,749,430,2019-01-22,2019
174488,1025,2441,2019-01-22,2019
208166,430,749,2019-01-22,2019
235931,130,1390,2019-01-22,2019
315867,1269,6574,2019-01-22,2019
358143,720,126,2019-01-22,2019
472161,410,4102,2019-01-22,2019
480987,1148,989,2019-01-22,2019
174488,2441,1025,2019-01-21,2019
257388,7378,720,2019-01-21,2019
295630,3060,1091,2019-01-21,2019
342472,252,903,2019-01-21,2019
432772,162,667,2019-01-20,2019
336960,410,252,2019-01-19,2019
70359,2503,1096,2019-01-18,2019
99863,660,10690,2019-01-18,2019
106270,86,3,2019-01-18,2019
120262,2696,16239,2019-01-18,2019
188650,3691,3714,2019-01-18,2019
55756,642,723,2019-01-17,2019
99047,2944,19771,2019-01-17,2019
282954,865,1063,2019-01-17,2019
324503,80,403,2019-01-17,2019
335457,1108,3302,2019-01-17,2019
361260,141,79,2019-01-17,2019
364567,498,3840,2019-01-17,2019
395632,683,403,2019-01-17,2019
441986,3,269,2019-01-17,2019
180843,543,202,2019-01-16,2019
238993,410,10484,2019-01-16,2019
263361,610,368,2019-01-16,2019
265542,825,3840,2019-01-16,2019
334425,3719,2741,2019-01-16,2019
335457,750,1108,2019-01-16,2019
349300,1084,379,2019-01-16,2019
378293,281,5358,2019-01-16,2019
46413,4083,237,2019-01-15,2019
98131,449,19771,2019-01-15,2019
107803,6993,10690,2019-01-15,2019
240349,398,607,2019-01-15,2019
338794,114,2381,2019-01-15,2019
355816,281,202,2019-01-15,2019
439022,3325,141,2019-01-15,2019
23553,39722,1269,2019-01-14,2019
73926,4083,276,2019-01-14,2019
97541,1083,121,2019-01-14,2019
99047,1467,2944,2019-01-14,2019
257707,8024,3349,2019-01-14,2019
277137,234,403,2019-01-14,2019
353252,2671,60551,2019-01-14,2019
388465,1894,2414,2019-01-14,2019
211727,232,2696,2019-01-13,2019
570423,2700,1083,2019-01-13,2019
58971,28095,41201,2019-01-12,2019
271455,16704,969,2019-01-12,2019
295313,31,29228,2019-01-12,2019
116900,89,206,2019-01-11,2019
223725,131,368,2019-01-11,2019
295313,157,31,2019-01-11,2019
337670,130,3522,2019-01-11,2019
341773,2832,924,2019-01-11,2019
357995,800,2921,2019-01-11,2019
398065,984,1003,2019-01-11,2019
98512,5358,1467,2019-01-10,2019
124422,126,19789,2019-01-10,2019
296422,1082,162,2019-01-10,2019
517376,3524,244,2019-01-10,2019
68033,533,79,2019-01-09,2019
311438,369,443,2019-01-09,2019
23523,173,369,2019-01-08,2019
238407,873,157,2019-01-08,2019
65467,1003,1050,2019-01-07,2019
77757,601,157,2019-01-07,2019
216443,82,200,2019-01-07,2019
226958,703,987,2019-01-07,2019
233124,543,405,2019-01-07,2019
241501,468,235,2019-01-07,2019
286919,1032,180,2019-01-07,2019
334964,1031,703,2019-01-07,2019
370846,583,371,2019-01-07,2019
28973,180,124,2019-01-06,2019
147846,383,114,2019-01-06,2019
185077,533,60,2019-01-06,2019
216443,720,82,2019-01-06,2019
273000,940,1082,2019-01-06,2019
314678,281,418,2019-01-06,2019
176354,19789,36,2019-01-05,2019
341317,984,371,2019-01-05,2019
73547,1237,350,2019-01-04,2019
82048,1050,1025,2019-01-04,2019
85177,31,989,2019-01-04,2019
236537,2423,720,2019-01-04,2019
248934,3057,18303,2019-01-04,2019
258889,31,989,2019-01-04,2019
289683,23,678,2019-01-04,2019
535706,347,2715,2019-01-04,2019
73547,350,1237,2019-01-03,2019
119228,368,430,2019-01-03,2019
257814,533,167,2019-01-03,2019
297693,1032,1269,2019-01-03,2019
315779,631,16,2019-01-03,2019
535706,2715,347,2019-01-03,2019
158534,1071,289,2019-01-02,2019
258916,29,350,2019-01-02,2019
315779,16,631,2019-01-02,2019
520815,683,3558,2019-01-02,2019
44466,16,24,2019-01-01,2019
45666,206,5724,2019-01-01,2019
77001,1110,641,2019-01-01,2019
79967,3,80,2019-01-01,2019
131506,399,3709,2019-01-01,2019
134270,1071,1237,2019-01-01,2019
158534,289,1071,2019-01-01,2019
160241,533,42,2019-01-01,2019
172202,499,202,2019-01-01,2019
180843,475,543,2019-01-01,2019
240578,2995,336,2019-01-01,2019
329517,169,683,2019-01-01,2019
348623,29,984,2019-01-01,2019
391005,190,19657,2019-01-01,2019
520815,3558,683,2019-01-01,2019
23523,369,173,2018-12-31,2018
80312,2477,660,2018-12-31,2018
99863,750,660,2018-12-31,2018
120262,23611,2696,2018-12-31,2018
155395,2687,294,2018-12-31,2018
167556,2740,660,2018-12-31,2018
245072,8970,410,2018-12-31,2018
362667,202,610,2018-12-31,2018
524031,8838,60551,2018-12-31,2018
337715,124,12,2018-12-16,2018
354173,6646,3840,2018-11-29,2018
118284,1041,1160,2018-11-22,2018
236041,415,1416,2018-09-10,2018
336731,1049,1531,2018-09-10,2018
80312,660,2477,2018-09-03,2018
501417,8838,18303,2018-09-03,2018
23523,173,369,2018-08-31,2018
45660,512,583,2018-08-31,2018
45672,583,24,2018-08-31,2018
63487,1184,1091,2018-08-31,2018
69374,416,114,2018-08-31,2018
91851,190,173,2018-08-31,2018
94199,141,36,2018-08-31,2018
95641,150,1108,2018-08-31,2018
111376,23826,172,2018-08-31,2018
117481,23611,678,2018-08-31,2018
124495,703,28643,2018-08-31,2018
126719,27,583,2018-08-31,2018
129592,641,601,2018-08-31,2018
149928,8024,7378,2018-08-31,2018
151213,43,2578,2018-08-31,2018
153427,1533,367,2018-08-31,2018
157501,416,273,2018-08-31,2018
180843,543,475,2018-08-31,2018
182381,232,368,2018-08-31,2018
200188,416,1387,2018-08-31,2018
203412,800,40,2018-08-31,2018
215114,157,1421,2018-08-31,2018
216443,82,720,2018-08-31,2018
216489,475,968,2018-08-31,2018
221321,3302,366,2018-08-31,2018
226138,336,2420,2018-08-31,2018
232093,1083,3729,2018-08-31,2018
248219,126,2832,2018-08-31,2018
248271,114,20,2018-08-31,2018
249271,1083,1032,2018-08-31,2018
249994,720,683,2018-08-31,2018
256013,7378,2990,2018-08-31,2018
275956,1096,968,2018-08-31,2018
284857,131,1533,2018-08-31,2018
289713,172,1245,2018-08-31,2018
292356,1091,385,2018-08-31,2018
293168,1003,371,2018-08-31,2018
293828,2696,3690,2018-08-31,2018
298976,418,3368,2018-08-31,2018
315867,6574,1269,2018-08-31,2018
320265,865,338,2018-08-31,2018
324804,46,40,2018-08-31,2018
325924,2282,2727,2018-08-31,2018
330876,20,868,2018-08-31,2018
331726,631,405,2018-08-31,2018
336697,3725,3349,2018-08-31,2018
348425,7179,121,2018-08-31,2018
348795,583,150,2018-08-31,2018
354173,3840,6646,2018-08-31,2018
356141,24,475,2018-08-31,2018
357072,273,1160,2018-08-31,2018
393239,499,306,2018-08-31,2018
413118,855,1423,2018-08-31,2018
415970,703,124,2018-08-31,2018
419845,28095,2410,2018-08-31,2018
443308,1304,1283,2018-08-31,2018
59631,984,162,2018-08-30,2018
130756,512,367,2018-08-30,2018
186763,3508,132,2018-08-30,2018
199369,29,681,2018-08-30,2018
216464,368,897,2018-08-30,2018
236510,31,1421,2018-08-30,2018
284248,82,65,2018-08-30,2018
289075,660,6993,2018-08-30,2018
317593,200,1426,2018-08-30,2018
413118,1423,855,2018-08-30,2018
427161,1082,667,2018-08-30,2018
443778,16704,11127,2018-08-30,2018
525578,976,3329,2018-08-30,2018
95673,202,1053,2018-08-29,2018
99047,2944,1467,2018-08-29,2018
131821,703,1269,2018-08-29,2018
136643,683,2441,2018-08-29,2018
182688,683,605,2018-08-29,2018
199953,399,449,2018-08-29,2018
225020,1041,418,2018-08-29,2018
229006,618,3524,2018-08-29,2018
243633,405,2553,2018-08-29,2018
248054,1041,1095,2018-08-29,2018
321647,1421,826,2018-08-29,2018
364238,976,3329,2018-08-29,2018
517376,244,3524,2018-08-29,2018
68864,12,244,2018-08-28,2018
85864,31,114,2018-08-28,2018
165012,39,385,2018-08-28,2018
202591,15,162,2018-08-28,2018
211325,512,141,2018-08-28,2018
229006,3524,618,2018-08-28,2018
167291,1244,294,2018-08-27,2018
225122,583,1049,2018-08-27,2018
404839,418,1244,2018-08-27,2018
341049,148,2288,2018-08-25,2018
162038,418,367,2018-08-24,2018
287579,234,2282,2018-08-24,2018
525287,6195,2425,2018-08-24,2018
140803,2282,995,2018-08-23,2018
170472,1010,3709,2018-08-23,2018
257062,2687,367,2018-08-23,2018
118302,683,265,2018-08-22,2018
183720,1082,405,2018-08-22,2018
250683,6195,1387,2018-08-22,2018
257482,1091,601,2018-08-22,2018
292357,683,169,2018-08-22,2018
371021,132,281,2018-08-22,2018
401923,82,172,2018-08-22,2018
511802,2861,1245,2018-08-22,2018
110668,399,2861,2018-08-21,2018
148396,2282,336,2018-08-21,2018
282028,583,3524,2018-08-21,2018
316264,418,499,2018-08-21,2018
60542,12,368,2018-08-20,2018
98131,820,449,2018-08-20,2018
114422,1467,2832,2018-08-20,2018
139341,58,10484,2018-08-20,2018
161011,41,24,2018-08-20,2018
188335,1075,29228,2018-08-20,2018
213260,3368,331,2018-08-20,2018
216375,1025,601,2018-08-20,2018
277384,862,237,2018-08-20,2018
286919,180,1032,2018-08-20,2018
341272,368,16795,2018-08-20,2018
193469,683,1421,2018-08-19,2018
222813,31,44,2018-08-19,2018
251106,1050,366,2018-08-19,2018
278654,11282,141,2018-08-18,2018
322702,1184,29228,2018-08-18,2018
11530,141,667,2018-08-17,2018
88706,749,19,2018-08-17,2018
88909,430,1038,2018-08-17,2018
98512,2944,5358,2018-08-17,2018
111347,6195,1038,2018-08-17,2018
111508,984,1244,2018-08-17,2018
130394,5,252,2018-08-17,2018
170838,36,749,2018-08-17,2018
183031,995,416,2018-08-17,2018
184816,1075,683,2018-08-17,2018
192875,20,410,2018-08-17,2018
195171,1050,5,2018-08-17,2018
230552,252,5,2018-08-17,2018
235931,1390,130,2018-08-17,2018
240219,430,1005,2018-08-17,2018
261095,2722,4083,2018-08-17,2018
315865,46,8970,2018-08-17,2018
433049,1084,1244,2018-08-17,2018
447221,1082,33,2018-08-17,2018
601577,398,380,2018-08-17,2018
113707,244,618,2018-08-16,2018
130394,252,5,2018-08-16,2018
181378,40,969,2018-08-16,2018
216872,2921,8970,2018-08-16,2018
228948,33,583,2018-08-16,2018
247377,416,2722,2018-08-16,2018
307519,366,16795,2018-08-16,2018
131708,631,1244,2018-08-15,2018
293200,29,2410,2018-08-15,2018
73734,368,12,2018-08-14,2018
197473,6195,130,2018-08-14,2018
236490,631,416,2018-08-14,2018
273000,1082,940,2018-08-14,2018
284177,3,202,2018-08-14,2018
305947,383,1090,2018-08-14,2018
18940,11282,172,2018-08-13,2018
73547,1237,350,2018-08-13,2018
166683,157,3508,2018-08-13,2018
174915,1003,36,2018-08-13,2018
182618,631,5,2018-08-13,2018
238752,162,46,2018-08-13,2018
247555,379,430,2018-08-13,2018
265088,5,6574,2018-08-13,2018
284884,418,1244,2018-08-13,2018
294791,172,3508,2018-08-13,2018
314915,157,798,2018-08-13,2018
371142,1041,417,2018-08-13,2018
27389,13,1049,2018-08-12,2018
167859,506,336,2018-08-11,2018
196158,1304,467,2018-08-11,2018
198008,5,368,2018-08-11,2018
134270,1237,1071,2018-08-10,2018
179184,631,1049,2018-08-10,2018
203357,1269,383,2018-08-10,2018
286533,683,265,2018-08-10,2018
339808,418,681,2018-08-10,2018
349599,1010,237,2018-08-10,2018
386446,416,4102,2018-08-10,2018
419061,60551,338,2018-08-10,2018
447995,465,2759,2018-08-10,2018
524031,60551,8838,2018-08-10,2018
50355,16704,932,2018-08-09,2018
51471,418,631,2018-08-09,2018
55742,989,603,2018-08-09,2018
68645,1049,1237,2018-08-09,2018
73185,11,379,2018-08-09,2018
108354,2288,873,2018-08-09,2018
108390,631,418,2018-08-09,2018
134270,1071,1237,2018-08-09,2018
134294,31,180,2018-08-09,2018
157509,631,29,2018-08-09,2018
158534,1071,289,2018-08-09,2018
168157,58,543,2018-08-09,2018
175169,660,29,2018-08-09,2018
207302,368,931,2018-08-09,2018
221025,131,29,2018-08-09,2018
238585,124,2288,2018-08-09,2018
260806,969,1110,2018-08-09,2018
289446,131,29,2018-08-09,2018
295414,1050,1108,2018-08-09,2018
315131,985,931,2018-08-09,2018
320141,60,1003,2018-08-09,2018
354361,244,931,2018-08-09,2018
192279,621,631,2018-08-08,2018
193116,903,405,2018-08-08,2018
204103,641,543,2018-08-08,2018
208690,46,458,2018-08-08,2018
289592,79,41,2018-08-08,2018
319859,2778,940,2018-08-08,2018
357164,336,1082,2018-08-08,2018
40204,281,1132,2018-08-07,2018
73517,4795,405,2018-08-07,2018
163738,3008,1148,2018-08-07,2018
184528,1025,1416,2018-08-07,2018
198116,46,130,2018-08-07,2018
215118,11,931,2018-08-07,2018
257455,336,1075,2018-08-07,2018
262980,3368,989,2018-08-07,2018
278938,610,467,2018-08-07,2018
315853,46,130,2018-08-07,2018
342389,3426,1237,2018-08-07,2018
127076,969,82,2018-08-06,2018
196522,762,984,2018-08-06,2018
251878,714,39,2018-08-06,2018
274862,157,3368,2018-08-06,2018
342046,985,405,2018-08-06,2018
349300,379,1084,2018-08-06,2018
399776,1050,1084,2018-08-06,2018
118287,162,1003,2018-08-05,2018
70245,1084,3709,2018-08-04,2018
248732,294,276,2018-08-04,2018
112948,1184,126,2018-08-03,2018
197642,11,1091,2018-08-03,2018
247250,12321,366,2018-08-03,2018
248271,2944,114,2018-08-03,2018
255688,1091,265,2018-08-03,2018
257376,336,897,2018-08-03,2018
314969,7179,2995,2018-08-03,2018
364827,987,1071,2018-08-03,2018
14044,399,641,2018-08-02,2018
39983,5,506,2018-08-02,2018
66934,379,873,2018-08-02,2018
103444,798,4603,2018-08-02,2018
197470,506,5,2018-08-02,2018
310782,18303,601,2018-08-02,2018
40633,430,398,2018-08-01,2018
68410,703,86,2018-08-01,2018
80059,65,105,2018-08-01,2018
125783,273,3368,2018-08-01,2018
126664,131,29,2018-08-01,2018
182079,24245,39722,2018-08-01,2018
216608,820,24245,2018-08-01,2018
227081,368,398,2018-08-01,2018
279242,232,3729,2018-08-01,2018
315862,800,2921,2018-08-01,2018
423444,367,940,2018-08-01,2018
88595,8970,1005,2018-07-31,2018
208934,703,2288,2018-07-31,2018
258482,800,2239,2018-07-31,2018
324377,1429,607,2018-07-31,2018
340460,1269,281,2018-07-31,2018
371021,281,132,2018-07-31,2018
445126,1005,1429,2018-07-31,2018
462772,1506,3840,2018-07-31,2018
517300,2424,7378,2018-07-31,2018
51152,762,931,2018-07-30,2018
90959,2944,126,2018-07-30,2018
134277,1421,1148,2018-07-30,2018
142208,2698,200,2018-07-30,2018
155025,124,2423,2018-07-30,2018
364237,1075,979,2018-07-30,2018
417346,281,399,2018-07-30,2018
401529,660,2420,2018-07-29,2018
91854,543,399,2018-07-28,2018
272930,1304,347,2018-07-28,2018
45403,2288,36,2018-07-27,2018
163222,12,1038,2018-07-27,2018
182932,29,86,2018-07-27,2018
195605,3302,367,2018-07-27,2018
228584,472,897,2018-07-27,2018
263918,2410,162,2018-07-27,2018
310458,506,6574,2018-07-27,2018
340491,1075,2425,2018-07-27,2018
64341,1506,23611,2018-07-26,2018
127202,762,667,2018-07-26,2018
135343,897,762,2018-07-26,2018
175446,13,543,2018-07-26,2018
281755,1533,3709,2018-07-26,2018
308279,506,410,2018-07-26,2018
334440,2698,2410,2018-07-26,2018
58402,8838,49364,2018-07-25,2018
92947,940,368,2018-07-25,2018
94928,10690,6992,2018-07-25,2018
97541,964,1083,2018-07-25,2018
104223,180,234,2018-07-25,2018
146799,506,458,2018-07-25,2018
175446,940,13,2018-07-25,2018
192638,800,458,2018-07-25,2018
205938,631,800,2018-07-25,2018
213268,1090,1237,2018-07-25,2018
251680,273,331,2018-07-25,2018
257448,336,13,2018-07-25,2018
297645,6574,4083,2018-07-25,2018
340308,1148,265,2018-07-25,2018
29364,162,543,2018-07-24,2018
33027,1237,1123,2018-07-24,2018
36364,4128,14589,2018-07-24,2018
75458,190,12,2018-07-24,2018
122797,415,969,2018-07-24,2018
178313,667,162,2018-07-24,2018
249513,1244,989,2018-07-24,2018
323704,40,131,2018-07-24,2018
334557,294,979,2018-07-24,2018
335457,1108,750,2018-07-24,2018
378710,1010,29,2018-07-24,2018
398065,1003,984,2018-07-24,2018
23553,86,39722,2018-07-23,2018
54217,3368,472,2018-07-23,2018
203348,762,720,2018-07-23,2018
214078,317,192,2018-07-23,2018
235275,2282,2861,2018-07-23,2018
295313,31,157,2018-07-23,2018
361254,543,472,2018-07-23,2018
521841,16247,16239,2018-07-23,2018
279457,31,124,2018-07-22,2018
303259,1010,38,2018-07-22,2018
132207,603,2578,2018-07-21,2018
81649,338,2381,2018-07-20,2018
93177,121,3714,2018-07-20,2018
93730,1420,1095,2018-07-20,2018
155395,294,2687,2018-07-20,2018
203026,31,1003,2018-07-20,2018
232271,180,940,2018-07-20,2018
268179,12,723,2018-07-20,2018
312819,58,80,2018-07-20,2018
105470,12,31,2018-07-19,2018
105653,126,833,2018-07-19,2018
121324,1148,350,2018-07-19,2018
148367,206,430,2018-07-19,2018
167555,4482,48332,2018-07-19,2018
199258,800,2722,2018-07-19,2018
218085,173,5724,2018-07-19,2018
238947,12,3522,2018-07-19,2018
257785,7775,6,2018-07-19,2018
276002,234,235,2018-07-19,2018
296783,12,2441,2018-07-19,2018
366446,339,48332,2018-07-19,2018
443222,131,1533,2018-07-19,2018
245072,410,8970,2018-07-18,2018
334222,416,2441,2018-07-18,2018
351843,667,1095,2018-07-18,2018
12282,985,610,2018-07-17,2018
103565,289,618,2018-07-17,2018
131731,2293,6574,2018-07-17,2018
211251,16795,410,2018-07-17,2018
256339,506,1038,2018-07-17,2018
410425,1082,1237,2018-07-17,2018
416108,601,417,2018-07-17,2018
273152,1049,3709,2018-07-16,2018
303219,468,202,2018-07-16,2018
159372,398,379,2018-07-15,2018
226169,10484,19789,2018-07-15,2018
242940,6574,8970,2018-07-15,2018
102017,6195,631,2018-07-14,2018
369316,467,36,2018-07-14,2018
375391,289,2288,2018-07-14,2018
379634,16704,3714,2018-07-14,2018
91473,750,3524,2018-07-13,2018
99331,18,180,2018-07-13,2018
100131,336,150,2018-07-13,2018
137179,2700,11127,2018-07-13,2018
154319,336,2448,2018-07-13,2018
167329,417,18,2018-07-13,2018
197751,506,1390,2018-07-13,2018
216870,1049,331,2018-07-13,2018
224672,16795,7179,2018-07-13,2018
226012,368,3709,2018-07-13,2018
250464,1426,1269,2018-07-13,2018
312493,1426,1269,2018-07-13,2018
73794,1038,800,2018-07-12,2018
85240,252,3522,2018-07-12,2018
115763,141,252,2018-07-12,2018
163639,4083,430,2018-07-12,2018
177031,1085,39722,2018-07-12,2018
181547,720,24,2018-07-12,2018
182904,368,131,2018-07-12,2018
338424,762,681,2018-07-12,2018
33706,1049,336,2018-07-11,2018
69015,16,379,2018-07-11,2018
131075,6574,398,2018-07-11,2018
154147,4795,269,2018-07-11,2018
159908,449,20,2018-07-11,2018
215096,383,3008,2018-07-11,2018
222859,347,969,2018-07-11,2018
398073,418,16,2018-07-11,2018
454121,720,2425,2018-07-11,2018
465830,1158,11,2018-07-11,2018
44062,150,13,2018-07-10,2018
63463,940,1049,2018-07-10,2018
164913,162,416,2018-07-10,2018
172163,820,2381,2018-07-10,2018
264220,379,3008,2018-07-10,2018
293944,618,347,2018-07-10,2018
318077,1038,11,2018-07-10,2018
320440,206,443,2018-07-10,2018
337715,12,124,2018-07-10,2018
357003,6574,3522,2018-07-10,2018
386552,1420,124,2018-07-10,2018
457673,2722,2239,2018-07-10,2018
56354,1148,190,2018-07-09,2018
88242,5219,3999,2018-07-09,2018
99254,6195,130,2018-07-09,2018
162079,1244,16795,2018-07-09,2018
256977,336,683,2018-07-09,2018
275935,825,114,2018-07-09,2018
278359,940,714,2018-07-09,2018
410185,618,162,2018-07-09,2018
481513,6912,3329,2018-07-09,2018
190280,2293,5724,2018-07-08,2018
169681,1085,2420,2018-07-07,2018
251075,924,1082,2018-07-07,2018
277118,281,415,2018-07-07,2018
291200,347,39,2018-07-07,2018
113045,16795,1244,2018-07-06,2018
199976,800,8970,2018-07-06,2018
226025,6574,252,2018-07-06,2018
257474,416,2722,2018-07-06,2018
290532,417,1148,2018-07-06,2018
318507,40,1160,2018-07-06,2018
319160,410,1038,2018-07-06,2018
334964,703,1031,2018-07-06,2018
375659,16247,2477,2018-07-06,2018
395659,41201,1186,2018-07-06,2018
47004,3690,14589,2018-07-05,2018
102423,4083,3709,2018-07-05,2018
113025,720,2423,2018-07-05,2018
124560,46,5358,2018-07-05,2018
198006,720,2420,2018-07-05,2018
199316,2293,833,2018-07-05,2018
213670,418,24,2018-07-05,2018
240414,410,6195,2018-07-05,2018
272631,417,520,2018-07-05,2018
280730,681,418,2018-07-05,2018
281919,2441,441,2018-07-05,2018
350219,150,6195,2018-07-05,2018
364258,23826,1237,2018-07-05,2018
371149,290,24,2018-07-05,2018
32113,252,416,2018-07-04,2018
38607,1025,6574,2018-07-04,2018
63837,720,2420,2018-07-04,2018
165334,762,2553,2018-07-04,2018
187860,2457,2448,2018-07-04,2018
280701,940,3508,2018-07-04,2018
286415,714,150,2018-07-04,2018
300168,621,1244,2018-07-04,2018
36139,180,610,2018-07-03,2018
57134,1162,1416,2018-07-03,2018
110864,985,984,2018-07-03,2018
197126,39,190,2018-07-03,2018
203378,1049,58,2018-07-03,2018
204047,449,499,2018-07-03,2018
226074,41,5,2018-07-03,2018
316945,16247,2740,2018-07-03,2018
358165,720,2420,2018-07-03,2018
34322,16,11,2018-07-02,2018
52281,3205,19771,2018-07-02,2018
53696,383,1426,2018-07-02,2018
61812,583,621,2018-07-02,2018
117481,2477,23611,2018-07-02,2018
142031,418,33,2018-07-02,2018
193900,24,16,2018-07-02,2018
274461,16,1123,2018-07-02,2018
286949,1025,1010,2018-07-02,2018
292818,618,1082,2018-07-02,2018
311489,82,58,2018-07-02,2018
324690,583,1082,2018-07-02,2018
334557,2990,294,2018-07-02,2018
357117,415,430,2018-07-02,2018
403673,865,798,2018-07-02,2018
431561,79,10,2018-07-02,2018
7825,6195,5,2018-07-01,2018
12880,2672,653,2018-07-01,2018
22141,1025,12,2018-07-01,2018
27490,1147,826,2018-07-01,2018
28140,989,415,2018-07-01,2018
29692,2288,379,2018-07-01,2018
34283,276,683,2018-07-01,2018
42412,984,1003,2018-07-01,2018
44059,12,252,2018-07-01,2018
45026,336,543,2018-07-01,2018
45666,5818,206,2018-07-01,2018
46413,1038,4083,2018-07-01,2018
48015,24,15,2018-07-01,2018
48870,39,1110,2018-07-01,2018
49016,8838,16239,2018-07-01,2018
49676,3609,41231,2018-07-01,2018
53696,1426,383,2018-07-01,2018
55439,3609,41231,2018-07-01,2018
56100,39,1237,2018-07-01,2018
56809,667,347,2018-07-01,2018
57723,720,12,2018-07-01,2018
58429,2700,2696,2018-07-01,2018
58995,23826,206,2018-07-01,2018
59594,234,1090,2018-07-01,2018
60577,1041,416,2018-07-01,2018
64399,3709,873,2018-07-01,2018
70074,4128,3729,2018-07-01,2018
72121,3911,3524,2018-07-01,2018
72476,15,11,2018-07-01,2018
73564,289,1237,2018-07-01,2018
73794,6195,1038,2018-07-01,2018
74228,512,12321,2018-07-01,2018
78339,60,89,2018-07-01,2018
79377,44,42,2018-07-01,2018
80894,12,1025,2018-07-01,2018
81173,18,1304,2018-07-01,2018
84711,2420,979,2018-07-01,2018
84979,2760,1519,2018-07-01,2018
85291,19771,6890,2018-07-01,2018
85627,511,371,2018-07-01,2018
85969,26459,18105,2018-07-01,2018
87854,68608,2457,2018-07-01,2018
88909,749,430,2018-07-01,2018
90478,601,968,2018-07-01,2018
91727,18303,16239,2018-07-01,2018
91849,86,16,2018-07-01,2018
91931,114,338,2018-07-01,2018
91949,1085,979,2018-07-01,2018
92164,354,2282,2018-07-01,2018
92983,43,289,2018-07-01,2018
93081,610,383,2018-07-01,2018
93827,89,33,2018-07-01,2018
93844,3,533,2018-07-01,2018
94137,4,86,2018-07-01,2018
94307,1038,6574,2018-07-01,2018
96498,6993,9007,2018-07-01,2018
98543,40426,2741,2018-07-01,2018
99863,660,750,2018-07-01,2018
101118,29,150,2018-07-01,2018
105506,2439,11126,2018-07-01,2018
106872,80,38,2018-07-01,2018
107775,206,24,2018-07-01,2018
110036,3,60,2018-07-01,2018
110923,252,506,2018-07-01,2018
111196,398,46,2018-07-01,2018
111811,68608,2420,2018-07-01,2018
111830,43,511,2018-07-01,2018
112930,3057,38,2018-07-01,2018
112935,533,33,2018-07-01,2018
113052,833,2375,2018-07-01,2018
113133,150,430,2018-07-01,2018
116471,724,1435,2018-07-01,2018
119211,44,15,2018-07-01,2018
119296,31,506,2018-07-01,2018
120070,2760,465,2018-07-01,2018
121570,683,3057,2018-07-01,2018
122115,68608,2457,2018-07-01,2018
123349,200,610,2018-07-01,2018
124419,265,294,2018-07-01,2018
124555,2921,430,2018-07-01,2018
124700,28095,16704,2018-07-01,2018
124902,430,6574,2018-07-01,2018
125103,35,38,2018-07-01,2018
127189,46,1049,2018-07-01,2018
128909,1039,703,2018-07-01,2018
129476,131,1010,2018-07-01,2018
130360,1025,6195,2018-07-01,2018
131758,2414,190,2018-07-01,2018
136537,2477,660,2018-07-01,2018
137313,28643,2425,2018-07-01,2018
137616,449,940,2018-07-01,2018
138736,2292,1467,2018-07-01,2018
140191,931,379,2018-07-01,2018
140676,6992,18303,2018-07-01,2018
142021,1041,714,2018-07-01,2018
142031,24,418,2018-07-01,2018
142310,720,543,2018-07-01,2018
143029,157,667,2018-07-01,2018
146468,3690,3691,2018-07-01,2018
152651,162,1110,2018-07-01,2018
153084,33,27,2018-07-01,2018
153664,65,41,2018-07-01,2018
154351,354,157,2018-07-01,2018
157501,5,416,2018-07-01,2018
157535,703,683,2018-07-01,2018
160929,533,206,2018-07-01,2018
160938,60,79,2018-07-01,2018
160968,23826,3,2018-07-01,2018
163222,6574,12,2018-07-01,2018
163568,416,2722,2018-07-01,2018
163656,1237,124,2018-07-01,2018
164912,252,1160,2018-07-01,2018
165895,6574,46,2018-07-01,2018
166230,23611,1301,2018-07-01,2018
169687,3999,6676,2018-07-01,2018
170544,1095,417,2018-07-01,2018
170929,762,826,2018-07-01,2018
170953,667,1420,2018-07-01,2018
172066,2423,7179,2018-07-01,2018
174488,1025,2441,2018-07-01,2018
174733,1184,1038,2018-07-01,2018
177467,714,1050,2018-07-01,2018
177821,1304,642,2018-07-01,2018
178219,403,1005,2018-07-01,2018
178425,1533,621,2018-07-01,2018
180017,3690,2700,2018-07-01,2018
181477,2381,868,2018-07-01,2018
182409,40426,3691,2018-07-01,2018
182573,200,234,2018-07-01,2018
182712,1049,506,2018-07-01,2018
182891,347,58,2018-07-01,2018
183120,2282,354,2018-07-01,2018
183397,798,1269,2018-07-01,2018
185077,18,533,2018-07-01,2018
187245,610,1025,2018-07-01,2018
187587,430,24,2018-07-01,2018
187718,172,2282,2018-07-01,2018
187860,68608,2457,2018-07-01,2018
189650,642,723,2018-07-01,2018
189715,1083,2698,2018-07-01,2018
190185,2425,336,2018-07-01,2018
191614,660,985,2018-07-01,2018
193900,42,24,2018-07-01,2018
194214,68608,2457,2018-07-01,2018
196095,41,60,2018-07-01,2018
198006,7378,720,2018-07-01,2018
199248,800,12,2018-07-01,2018
199248,294,800,2018-07-01,2018
201248,1245,498,2018-07-01,2018
205562,162,13,2018-07-01,2018
205657,2778,2969,2018-07-01,2018
206040,294,543,2018-07-01,2018
207006,383,533,2018-07-01,2018
208379,1237,1071,2018-07-01,2018
208552,1184,2282,2018-07-01,2018
208772,124,1241,2018-07-01,2018
210178,281,897,2018-07-01,2018
212216,979,2420,2018-07-01,2018
212804,750,3508,2018-07-01,2018
213429,23611,443,2018-07-01,2018
213670,331,418,2018-07-01,2018
215551,383,642,2018-07-01,2018
215876,720,1003,2018-07-01,2018
215977,995,667,2018-07-01,2018
216579,8838,6993,2018-07-01,2018
217923,3609,41201,2018-07-01,2018
222079,26459,18105,2018-07-01,2018
225657,418,60,2018-07-01,2018
226802,3060,683,2018-07-01,2018
227084,533,4795,2018-07-01,2018
227961,366,3709,2018-07-01,2018
228645,1090,82,2018-07-01,2018
228660,2439,2700,2018-07-01,2018
228940,2425,1075,2018-07-01,2018
230222,940,472,2018-07-01,2018
230457,430,336,2018-07-01,2018
234189,58,10484,2018-07-01,2018
234733,1091,653,2018-07-01,2018
236400,995,1041,2018-07-01,2018
236997,68608,3349,2018-07-01,2018
238809,4795,1110,2018-07-01,2018
241229,405,244,2018-07-01,2018
242086,1038,12,2018-07-01,2018
243616,605,4603,2018-07-01,2018
244192,405,800,2018-07-01,2018
245228,738,41274,2018-07-01,2018
245744,11,42,2018-07-01,2018
249157,317,167,2018-07-01,2018
249552,1390,3057,2018-07-01,2018
251302,27,2036,2018-07-01,2018
251876,281,79,2018-07-01,2018
256429,993,3709,2018-07-01,2018
257707,3349,8024,2018-07-01,2018
258005,294,703,2018-07-01,2018
258015,294,703,2018-07-01,2018
258519,317,410,2018-07-01,2018
261905,39,33,2018-07-01,2018
262939,367,12321,2018-07-01,2018
264567,1420,1160,2018-07-01,2018
265040,1177,206,2018-07-01,2018
267382,2439,3609,2018-07-01,2018
267383,2698,932,2018-07-01,2018
270171,23826,80,2018-07-01,2018
272539,124,41,2018-07-01,2018
272622,415,379,2018-07-01,2018
273663,26459,18105,2018-07-01,2018
273738,13,1084,2018-07-01,2018
275159,4128,3714,2018-07-01,2018
276030,1075,1085,2018-07-01,2018
276896,157,232,2018-07-01,2018
277033,350,989,2018-07-01,2018
283994,3524,667,2018-07-01,2018
287700,276,2722,2018-07-01,2018
288259,468,354,2018-07-01,2018
289510,862,3057,2018-07-01,2018
289587,58,415,2018-07-01,2018
289648,1184,41274,2018-07-01,2018
290537,1082,29228,2018-07-01,2018
290801,371,2451,2018-07-01,2018
292808,58,2861,2018-07-01,2018
293828,40426,2696,2018-07-01,2018
294057,1123,1003,2018-07-01,2018
295780,4603,683,2018-07-01,2018
297990,1177,28643,2018-07-01,2018
301037,49702,3719,2018-07-01,2018
302215,23826,31,2018-07-01,2018
303657,46,252,2018-07-01,2018
308265,204,235,2018-07-01,2018
309944,1268,294,2018-07-01,2018
315211,468,306,2018-07-01,2018
315332,24,38,2018-07-01,2018
321247,3709,1123,2018-07-01,2018
321528,306,383,2018-07-01,2018
322985,234,1269,2018-07-01,2018
323954,41,42,2018-07-01,2018
324804,1162,46,2018-07-01,2018
325429,16247,18303,2018-07-01,2018
329723,162,703,2018-07-01,2018
330659,610,12,2018-07-01,2018
335461,24,1465,2018-07-01,2018
336104,5219,2671,2018-07-01,2018
337673,499,1435,2018-07-01,2018
338424,16,762,2018-07-01,2018
340950,13,543,2018-07-01,2018
342229,162,583,2018-07-01,2018
343289,2503,8024,2018-07-01,2018
344152,583,371,2018-07-01,2018
345590,46,6574,2018-07-01,2018
345746,865,18,2018-07-01,2018
345763,543,475,2018-07-01,2018
346289,1041,1049,2018-07-01,2018
348026,969,23826,2018-07-01,2018
353252,16247,2671,2018-07-01,2018
353399,1041,273,2018-07-01,2018
355104,12,2921,2018-07-01,2018
355369,1421,273,2018-07-01,2018
355861,467,2282,2018-07-01,2018
357147,720,985,2018-07-01,2018
357158,162,543,2018-07-01,2018
357565,1050,13,2018-07-01,2018
357995,46,800,2018-07-01,2018
358165,7179,720,2018-07-01,2018
362667,610,202,2018-07-01,2018
370042,385,403,2018-07-01,2018
371686,520,290,2018-07-01,2018
372712,3911,667,2018-07-01,2018
372713,290,3524,2018-07-01,2018
379181,3719,41231,2018-07-01,2018
379842,49702,3609,2018-07-01,2018
381348,40,290,2018-07-01,2018
384859,3524,826,2018-07-01,2018
386164,723,1304,2018-07-01,2018
386914,383,306,2018-07-01,2018
392085,46,12,2018-07-01,2018
395695,1041,750,2018-07-01,2018
397090,3325,2420,2018-07-01,2018
404839,10690,418,2018-07-01,2018
411295,2420,336,2018-07-01,2018
411838,683,1075,2018-07-01,2018
419723,354,58,2018-07-01,2018
420002,1041,39,2018-07-01,2018
426849,204,157,2018-07-01,2018
428563,2999,370,2018-07-01,2018
431561,10,79,2018-07-01,2018
432772,1095,162,2018-07-01,2018
446491,968,28643,2018-07-01,2018
450936,1416,1041,2018-07-01,2018
468260,3725,1091,2018-07-01,2018
481117,204,200,2018-07-01,2018
481173,1147,683,2018-07-01,2018
495920,339,60551,2018-07-01,2018
502893,354,28643,2018-07-01,2018
503625,22110,5818,2018-07-01,2018
517081,26459,18105,2018-07-01,2018
526578,16247,6993,2018-07-01,2018
11530,368,141,2018-06-30,2018
23553,1426,86,2018-06-30,2018
28140,415,989,2018-06-30,2018
30290,2282,234,2018-06-30,2018
33706,398,1049,2018-06-30,2018
34283,2441,276,2018-06-30,2018
44059,252,12,2018-06-30,2018
45601,306,4795,2018-06-30,2018
45858,2698,964,2018-06-30,2018
46413,4083,1038,2018-06-30,2018
48067,3729,964,2018-06-30,2018
48870,1110,39,2018-06-30,2018
55619,1244,1010,2018-06-30,2018
55687,1096,405,2018-06-30,2018
56036,36,964,2018-06-30,2018
58995,206,23826,2018-06-30,2018
59594,1090,234,2018-06-30,2018
60577,416,1041,2018-06-30,2018
66953,2292,19789,2018-06-30,2018
70580,3522,46,2018-06-30,2018
73185,897,11,2018-06-30,2018
73794,1038,6195,2018-06-30,2018
74228,12321,512,2018-06-30,2018
79377,38,44,2018-06-30,2018
81649,2381,338,2018-06-30,2018
88706,1025,749,2018-06-30,2018
88909,430,749,2018-06-30,2018
90478,968,601,2018-06-30,2018
91851,5724,190,2018-06-30,2018
91931,338,114,2018-06-30,2018
94307,4171,1038,2018-06-30,2018
95641,1244,150,2018-06-30,2018
97541,1083,964,2018-06-30,2018
99227,252,5,2018-06-30,2018
99863,2700,660,2018-06-30,2018
102423,3709,4083,2018-06-30,2018
103565,273,289,2018-06-30,2018
104223,2282,180,2018-06-30,2018
110366,2441,472,2018-06-30,2018
111051,417,1003,2018-06-30,2018
111376,58,23826,2018-06-30,2018
111873,3709,11,2018-06-30,2018
112930,38,3057,2018-06-30,2018
113025,3349,720,2018-06-30,2018
113045,1244,16795,2018-06-30,2018
113133,430,150,2018-06-30,2018
113707,618,244,2018-06-30,2018
118689,800,506,2018-06-30,2018
121570,3057,683,2018-06-30,2018
124555,430,2921,2018-06-30,2018
124715,232,6195,2018-06-30,2018
124902,6574,430,2018-06-30,2018
125103,269,35,2018-06-30,2018
126337,3690,28095,2018-06-30,2018
127189,1049,46,2018-06-30,2018
127202,58,762,2018-06-30,2018
129476,1010,131,2018-06-30,2018
129592,3508,641,2018-06-30,2018
130756,415,512,2018-06-30,2018
131708,10484,631,2018-06-30,2018
131821,317,703,2018-06-30,2018
136610,2969,289,2018-06-30,2018
136643,366,683,2018-06-30,2018
142021,714,1041,2018-06-30,2018
142310,543,720,2018-06-30,2018
144303,58,31,2018-06-30,2018
146799,4171,506,2018-06-30,2018
147034,383,631,2018-06-30,2018
148368,82,31,2018-06-30,2018
148485,40426,932,2018-06-30,2018
149729,379,46,2018-06-30,2018
149928,2420,8024,2018-06-30,2018
152651,1110,162,2018-06-30,2018
153427,367,1533,2018-06-30,2018
153754,833,2944,2018-06-30,2018
154319,68608,336,2018-06-30,2018
155395,16795,294,2018-06-30,2018
157501,416,5,2018-06-30,2018
159288,4083,416,2018-06-30,2018
159471,533,27,2018-06-30,2018
159844,269,89,2018-06-30,2018
159908,19789,449,2018-06-30,2018
160954,468,39,2018-06-30,2018
163222,12,6574,2018-06-30,2018
163568,2722,416,2018-06-30,2018
164913,40,162,2018-06-30,2018
165513,4171,800,2018-06-30,2018
167165,3325,1075,2018-06-30,2018
167798,16795,940,2018-06-30,2018
168337,2410,1003,2018-06-30,2018
170472,667,1010,2018-06-30,2018
177821,642,1304,2018-06-30,2018
179184,16,631,2018-06-30,2018
180843,1304,543,2018-06-30,2018
181768,618,964,2018-06-30,2018
182409,3691,40426,2018-06-30,2018
182688,169,683,2018-06-30,2018
182711,79,336,2018-06-30,2018
182712,46,1049,2018-06-30,2018
183120,2727,2282,2018-06-30,2018
186763,468,3508,2018-06-30,2018
187024,40426,964,2018-06-30,2018
187587,24,430,2018-06-30,2018
187718,1184,172,2018-06-30,2018
188335,68608,1075,2018-06-30,2018
189151,475,1091,2018-06-30,2018
192009,367,621,2018-06-30,2018
192616,4,86,2018-06-30,2018
193900,24,42,2018-06-30,2018
197135,1244,681,2018-06-30,2018
197470,800,506,2018-06-30,2018
197473,2722,6195,2018-06-30,2018
197642,475,11,2018-06-30,2018
198638,2424,720,2018-06-30,2018
199248,800,294,2018-06-30,2018
199316,11688,2293,2018-06-30,2018
199369,368,29,2018-06-30,2018
199733,4171,398,2018-06-30,2018
199976,430,800,2018-06-30,2018
203378,897,1049,2018-06-30,2018
203394,1049,985,2018-06-30,2018
204189,924,20,2018-06-30,2018
205677,4102,862,2018-06-30,2018
205938,232,631,2018-06-30,2018
207015,36,148,2018-06-30,2018
207580,269,82,2018-06-30,2018
210178,132,281,2018-06-30,2018
212862,5358,621,2018-06-30,2018
213260,2448,3368,2018-06-30,2018
215096,798,383,2018-06-30,2018
215551,192,383,2018-06-30,2018
216872,410,2921,2018-06-30,2018
223725,1108,131,2018-06-30,2018
225122,1049,583,2018-06-30,2018
225657,60,418,2018-06-30,2018
226074,472,41,2018-06-30,2018
226138,2420,336,2018-06-30,2018
230746,873,294,2018-06-30,2018
232093,40426,1083,2018-06-30,2018
234189,10484,58,2018-06-30,2018
235247,204,475,2018-06-30,2018
236997,3349,68608,2018-06-30,2018
237641,3060,1091,2018-06-30,2018
238654,2921,430,2018-06-30,2018
238809,1110,4795,2018-06-30,2018
240219,4171,430,2018-06-30,2018
240349,4171,398,2018-06-30,2018
240414,2722,410,2018-06-30,2018
241229,244,405,2018-06-30,2018
241527,2722,1038,2018-06-30,2018
242086,12,1038,2018-06-30,2018
242532,331,3709,2018-06-30,2018
243725,3558,1041,2018-06-30,2018
244192,800,405,2018-06-30,2018
245056,3368,416,2018-06-30,2018
245228,642,738,2018-06-30,2018
245744,79,11,2018-06-30,2018
247250,3302,12321,2018-06-30,2018
248271,868,2944,2018-06-30,2018
249271,4128,1083,2018-06-30,2018
249636,3558,417,2018-06-30,2018
251876,12321,281,2018-06-30,2018
256339,607,506,2018-06-30,2018
257376,3325,336,2018-06-30,2018
257482,475,1091,2018-06-30,2018
257937,2700,660,2018-06-30,2018
258027,2288,27,2018-06-30,2018
258364,467,234,2018-06-30,2018
258482,380,800,2018-06-30,2018
258626,114,294,2018-06-30,2018
262939,12321,367,2018-06-30,2018
264063,6993,660,2018-06-30,2018
265569,1162,162,2018-06-30,2018
270171,80,23826,2018-06-30,2018
274461,533,16,2018-06-30,2018
276337,3840,449,2018-06-30,2018
277167,1038,6574,2018-06-30,2018
277777,6993,660,2018-06-30,2018
278332,38,18,2018-06-30,2018
278531,749,6195,2018-06-30,2018
280701,3508,940,2018-06-30,2018
282488,44006,6646,2018-06-30,2018
289587,3508,58,2018-06-30,2018
290256,2969,1082,2018-06-30,2018
290537,29228,1082,2018-06-30,2018
290928,3558,2969,2018-06-30,2018
292356,169,1091,2018-06-30,2018
292357,2671,683,2018-06-30,2018
292808,798,58,2018-06-30,2018
293281,79,16,2018-06-30,2018
293661,1506,589,2018-06-30,2018
293944,3729,618,2018-06-30,2018
295313,29228,31,2018-06-30,2018
295331,1084,1010,2018-06-30,2018
296783,1082,12,2018-06-30,2018
297194,3368,940,2018-06-30,2018
300137,380,398,2018-06-30,2018
308278,16795,46,2018-06-30,2018
308279,4083,506,2018-06-30,2018
308371,2687,1084,2018-06-30,2018
308541,40426,1083,2018-06-30,2018
314295,18,379,2018-06-30,2018
315853,800,46,2018-06-30,2018
315867,2239,6574,2018-06-30,2018
316264,306,418,2018-06-30,2018
318507,3524,40,2018-06-30,2018
318508,1160,417,2018-06-30,2018
320440,1177,206,2018-06-30,2018
322985,1455,234,2018-06-30,2018
324690,969,583,2018-06-30,2018
324804,46,1162,2018-06-30,2018
324811,1159,618,2018-06-30,2018
328943,2503,720,2018-06-30,2018
329722,1075,294,2018-06-30,2018
329723,430,162,2018-06-30,2018
332179,3522,800,2018-06-30,2018
333098,653,441,2018-06-30,2018
334222,940,416,2018-06-30,2018
335209,234,430,2018-06-30,2018
336731,472,1049,2018-06-30,2018
337715,132,12,2018-06-30,2018
338070,403,683,2018-06-30,2018
338424,762,16,2018-06-30,2018
340491,7179,1075,2018-06-30,2018
340538,4750,46,2018-06-30,2018
340950,543,13,2018-06-30,2018
342229,583,162,2018-06-30,2018
343289,8024,2503,2018-06-30,2018
344152,371,583,2018-06-30,2018
344399,2503,336,2018-06-30,2018
349599,3302,1010,2018-06-30,2018
353399,1160,1041,2018-06-30,2018
354587,798,1090,2018-06-30,2018
355104,2921,12,2018-06-30,2018
356197,1108,1050,2018-06-30,2018
357158,543,162,2018-06-30,2018
358165,720,7179,2018-06-30,2018
358177,1085,720,2018-06-30,2018
364135,276,506,2018-06-30,2018
371686,290,520,2018-06-30,2018
385394,1387,800,2018-06-30,2018
393804,380,862,2018-06-30,2018
394328,738,273,2018-06-30,2018
403673,19657,865,2018-06-30,2018
406040,23826,29,2018-06-30,2018
411838,1075,683,2018-06-30,2018
418543,385,610,2018-06-30,2018
420002,738,1041,2018-06-30,2018
442891,667,1041,2018-06-30,2018
443778,40426,16704,2018-06-30,2018
450936,1041,1416,2018-06-30,2018
451353,19,46,2018-06-30,2018
454121,7378,720,2018-06-30,2018
472161,2921,410,2018-06-30,2018
481513,979,6912,2018-06-30,2018
40204,379,281,2018-05-31,2018
51152,931,762,2018-05-31,2018
73547,931,1237,2018-05-31,2018
90681,29,281,2018-05-31,2018
110864,405,985,2018-05-31,2018
157509,512,631,2018-05-31,2018
174915,762,1003,2018-05-31,2018
176485,931,631,2018-05-31,2018
202886,873,631,2018-05-31,2018
208379,1071,1237,2018-05-31,2018
222813,603,31,2018-05-31,2018
226973,1123,180,2018-05-31,2018
236490,3008,631,2018-05-31,2018
236510,931,31,2018-05-31,2018
250478,931,180,2018-05-31,2018
258916,703,29,2018-05-31,2018
303254,3008,631,2018-05-31,2018
315131,873,985,2018-05-31,2018
331726,2288,631,2018-05-31,2018
341049,677,148,2018-05-31,2018
342046,405,985,2018-05-31,2018
417346,641,281,2018-05-31,2018
506189,1031,677,2018-05-31,2018
85627,371,511,2018-05-21,2018
165334,2553,762,2018-05-14,2018
177130,511,903,2018-05-14,2018
188077,370,371,2018-05-14,2018
243633,2553,405,2018-05-14,2018
262545,43,31,2018-05-14,2018
289843,124,1039,2018-05-14,2018
298091,2759,512,2018-05-14,2018
495923,339,48332,2018-02-28,2018
136537,10690,2477,2018-02-22,2018
182409,40426,3691,2018-02-22,2018
288240,2439,2698,2018-02-22,2018
293944,618,3729,2018-02-21,2018
167555,16239,4482,2018-02-19,2018
268427,121,1124,2018-02-19,2018
45858,964,2698,2018-02-18,2018
137206,2698,964,2018-02-15,2018
435338,1095,1082,2018-02-14,2018
259849,16704,3714,2018-02-13,2018
120262,2696,23611,2018-02-12,2018
91931,114,338,2018-02-10,2018
443778,16704,40426,2018-02-09,2018
68410,683,703,2018-02-08,2018
222977,369,678,2018-02-07,2018
315236,26459,23611,2018-02-01,2018
315237,26459,23611,2018-02-01,2018
394328,273,738,2018-02-01,2018
45403,379,2288,2018-01-31,2018
48067,964,3729,2018-01-31,2018
51152,762,931,2018-01-31,2018
58864,16,11,2018-01-31,2018
66953,19789,2292,2018-01-31,2018
82442,11,631,2018-01-31,2018
85627,511,371,2018-01-31,2018
88706,749,1025,2018-01-31,2018
90681,281,29,2018-01-31,2018
102134,190,1053,2018-01-31,2018
113025,720,3349,2018-01-31,2018
124902,430,6574,2018-01-31,2018
144303,31,58,2018-01-31,2018
153427,1533,367,2018-01-31,2018
155395,294,16795,2018-01-31,2018
160954,39,468,2018-01-31,2018
167798,940,16795,2018-01-31,2018
174915,1003,762,2018-01-31,2018
177031,141,1085,2018-01-31,2018
177130,903,511,2018-01-31,2018
179184,631,16,2018-01-31,2018
182882,468,993,2018-01-31,2018
197642,11,475,2018-01-31,2018
198006,720,7378,2018-01-31,2018
205677,862,4102,2018-01-31,2018
211325,141,512,2018-01-31,2018
238407,865,873,2018-01-31,2018
273341,26459,9007,2018-01-31,2018
291739,499,86,2018-01-31,2018
295331,1010,1084,2018-01-31,2018
298975,506,6574,2018-01-31,2018
314295,379,18,2018-01-31,2018
315867,6574,2239,2018-01-31,2018
334222,416,940,2018-01-31,2018
343537,339,865,2018-01-31,2018
344393,7378,336,2018-01-31,2018
344395,720,7179,2018-01-31,2018
355104,12,2921,2018-01-31,2018
358165,7179,720,2018-01-31,2018
358177,720,1085,2018-01-31,2018
368482,506,1025,2018-01-31,2018
385394,800,1387,2018-01-31,2018
394328,738,273,2018-01-31,2018
406040,29,23826,2018-01-31,2018
417346,281,641,2018-01-31,2018
506189,677,1031,2018-01-31,2018
85627,903,511,2018-01-30,2018
88706,4102,749,2018-01-30,2018
99922,16,150,2018-01-30,2018
140310,28643,58,2018-01-30,2018
155395,3336,294,2018-01-30,2018
158863,681,621,2018-01-30,2018
168337,1003,2410,2018-01-30,2018
176553,621,281,2018-01-30,2018
181547,1085,720,2018-01-30,2018
181778,12,631,2018-01-30,2018
198006,931,720,2018-01-30,2018
199369,29,368,2018-01-30,2018
298975,6574,506,2018-01-30,2018
303259,172,1010,2018-01-30,2018
338672,46,3057,2018-01-30,2018
355104,19,12,2018-01-30,2018
368482,800,506,2018-01-30,2018
88706,749,4102,2018-01-29,2018
129476,131,1010,2018-01-29,2018
224884,631,33,2018-01-29,2018
243633,405,2553,2018-01-29,2018
245228,738,642,2018-01-29,2018
303259,58,172,2018-01-29,2018
208690,4171,46,2018-01-28,2018
245228,1426,738,2018-01-28,2018
303259,172,58,2018-01-28,2018
196231,167,89,2018-01-27,2018
337715,12,132,2018-01-27,2018
364133,252,162,2018-01-27,2018
442891,1041,667,2018-01-27,2018
64341,23611,1506,2018-01-26,2018
124715,6195,232,2018-01-26,2018
149729,46,379,2018-01-26,2018
173192,2999,370,2018-01-26,2018
175449,2448,5358,2018-01-26,2018
216872,2921,410,2018-01-26,2018
280701,940,3508,2018-01-26,2018
337715,416,12,2018-01-26,2018
442891,1082,1041,2018-01-26,2018
152733,60,23,2018-01-25,2018
156990,27,86,2018-01-25,2018
268179,749,12,2018-01-25,2018
297194,940,3368,2018-01-25,2018
336731,1049,472,2018-01-25,2018
342046,985,405,2018-01-25,2018
442891,667,1082,2018-01-25,2018
136111,3508,506,2018-01-24,2018
240263,192,4795,2018-01-24,2018
280701,449,940,2018-01-24,2018
298091,512,2759,2018-01-24,2018
314965,294,252,2018-01-24,2018
55687,405,1096,2018-01-23,2018
79377,44,38,2018-01-23,2018
119037,65,23,2018-01-23,2018
226138,336,2420,2018-01-23,2018
281404,631,762,2018-01-23,2018
293281,16,79,2018-01-23,2018
369684,865,610,2018-01-23,2018
451858,3329,7378,2018-01-23,2018
454121,720,7378,2018-01-23,2018
40433,11,985,2018-01-22,2018
55735,985,11,2018-01-22,2018
148485,932,40426,2018-01-22,2018
198638,720,2424,2018-01-22,2018
230746,294,873,2018-01-22,2018
250478,180,931,2018-01-22,2018
333098,441,653,2018-01-22,2018
388165,1420,1158,2018-01-22,2018
388165,1147,1420,2018-01-21,2018
263267,410,6890,2018-01-20,2018
30290,234,2282,2018-01-19,2018
257785,6646,7775,2018-01-19,2018
270393,1177,190,2018-01-19,2018
341049,148,677,2018-01-19,2018
70923,26459,4482,2018-01-18,2018
94307,1038,4171,2018-01-18,2018
166737,40426,121,2018-01-18,2018
340538,46,4750,2018-01-18,2018
354587,1090,798,2018-01-18,2018
222813,31,603,2018-01-17,2018
340538,1627,46,2018-01-17,2018
395083,4171,2921,2018-01-17,2018
177866,68608,385,2018-01-16,2018
102423,4083,3709,2018-01-15,2018
177866,976,68608,2018-01-15,2018
290928,2969,3558,2018-01-15,2018
341049,350,148,2018-01-15,2018
345654,12321,281,2018-01-15,2018
199316,2293,11688,2018-01-14,2018
200777,1123,1110,2018-01-12,2018
52480,2425,336,2018-01-11,2018
74869,11,1049,2018-01-11,2018
153754,2944,833,2018-01-11,2018
249636,417,3558,2018-01-11,2018
256267,820,126,2018-01-11,2018
110668,2282,399,2018-01-10,2018
174488,2722,1025,2018-01-10,2018
251664,1071,762,2018-01-10,2018
230222,826,940,2018-01-09,2018
391720,6676,683,2018-01-09,2018
80444,31,131,2018-01-08,2018
199316,152,2293,2018-01-08,2018
430190,339,1096,2018-01-08,2018
363227,1241,2760,2018-01-07,2018
236468,23611,338,2018-01-06,2018
45671,114,29,2018-01-05,2018
131978,29,631,2018-01-05,2018
192616,86,4,2018-01-05,2018
312819,354,58,2018-01-05,2018
12029,2282,1420,2018-01-04,2018
46083,338,114,2018-01-04,2018
188180,190,338,2018-01-04,2018
218085,865,173,2018-01-04,2018
253664,2778,22110,2018-01-04,2018
274484,1421,1082,2018-01-04,2018
415912,2671,11,2018-01-04,2018
57534,157,3508,2018-01-03,2018
87884,12,6195,2018-01-03,2018
90478,601,968,2018-01-03,2018
111053,1039,855,2018-01-03,2018
214666,641,2288,2018-01-03,2018
242532,3709,331,2018-01-03,2018
289683,173,23,2018-01-03,2018
289843,1039,124,2018-01-03,2018
77547,169,683,2018-01-02,2018
87884,6195,12,2018-01-02,2018
152651,162,1110,2018-01-02,2018
164913,162,40,2018-01-02,2018
188335,1075,68608,2018-01-02,2018
242532,1049,3709,2018-01-02,2018
418543,610,385,2018-01-02,2018
49676,2741,3609,2018-01-01,2018
70114,40426,964,2018-01-01,2018
85627,511,903,2018-01-01,2018
99863,660,2700,2018-01-01,2018
104700,41201,3691,2018-01-01,2018
139208,180,31,2018-01-01,2018
232964,2778,1148,2018-01-01,2018
238585,603,124,2018-01-01,2018
288340,23,127,2018-01-01,2018
407021,206,2414,2018-01-01,2018
418543,385,610,2018-01-01,2018
464259,3691,2696,2018-01-01,2018
67082,472,13,2017-12-31,2017
99863,601,660,2017-12-31,2017
108710,10690,338,2017-12-31,2017
213980,6993,660,2017-12-31,2017
238585,124,603,2017-12-31,2017
251106,3368,1050,2017-12-31,2017
281917,2741,1083,2017-12-31,2017
289059,2740,660,2017-12-31,2017
293134,1063,5724,2017-12-31,2017
293169,79,82,2017-12-31,2017
314295,18,379,2017-12-31,2017
290801,465,371,2017-12-23,2017
208379,1237,1071,2017-11-30,2017
251106,1050,3368,2017-10-30,2017
290801,371,465,2017-09-22,2017
33027,762,1237,2017-09-20,2017
33027,1237,762,2017-09-19,2017
60164,43,265,2017-09-11,2017
81649,338,2381,2017-09-08,2017
181477,2944,2381,2017-09-08,2017
191391,449,20,2017-09-08,2017
193158,338,2477,2017-09-08,2017
207015,148,36,2017-09-08,2017
257785,2832,6646,2017-09-08,2017
166563,6992,49364,2017-09-07,2017
248271,2944,868,2017-09-06,2017
91419,16247,18303,2017-09-05,2017
216608,868,820,2017-09-05,2017
226802,683,3060,2017-09-05,2017
55619,1010,1244,2017-09-01,2017
203394,985,1049,2017-09-01,2017
208379,1071,1237,2017-09-01,2017
223725,131,1108,2017-09-01,2017
225122,583,1049,2017-09-01,2017
277777,660,6993,2017-09-01,2017
11530,141,368,2017-08-31,2017
28356,1420,855,2017-08-31,2017
33027,762,1237,2017-08-31,2017
33706,1049,398,2017-08-31,2017
35247,82,1091,2017-08-31,2017
45601,4795,306,2017-08-31,2017
47713,31,873,2017-08-31,2017
53286,964,1091,2017-08-31,2017
53418,15,23826,2017-08-31,2017
55356,121,1083,2017-08-31,2017
56036,964,36,2017-08-31,2017
56810,336,1003,2017-08-31,2017
73185,11,897,2017-08-31,2017
73794,6195,1038,2017-08-31,2017
80702,2288,132,2017-08-31,2017
91851,190,5724,2017-08-31,2017
92248,1053,2778,2017-08-31,2017
103565,289,273,2017-08-31,2017
110366,472,2441,2017-08-31,2017
111051,1003,417,2017-08-31,2017
112930,3057,38,2017-08-31,2017
113707,244,618,2017-08-31,2017
127032,583,148,2017-08-31,2017
130756,512,415,2017-08-31,2017
136610,289,2969,2017-08-31,2017
139341,2420,58,2017-08-31,2017
142021,1041,714,2017-08-31,2017
143424,11,31,2017-08-31,2017
148368,31,82,2017-08-31,2017
157501,5,416,2017-08-31,2017
168158,1096,28643,2017-08-31,2017
173859,416,631,2017-08-31,2017
187587,430,24,2017-08-31,2017
193469,2282,683,2017-08-31,2017
215096,383,798,2017-08-31,2017
237164,38,42,2017-08-31,2017
238585,603,124,2017-08-31,2017
240349,398,4171,2017-08-31,2017
249271,1083,4128,2017-08-31,2017
258027,27,2288,2017-08-31,2017
290256,1082,2969,2017-08-31,2017
292357,683,2671,2017-08-31,2017
293134,5724,1063,2017-08-31,2017
303254,631,3008,2017-08-31,2017
315853,46,800,2017-08-31,2017
315853,800,46,2017-08-31,2017
323379,19,417,2017-08-31,2017
324351,683,15,2017-08-31,2017
324804,1162,46,2017-08-31,2017
328943,720,2503,2017-08-31,2017
342229,162,583,2017-08-31,2017
344152,583,371,2017-08-31,2017
364135,506,276,2017-08-31,2017
371686,520,290,2017-08-31,2017
393804,862,380,2017-08-31,2017
403673,865,19657,2017-08-31,2017
415646,1075,398,2017-08-31,2017
420884,3057,5220,2017-08-31,2017
450936,1416,1041,2017-08-31,2017
487465,1075,398,2017-08-31,2017
64793,6195,1390,2017-08-30,2017
95641,150,1244,2017-08-30,2017
104223,180,2282,2017-08-30,2017
129674,533,16,2017-08-30,2017
177350,2741,14589,2017-08-30,2017
182688,683,169,2017-08-30,2017
274461,16,533,2017-08-30,2017
301037,28095,49702,2017-08-30,2017
308278,46,16795,2017-08-30,2017
312819,58,354,2017-08-30,2017
329722,294,1075,2017-08-30,2017
353399,1041,1160,2017-08-30,2017
448783,2477,48726,2017-08-30,2017
46104,46,162,2017-08-29,2017
99047,6890,2944,2017-08-29,2017
131821,703,317,2017-08-29,2017
173750,543,3008,2017-08-29,2017
237641,1091,3060,2017-08-29,2017
238752,398,162,2017-08-29,2017
242086,1038,12,2017-08-29,2017
283223,16,940,2017-08-29,2017
69015,338,16,2017-08-28,2017
131161,265,190,2017-08-28,2017
338670,58,294,2017-08-28,2017
14044,543,399,2017-08-27,2017
170472,1010,667,2017-08-26,2017
131708,631,10484,2017-08-25,2017
136643,683,366,2017-08-25,2017
165334,762,2553,2017-08-25,2017
170472,16795,1010,2017-08-25,2017
260827,317,1038,2017-08-25,2017
288230,16,131,2017-08-25,2017
332179,800,3522,2017-08-25,2017
341049,148,350,2017-08-25,2017
341317,23826,984,2017-08-25,2017
59322,660,10690,2017-08-24,2017
187499,39,269,2017-08-24,2017
238809,4795,1110,2017-08-24,2017
340538,46,1627,2017-08-24,2017
184398,2288,3008,2017-08-23,2017
195488,180,148,2017-08-23,2017
241207,683,169,2017-08-23,2017
318508,417,1160,2017-08-23,2017
340394,4,1110,2017-08-23,2017
341429,610,148,2017-08-23,2017
358956,8838,49364,2017-08-23,2017
140808,58,28643,2017-08-22,2017
182712,1049,46,2017-08-22,2017
198006,720,931,2017-08-22,2017
226155,1465,3057,2017-08-22,2017
241527,1038,2722,2017-08-22,2017
108725,399,1132,2017-08-21,2017
127189,46,1049,2017-08-21,2017
159668,306,234,2017-08-21,2017
172779,1455,133,2017-08-21,2017
231471,683,265,2017-08-21,2017
238654,430,2921,2017-08-19,2017
113133,150,430,2017-08-18,2017
149498,11,1049,2017-08-18,2017
149928,8024,2420,2017-08-18,2017
177866,68608,976,2017-08-18,2017
262939,367,12321,2017-08-18,2017
265513,2999,2553,2017-08-18,2017
363227,2760,1241,2017-08-18,2017
442891,1082,667,2017-08-18,2017
120262,23611,2696,2017-08-17,2017
186763,3508,468,2017-08-17,2017
204176,820,39722,2017-08-17,2017
258482,800,380,2017-08-17,2017
343289,2503,8024,2017-08-17,2017
27490,595,1147,2017-08-16,2017
28140,989,415,2017-08-16,2017
79294,499,383,2017-08-16,2017
81999,512,762,2017-08-16,2017
90466,2288,29,2017-08-16,2017
120966,26459,48726,2017-08-16,2017
213980,660,6993,2017-08-16,2017
221958,338,157,2017-08-16,2017
236510,31,931,2017-08-16,2017
265569,162,1162,2017-08-16,2017
282388,252,430,2017-08-16,2017
332612,979,3368,2017-08-16,2017
337715,12,416,2017-08-16,2017
124555,2921,430,2017-08-15,2017
245056,416,3368,2017-08-15,2017
329723,162,430,2017-08-15,2017
57162,379,141,2017-08-14,2017
126014,405,1032,2017-08-13,2017
187718,172,1184,2017-08-12,2017
74228,512,12321,2017-08-11,2017
159908,449,19789,2017-08-11,2017
276030,29228,1075,2017-08-11,2017
451858,7378,3329,2017-08-11,2017
58855,20,868,2017-08-10,2017
112052,720,512,2017-08-10,2017
133179,641,800,2017-08-10,2017
148666,16704,714,2017-08-10,2017
216608,820,868,2017-08-10,2017
241229,405,244,2017-08-10,2017
308371,1084,2687,2017-08-10,2017
315131,985,873,2017-08-10,2017
339820,13,3709,2017-08-10,2017
345654,281,12321,2017-08-10,2017
98512,820,2944,2017-08-09,2017
120565,1132,1010,2017-08-09,2017
126687,417,430,2017-08-09,2017
153754,152,2944,2017-08-09,2017
199316,2293,152,2017-08-09,2017
154319,336,68608,2017-08-08,2017
170934,506,180,2017-08-08,2017
181768,964,618,2017-08-08,2017
187798,605,265,2017-08-08,2017
45660,33,512,2017-08-07,2017
55524,19771,820,2017-08-07,2017
79027,383,1237,2017-08-07,2017
88348,2671,1091,2017-08-07,2017
89733,1531,2687,2017-08-07,2017
118287,1041,162,2017-08-07,2017
272642,162,417,2017-08-07,2017
322985,234,1455,2017-08-07,2017
324811,618,1159,2017-08-07,2017
60577,1041,416,2017-08-05,2017
308279,506,4083,2017-08-05,2017
18644,1049,114,2017-08-04,2017
51174,281,141,2017-08-04,2017
93831,1268,1123,2017-08-04,2017
129679,347,3368,2017-08-04,2017
146799,506,4171,2017-08-04,2017
276337,449,3840,2017-08-04,2017
277167,6574,1038,2017-08-04,2017
189070,2288,1032,2017-08-03,2017
211325,2944,141,2017-08-03,2017
250138,520,968,2017-08-03,2017
258916,29,703,2017-08-03,2017
278531,6195,749,2017-08-03,2017
354340,468,41,2017-08-03,2017
81775,200,289,2017-08-02,2017
111873,11,3709,2017-08-02,2017
127236,21957,6676,2017-08-02,2017
139393,8024,7179,2017-08-02,2017
143812,430,46,2017-08-02,2017
205938,631,232,2017-08-02,2017
251664,762,1071,2017-08-02,2017
258364,234,467,2017-08-02,2017
291400,5,4083,2017-08-02,2017
15956,281,368,2017-08-01,2017
51894,20,6890,2017-08-01,2017
64352,403,610,2017-08-01,2017
159288,416,4083,2017-08-01,2017
192009,621,367,2017-08-01,2017
197471,800,46,2017-08-01,2017
203655,1158,347,2017-08-01,2017
261504,281,12321,2017-08-01,2017
263267,2293,410,2017-08-01,2017
287635,749,618,2017-08-01,2017
447661,281,12321,2017-08-01,2017
48859,36,368,2017-07-31,2017
74683,631,985,2017-07-31,2017
129554,1010,234,2017-07-31,2017
197471,46,800,2017-07-31,2017
251876,281,12321,2017-07-31,2017
295313,31,29228,2017-07-31,2017
104597,58,410,2017-07-29,2017
232093,1083,40426,2017-07-29,2017
242940,458,6574,2017-07-29,2017
169687,3060,3999,2017-07-28,2017
213260,3368,2448,2017-07-28,2017
232093,3725,1083,2017-07-28,2017
262545,31,43,2017-07-28,2017
338424,16,762,2017-07-28,2017
354352,40,1162,2017-07-28,2017
132010,441,605,2017-07-27,2017
136111,506,3508,2017-07-27,2017
139279,40,995,2017-07-27,2017
157535,683,703,2017-07-27,2017
197473,6195,2722,2017-07-27,2017
243616,441,605,2017-07-27,2017
268179,12,749,2017-07-27,2017
190513,506,903,2017-07-26,2017
410225,347,273,2017-07-26,2017
73547,1237,931,2017-07-25,2017
127142,150,667,2017-07-25,2017
164771,405,430,2017-07-25,2017
321528,468,306,2017-07-25,2017
340950,13,543,2017-07-25,2017
157495,162,281,2017-07-24,2017
221150,475,3709,2017-07-24,2017
241481,610,873,2017-07-24,2017
276030,1075,29228,2017-07-24,2017
282488,6646,44006,2017-07-24,2017
344399,336,2503,2017-07-24,2017
357885,1084,1050,2017-07-24,2017
145707,418,281,2017-07-23,2017
41384,512,379,2017-07-22,2017
51321,379,641,2017-07-22,2017
300137,398,380,2017-07-22,2017
39983,506,5,2017-07-21,2017
59323,641,12321,2017-07-21,2017
88879,4482,23611,2017-07-21,2017
128223,418,631,2017-07-21,2017
135343,533,897,2017-07-21,2017
146258,383,24,2017-07-21,2017
157509,631,512,2017-07-21,2017
162029,13,762,2017-07-21,2017
182875,2282,3911,2017-07-21,2017
212862,621,5358,2017-07-21,2017
234803,3008,31,2017-07-21,2017
58995,23826,206,2017-07-20,2017
88682,5,506,2017-07-20,2017
88706,4102,749,2017-07-20,2017
163222,6574,12,2017-07-20,2017
181547,720,1085,2017-07-20,2017
286779,2448,3,2017-07-20,2017
357158,162,543,2017-07-20,2017
18940,995,11282,2017-07-19,2017
23553,86,1426,2017-07-19,2017
33781,289,1032,2017-07-19,2017
44058,11,506,2017-07-19,2017
59597,1041,932,2017-07-19,2017
85528,399,276,2017-07-19,2017
126625,1075,1084,2017-07-19,2017
199527,1123,762,2017-07-19,2017
199733,398,4171,2017-07-19,2017
40204,281,379,2017-07-18,2017
59594,234,1090,2017-07-18,2017
72857,273,969,2017-07-18,2017
130394,5,252,2017-07-18,2017
228444,1090,234,2017-07-18,2017
261927,1084,1075,2017-07-18,2017
288253,306,234,2017-07-18,2017
342226,162,520,2017-07-18,2017
27178,475,7378,2017-07-17,2017
82503,2687,331,2017-07-17,2017
139336,336,1533,2017-07-17,2017
186172,703,641,2017-07-17,2017
205550,750,172,2017-07-17,2017
338425,331,416,2017-07-17,2017
349599,1010,3302,2017-07-17,2017
107803,2700,6993,2017-07-16,2017
341647,6890,12,2017-07-16,2017
83560,449,2381,2017-07-15,2017
99227,5,252,2017-07-15,2017
182618,162,631,2017-07-15,2017
192735,2778,940,2017-07-15,2017
257376,336,3325,2017-07-15,2017
12880,21957,2672,2017-07-14,2017
19041,114,6890,2017-07-14,2017
48634,1083,2698,2017-07-14,2017
59209,1083,2698,2017-07-14,2017
78507,403,2727,2017-07-14,2017
95424,148,281,2017-07-14,2017
102423,142,4083,2017-07-14,2017
110864,985,405,2017-07-14,2017
159471,27,533,2017-07-14,2017
180337,1083,2698,2017-07-14,2017
203378,1049,897,2017-07-14,2017
204189,20,924,2017-07-14,2017
214666,2288,641,2017-07-14,2017
217115,618,1148,2017-07-14,2017
231572,294,131,2017-07-14,2017
235247,475,204,2017-07-14,2017
319745,150,418,2017-07-14,2017
368482,506,800,2017-07-14,2017
67082,13,472,2017-07-13,2017
87884,12,6195,2017-07-13,2017
131506,5358,399,2017-07-13,2017
165513,800,4171,2017-07-13,2017
229006,417,3524,2017-07-13,2017
263727,714,1533,2017-07-13,2017
297645,12,6574,2017-07-13,2017
394300,12,6574,2017-07-13,2017
64341,16247,23611,2017-07-12,2017
67082,368,13,2017-07-12,2017
70580,46,3522,2017-07-12,2017
78961,371,370,2017-07-12,2017
88685,6676,5,2017-07-12,2017
177847,985,681,2017-07-12,2017
182882,5358,468,2017-07-12,2017
190146,601,520,2017-07-12,2017
202886,631,873,2017-07-12,2017
207573,128,3060,2017-07-12,2017
208379,1237,1071,2017-07-12,2017
236468,16247,23611,2017-07-12,2017
248738,5358,331,2017-07-12,2017
264176,58,703,2017-07-12,2017
269878,2778,1184,2017-07-12,2017
273663,339,26459,2017-07-12,2017
292808,58,798,2017-07-12,2017
310131,520,2727,2017-07-12,2017
23951,873,244,2017-07-11,2017
40613,2288,1132,2017-07-11,2017
44059,12,252,2017-07-11,2017
96254,1627,749,2017-07-11,2017
119228,1038,368,2017-07-11,2017
155395,294,3336,2017-07-11,2017
187024,964,40426,2017-07-11,2017
192875,157,20,2017-07-11,2017
197929,862,749,2017-07-11,2017
199953,862,399,2017-07-11,2017
236490,631,3008,2017-07-11,2017
247250,12321,3302,2017-07-11,2017
250844,595,1162,2017-07-11,2017
303116,430,2239,2017-07-11,2017
340491,1075,7179,2017-07-11,2017
472161,410,2921,2017-07-11,2017
29712,1123,543,2017-07-10,2017
31067,6195,24,2017-07-10,2017
96341,29,985,2017-07-10,2017
98131,449,820,2017-07-10,2017
131758,931,2414,2017-07-10,2017
206746,610,1041,2017-07-10,2017
243725,1041,3558,2017-07-10,2017
250450,234,385,2017-07-10,2017
251680,237,273,2017-07-10,2017
296783,12,1082,2017-07-10,2017
320440,206,1177,2017-07-10,2017
372711,995,33,2017-07-10,2017
472161,2921,410,2017-07-10,2017
29559,1084,3057,2017-07-09,2017
73926,410,4083,2017-07-09,2017
86202,12,631,2017-07-09,2017
58267,10484,1467,2017-07-08,2017
142310,720,543,2017-07-08,2017
163568,416,2722,2017-07-08,2017
256339,506,607,2017-07-08,2017
355104,12,19,2017-07-08,2017
459463,1010,5358,2017-07-08,2017
20506,383,150,2017-07-07,2017
42072,4,105,2017-07-07,2017
52059,190,1110,2017-07-07,2017
59248,336,19771,2017-07-07,2017
61812,681,583,2017-07-07,2017
64598,641,12321,2017-07-07,2017
80442,1096,41274,2017-07-07,2017
111819,506,1049,2017-07-07,2017
126337,28095,3690,2017-07-07,2017
142924,2861,29228,2017-07-07,2017
160380,3057,931,2017-07-07,2017
182916,273,2969,2017-07-07,2017
190280,2778,2293,2017-07-07,2017
204069,1038,46,2017-07-07,2017
262226,1184,800,2017-07-07,2017
264063,660,6993,2017-07-07,2017
324690,583,969,2017-07-07,2017
332179,5,800,2017-07-07,2017
411838,683,1075,2017-07-07,2017
65467,368,1003,2017-07-06,2017
85383,281,1108,2017-07-06,2017
187188,798,1268,2017-07-06,2017
195633,399,1132,2017-07-06,2017
238626,1147,1159,2017-07-06,2017
250013,1423,1420,2017-07-06,2017
343492,339,60551,2017-07-06,2017
404839,339,10690,2017-07-06,2017
448867,339,60551,2017-07-06,2017
448868,339,60551,2017-07-06,2017
25520,383,499,2017-07-05,2017
27493,2448,1244,2017-07-05,2017
38780,68608,3336,2017-07-05,2017
46413,1038,4083,2017-07-05,2017
93720,1041,11,2017-07-05,2017
157396,157,354,2017-07-05,2017
191987,68608,1082,2017-07-05,2017
208934,124,703,2017-07-05,2017
225657,418,60,2017-07-05,2017
226973,180,1123,2017-07-05,2017
234189,58,10484,2017-07-05,2017
238639,969,1110,2017-07-05,2017
318528,750,855,2017-07-05,2017
339808,13,418,2017-07-05,2017
356197,1050,1108,2017-07-05,2017
386552,595,1420,2017-07-05,2017
14132,418,114,2017-07-04,2017
58330,1244,16795,2017-07-04,2017
63491,3999,24245,2017-07-04,2017
120205,41,167,2017-07-04,2017
124502,16,18,2017-07-04,2017
127108,1533,762,2017-07-04,2017
186337,1031,2553,2017-07-04,2017
197135,681,1244,2017-07-04,2017
230222,940,826,2017-07-04,2017
331726,631,2288,2017-07-04,2017
335209,430,234,2017-07-04,2017
400485,40,6195,2017-07-04,2017
60542,1041,12,2017-07-03,2017
82410,202,499,2017-07-03,2017
112648,2441,265,2017-07-03,2017
118022,338,141,2017-07-03,2017
118534,1132,29,2017-07-03,2017
126414,15,5,2017-07-03,2017
152651,234,162,2017-07-03,2017
174488,1025,2722,2017-07-03,2017
199369,1084,29,2017-07-03,2017
201248,29228,1245,2017-07-03,2017
289059,660,2740,2017-07-03,2017
53360,180,984,2017-07-02,2017
155395,982,294,2017-07-02,2017
164913,3508,162,2017-07-02,2017
166683,1245,157,2017-07-02,2017
167556,660,2740,2017-07-02,2017
240306,1038,336,2017-07-02,2017
278332,18,38,2017-07-02,2017
303259,58,172,2017-07-02,2017
22628,273,40,2017-07-01,2017
22860,369,865,2017-07-01,2017
25508,583,416,2017-07-01,2017
27807,416,46,2017-07-01,2017
30321,415,367,2017-07-01,2017
33763,380,4171,2017-07-01,2017
33873,631,989,2017-07-01,2017
36364,14589,4128,2017-07-01,2017
39333,46,114,2017-07-01,2017
40687,1041,36,2017-07-01,2017
42735,1010,58,2017-07-01,2017
43512,15,16,2017-07-01,2017
45314,148,12,2017-07-01,2017
45858,1083,964,2017-07-01,2017
48870,39,1110,2017-07-01,2017
49676,3729,2741,2017-07-01,2017
50818,2282,601,2017-07-01,2017
52380,370,371,2017-07-01,2017
52403,683,1244,2017-07-01,2017
52477,2700,1083,2017-07-01,2017
53696,38,1426,2017-07-01,2017
56631,306,2288,2017-07-01,2017
57534,172,157,2017-07-01,2017
58429,14589,2700,2017-07-01,2017
58489,15,41,2017-07-01,2017
58965,976,979,2017-07-01,2017
60793,370,124,2017-07-01,2017
61397,232,1083,2017-07-01,2017
61989,105,42,2017-07-01,2017
70074,40426,4128,2017-07-01,2017
76467,1108,1010,2017-07-01,2017
77825,398,800,2017-07-01,2017
82873,4795,1237,2017-07-01,2017
84483,1083,964,2017-07-01,2017
85906,15,24,2017-07-01,2017
85969,16247,26459,2017-07-01,2017
86784,82,5,2017-07-01,2017
87162,458,200,2017-07-01,2017
87854,798,68608,2017-07-01,2017
87884,749,12,2017-07-01,2017
88647,1177,1063,2017-07-01,2017
90583,720,1110,2017-07-01,2017
91854,2293,543,2017-07-01,2017
91970,631,506,2017-07-01,2017
93315,3508,1148,2017-07-01,2017
94005,33,11,2017-07-01,2017
97541,964,1083,2017-07-01,2017
98543,2700,40426,2017-07-01,2017
99863,660,601,2017-07-01,2017
102132,1053,173,2017-07-01,2017
102572,16247,18303,2017-07-01,2017
104700,2741,41201,2017-07-01,2017
110686,825,449,2017-07-01,2017
110688,4482,60551,2017-07-01,2017
117478,86,2036,2017-07-01,2017
118847,167,15,2017-07-01,2017
119037,1148,65,2017-07-01,2017
121985,46,12,2017-07-01,2017
124410,23826,167,2017-07-01,2017
124715,416,6195,2017-07-01,2017
124732,44,82,2017-07-01,2017
124884,1184,1090,2017-07-01,2017
126516,1533,3368,2017-07-01,2017
127181,1158,969,2017-07-01,2017
127202,762,58,2017-07-01,2017
128969,1049,1237,2017-07-01,2017
129476,29,131,2017-07-01,2017
129513,79,39,2017-07-01,2017
129585,3057,2282,2017-07-01,2017
129592,641,3508,2017-07-01,2017
130164,289,29,2017-07-01,2017
131553,660,6993,2017-07-01,2017
131996,631,1041,2017-07-01,2017
135492,583,40,2017-07-01,2017
137648,16795,1083,2017-07-01,2017
139395,336,1075,2017-07-01,2017
139396,141,23826,2017-07-01,2017
143852,265,6418,2017-07-01,2017
143891,60,16,2017-07-01,2017
144583,1083,964,2017-07-01,2017
146752,46,1038,2017-07-01,2017
148455,12,31,2017-07-01,2017
154396,533,80,2017-07-01,2017
155025,1085,124,2017-07-01,2017
155964,338,18303,2017-07-01,2017
157036,1301,1075,2017-07-01,2017
157507,1423,417,2017-07-01,2017
159471,86,27,2017-07-01,2017
164705,1301,1075,2017-07-01,2017
164729,2672,2441,2017-07-01,2017
164913,1082,3508,2017-07-01,2017
165825,6992,660,2017-07-01,2017
166237,12,964,2017-07-01,2017
166601,533,27,2017-07-01,2017
166683,714,1245,2017-07-01,2017
167105,3508,40,2017-07-01,2017
170646,190,86,2017-07-01,2017
172202,1304,499,2017-07-01,2017
173589,826,2441,2017-07-01,2017
174196,826,667,2017-07-01,2017
176961,141,589,2017-07-01,2017
177046,714,1108,2017-07-01,2017
177130,1519,903,2017-07-01,2017
177476,631,989,2017-07-01,2017
177907,3008,1003,2017-07-01,2017
178459,23826,44,2017-07-01,2017
180767,157,865,2017-07-01,2017
180843,543,1304,2017-07-01,2017
181375,200,24,2017-07-01,2017
182409,3719,40426,2017-07-01,2017
182722,1085,294,2017-07-01,2017
182932,610,29,2017-07-01,2017
183383,475,58,2017-07-01,2017
184573,294,985,2017-07-01,2017
184892,762,244,2017-07-01,2017
185077,60,18,2017-07-01,2017
185245,39,3,2017-07-01,2017
187329,1184,3508,2017-07-01,2017
188077,371,370,2017-07-01,2017
188338,964,3729,2017-07-01,2017
189151,1091,475,2017-07-01,2017
189650,1426,642,2017-07-01,2017
190222,133,200,2017-07-01,2017
190393,1041,27,2017-07-01,2017
191056,244,1162,2017-07-01,2017
191422,18,16,2017-07-01,2017
193303,982,1075,2017-07-01,2017
195246,16,60,2017-07-01,2017
195736,86,533,2017-07-01,2017
196829,33,403,2017-07-01,2017
197126,331,39,2017-07-01,2017
198008,720,5,2017-07-01,2017
198067,276,1025,2017-07-01,2017
199704,2969,1421,2017-07-01,2017
203412,190,800,2017-07-01,2017
203746,290,969,2017-07-01,2017
203854,660,6993,2017-07-01,2017
203855,660,6993,2017-07-01,2017
205006,234,12,2017-07-01,2017
205023,383,132,2017-07-01,2017
205465,3524,855,2017-07-01,2017
205677,1429,862,2017-07-01,2017
207580,82,269,2017-07-01,2017
207877,660,1184,2017-07-01,2017
210178,281,132,2017-07-01,2017
210689,6992,10690,2017-07-01,2017
211072,2424,1075,2017-07-01,2017
214775,13,720,2017-07-01,2017
215551,383,192,2017-07-01,2017
216489,2861,475,2017-07-01,2017
223053,367,16795,2017-07-01,2017
225020,418,1041,2017-07-01,2017
226138,1465,336,2017-07-01,2017
227039,306,1269,2017-07-01,2017
227199,16239,49364,2017-07-01,2017
230457,2420,430,2017-07-01,2017
233264,2441,3999,2017-07-01,2017
235275,354,2282,2017-07-01,2017
236537,3327,2423,2017-07-01,2017
238223,294,281,2017-07-01,2017
238407,202,865,2017-07-01,2017
239802,2861,398,2017-07-01,2017
240306,410,1038,2017-07-01,2017
241119,148,244,2017-07-01,2017
241641,162,281,2017-07-01,2017
243714,506,27,2017-07-01,2017
243770,306,5817,2017-07-01,2017
244271,339,10690,2017-07-01,2017
245228,738,1426,2017-07-01,2017
245537,148,33,2017-07-01,2017
246291,418,681,2017-07-01,2017
249552,46,1390,2017-07-01,2017
249565,58,162,2017-07-01,2017
251106,281,1050,2017-07-01,2017
251587,1519,2760,2017-07-01,2017
253316,206,855,2017-07-01,2017
257462,294,24,2017-07-01,2017
257482,1091,475,2017-07-01,2017
257937,660,2700,2017-07-01,2017
262182,16247,2477,2017-07-01,2017
262365,3302,16795,2017-07-01,2017
264567,1082,1420,2017-07-01,2017
266359,826,273,2017-07-01,2017
270055,4750,3349,2017-07-01,2017
271256,982,979,2017-07-01,2017
272930,133,1304,2017-07-01,2017
273132,1304,800,2017-07-01,2017
274484,1082,1421,2017-07-01,2017
279570,3725,964,2017-07-01,2017
280701,940,449,2017-07-01,2017
286297,6574,12,2017-07-01,2017
287579,200,234,2017-07-01,2017
289216,244,2503,2017-07-01,2017
289587,58,3508,2017-07-01,2017
290256,1075,1082,2017-07-01,2017
290405,5724,5818,2017-07-01,2017
290537,1082,29228,2017-07-01,2017
291200,1423,347,2017-07-01,2017
291417,738,1041,2017-07-01,2017
293828,3714,40426,2017-07-01,2017
295630,1091,3060,2017-07-01,2017
295755,47,169,2017-07-01,2017
296513,1083,932,2017-07-01,2017
297070,1421,273,2017-07-01,2017
306166,1423,667,2017-07-01,2017
308541,1083,40426,2017-07-01,2017
310782,8838,18303,2017-07-01,2017
311489,2861,82,2017-07-01,2017
314295,379,18,2017-07-01,2017
317806,132,200,2017-07-01,2017
318507,40,3524,2017-07-01,2017
322305,1162,417,2017-07-01,2017
322702,204,1184,2017-07-01,2017
324344,3060,1091,2017-07-01,2017
324882,499,2282,2017-07-01,2017
336697,2503,3725,2017-07-01,2017
336960,458,410,2017-07-01,2017
338070,683,403,2017-07-01,2017
343052,1420,1082,2017-07-01,2017
349599,410,1010,2017-07-01,2017
357072,1159,273,2017-07-01,2017
357119,750,23826,2017-07-01,2017
364234,1147,683,2017-07-01,2017
366278,1075,1301,2017-07-01,2017
369674,1053,1184,2017-07-01,2017
377393,2969,417,2017-07-01,2017
388165,1420,1147,2017-07-01,2017
395083,46,4171,2017-07-01,2017
401822,339,10690,2017-07-01,2017
411287,1304,533,2017-07-01,2017
420002,1041,738,2017-07-01,2017
435338,1082,1095,2017-07-01,2017
445784,3714,2696,2017-07-01,2017
448854,10690,2282,2017-07-01,2017
481513,6912,979,2017-07-01,2017
12907,4171,1390,2017-06-30,2017
18644,641,1049,2017-06-30,2017
23553,35,86,2017-06-30,2017
25508,331,583,2017-06-30,2017
27706,14589,964,2017-06-30,2017
29559,16795,1084,2017-06-30,2017
31067,862,6195,2017-06-30,2017
33027,1090,762,2017-06-30,2017
39333,114,46,2017-06-30,2017
40204,416,281,2017-06-30,2017
42735,410,1010,2017-06-30,2017
44058,12,11,2017-06-30,2017
44059,800,12,2017-06-30,2017
45314,12,148,2017-06-30,2017
46104,368,46,2017-06-30,2017
50818,475,2282,2017-06-30,2017
52403,1244,683,2017-06-30,2017
55356,2410,121,2017-06-30,2017
58489,41,15,2017-06-30,2017
58995,4795,23826,2017-06-30,2017
59248,19771,336,2017-06-30,2017
59322,36,660,2017-06-30,2017
73794,410,6195,2017-06-30,2017
77825,800,398,2017-06-30,2017
80894,749,12,2017-06-30,2017
81999,897,512,2017-06-30,2017
82130,379,114,2017-06-30,2017
83560,524,449,2017-06-30,2017
85383,1108,281,2017-06-30,2017
87884,12,749,2017-06-30,2017
90681,1049,281,2017-06-30,2017
91931,1084,114,2017-06-30,2017
91970,506,631,2017-06-30,2017
96254,380,1627,2017-06-30,2017
99047,19771,6890,2017-06-30,2017
99352,150,681,2017-06-30,2017
99863,2700,660,2017-06-30,2017
102132,1177,1053,2017-06-30,2017
110366,2441,472,2017-06-30,2017
110724,1096,601,2017-06-30,2017
112052,512,720,2017-06-30,2017
112465,995,720,2017-06-30,2017
113025,1085,720,2017-06-30,2017
118022,417,338,2017-06-30,2017
121985,12,46,2017-06-30,2017
124560,12321,46,2017-06-30,2017
124715,6195,416,2017-06-30,2017
126625,1084,1075,2017-06-30,2017
128969,1184,1049,2017-06-30,2017
129476,5,29,2017-06-30,2017
129554,234,1010,2017-06-30,2017
131553,8970,660,2017-06-30,2017
131708,11282,631,2017-06-30,2017
131951,4102,410,2017-06-30,2017
131996,610,631,2017-06-30,2017
135490,595,1158,2017-06-30,2017
135492,40,583,2017-06-30,2017
136111,683,506,2017-06-30,2017
136645,2672,683,2017-06-30,2017
137206,3725,2698,2017-06-30,2017
137669,202,1110,2017-06-30,2017
140808,897,58,2017-06-30,2017
146752,2921,46,2017-06-30,2017
147487,114,720,2017-06-30,2017
154147,2036,4795,2017-06-30,2017
155964,18303,338,2017-06-30,2017
157501,1010,5,2017-06-30,2017
160241,38,533,2017-06-30,2017
160963,269,39,2017-06-30,2017
162029,289,13,2017-06-30,2017
163053,749,506,2017-06-30,2017
163568,380,416,2017-06-30,2017
164771,618,405,2017-06-30,2017
164913,3508,1082,2017-06-30,2017
165012,1084,39,2017-06-30,2017
166683,1245,714,2017-06-30,2017
168156,475,2282,2017-06-30,2017
171072,237,683,2017-06-30,2017
172142,2420,720,2017-06-30,2017
173589,265,826,2017-06-30,2017
174694,1082,162,2017-06-30,2017
175792,39,15,2017-06-30,2017
176961,589,141,2017-06-30,2017
177031,385,141,2017-06-30,2017
179838,403,506,2017-06-30,2017
180767,865,157,2017-06-30,2017
181547,2425,720,2017-06-30,2017
182688,169,683,2017-06-30,2017
184892,244,762,2017-06-30,2017
185427,65,533,2017-06-30,2017
187245,1123,610,2017-06-30,2017
187587,24,430,2017-06-30,2017
189441,5,244,2017-06-30,2017
192009,1244,621,2017-06-30,2017
193033,2036,60,2017-06-30,2017
193158,2740,338,2017-06-30,2017
195246,60,16,2017-06-30,2017
195488,367,180,2017-06-30,2017
196948,18,631,2017-06-30,2017
197473,800,6195,2017-06-30,2017
197751,2921,506,2017-06-30,2017
198006,2425,720,2017-06-30,2017
198067,1025,276,2017-06-30,2017
198116,749,46,2017-06-30,2017
199316,152,2293,2017-06-30,2017
199733,252,398,2017-06-30,2017
203074,10690,660,2017-06-30,2017
203394,16795,985,2017-06-30,2017
203853,383,281,2017-06-30,2017
203938,403,306,2017-06-30,2017
205054,3725,12,2017-06-30,2017
205938,5,631,2017-06-30,2017
206717,10690,660,2017-06-30,2017
207877,1184,660,2017-06-30,2017
210178,12321,281,2017-06-30,2017
211251,1244,16795,2017-06-30,2017
214775,720,13,2017-06-30,2017
215096,798,383,2017-06-30,2017
215876,417,720,2017-06-30,2017
217115,3911,618,2017-06-30,2017
223725,1049,131,2017-06-30,2017
224884,33,631,2017-06-30,2017
226802,169,683,2017-06-30,2017
229006,750,417,2017-06-30,2017
233264,2079,2441,2017-06-30,2017
234189,29228,58,2017-06-30,2017
236168,475,2282,2017-06-30,2017
238654,3522,430,2017-06-30,2017
240306,1038,410,2017-06-30,2017
241119,244,148,2017-06-30,2017
241527,19,1038,2017-06-30,2017
242532,1244,1049,2017-06-30,2017
243714,27,506,2017-06-30,2017
243725,3558,1041,2017-06-30,2017
245228,133,738,2017-06-30,2017
245537,33,148,2017-06-30,2017
246291,1084,418,2017-06-30,2017
247377,2722,416,2017-06-30,2017
247380,38,41,2017-06-30,2017
248271,1467,2944,2017-06-30,2017
249271,2700,1083,2017-06-30,2017
249552,1390,46,2017-06-30,2017
251106,317,281,2017-06-30,2017
251876,12321,281,2017-06-30,2017
251896,24,418,2017-06-30,2017
252689,968,2282,2017-06-30,2017
255838,1387,3522,2017-06-30,2017
257851,16795,1049,2017-06-30,2017
257937,6992,660,2017-06-30,2017
258364,1269,234,2017-06-30,2017
259849,2700,16704,2017-06-30,2017
260838,2414,865,2017-06-30,2017
261927,1075,1084,2017-06-30,2017
262939,12321,367,2017-06-30,2017
263727,366,714,2017-06-30,2017
264063,498,660,2017-06-30,2017
264567,667,1082,2017-06-30,2017
265542,7160,825,2017-06-30,2017
265569,1159,162,2017-06-30,2017
268179,4102,12,2017-06-30,2017
272642,595,162,2017-06-30,2017
277167,4083,6574,2017-06-30,2017
277777,601,660,2017-06-30,2017
281919,47,2441,2017-06-30,2017
282411,1108,418,2017-06-30,2017
286415,148,714,2017-06-30,2017
289216,290,244,2017-06-30,2017
289587,244,58,2017-06-30,2017
290256,1082,1075,2017-06-30,2017
290405,5818,5724,2017-06-30,2017
290532,3558,417,2017-06-30,2017
291400,19,5,2017-06-30,2017
291760,6,820,2017-06-30,2017
292808,306,58,2017-06-30,2017
292818,1420,618,2017-06-30,2017
293228,1387,4102,2017-06-30,2017
295313,467,31,2017-06-30,2017
295414,1244,1050,2017-06-30,2017
296783,16795,12,2017-06-30,2017
298976,82,418,2017-06-30,2017
300168,2448,621,2017-06-30,2017
303259,415,58,2017-06-30,2017
308541,1124,1083,2017-06-30,2017
312819,968,58,2017-06-30,2017
314915,2727,157,2017-06-30,2017
323831,1050,13,2017-06-30,2017
324690,969,583,2017-06-30,2017
329723,2425,162,2017-06-30,2017
332179,1047,5,2017-06-30,2017
335209,499,430,2017-06-30,2017
337715,1025,12,2017-06-30,2017
338070,3426,683,2017-06-30,2017
339005,29228,3057,2017-06-30,2017
339808,1108,13,2017-06-30,2017
340950,720,13,2017-06-30,2017
345654,897,281,2017-06-30,2017
350219,1531,150,2017-06-30,2017
353584,26459,6992,2017-06-30,2017
354352,1162,40,2017-06-30,2017
356197,399,1050,2017-06-30,2017
420884,2715,3057,2017-06-30,2017
457931,380,398,2017-06-30,2017
200616,8970,4083,2017-06-29,2017
47713,873,31,2017-05-31,2017
110864,405,985,2017-05-31,2017
144303,3008,31,2017-05-31,2017
177847,289,985,2017-05-31,2017
182710,703,543,2017-05-31,2017
188077,370,371,2017-05-31,2017
189070,399,2288,2017-05-31,2017
196722,2999,1123,2017-05-31,2017
197642,1237,11,2017-05-31,2017
203026,1110,31,2017-05-31,2017
215118,641,11,2017-05-31,2017
229970,677,1003,2017-05-31,2017
243633,703,405,2017-05-31,2017
264220,1071,379,2017-05-31,2017
314295,1032,379,2017-05-31,2017
328658,2553,371,2017-05-31,2017
208772,1241,124,2017-05-15,2017
344152,415,583,2017-04-04,2017
353584,6992,26459,2017-03-02,2017
432658,18105,48726,2017-02-23,2017
62514,2700,28095,2017-02-22,2017
369093,26459,55686,2017-02-17,2017
104700,3714,2741,2017-02-16,2017
177350,2439,2741,2017-02-16,2017
205054,12,3725,2017-02-16,2017
205054,2921,12,2017-02-15,2017
137206,2698,3725,2017-02-13,2017
27706,964,14589,2017-02-10,2017
113235,2439,2696,2017-02-04,2017
148485,2696,932,2017-02-04,2017
137179,3725,2700,2017-02-03,2017
102427,289,336,2017-02-02,2017
102427,336,289,2017-02-01,2017
108710,338,10690,2017-02-01,2017
312819,58,968,2017-02-01,2017
25508,583,331,2017-01-31,2017
33027,762,1090,2017-01-31,2017
47713,31,873,2017-01-31,2017
99047,6890,19771,2017-01-31,2017
108354,405,2288,2017-01-31,2017
111627,1082,3205,2017-01-31,2017
112465,720,995,2017-01-31,2017
165012,39,1084,2017-01-31,2017
167798,206,940,2017-01-31,2017
179838,506,403,2017-01-31,2017
182710,543,703,2017-01-31,2017
183720,610,1082,2017-01-31,2017
186763,1090,3508,2017-01-31,2017
187245,610,1123,2017-01-31,2017
189070,2288,399,2017-01-31,2017
193900,42,24,2017-01-31,2017
206542,458,39,2017-01-31,2017
208379,1031,1237,2017-01-31,2017
220650,2439,11127,2017-01-31,2017
235931,3522,1390,2017-01-31,2017
238537,1210,1038,2017-01-31,2017
241486,468,385,2017-01-31,2017
251845,1123,1148,2017-01-31,2017
256977,979,336,2017-01-31,2017
259849,16704,2700,2017-01-31,2017
262939,367,12321,2017-01-31,2017
268179,12,4102,2017-01-31,2017
275303,202,800,2017-01-31,2017
290256,1075,1082,2017-01-31,2017
292356,1091,169,2017-01-31,2017
292808,58,306,2017-01-31,2017
293169,82,79,2017-01-31,2017
312819,968,58,2017-01-31,2017
314295,379,1032,2017-01-31,2017
314915,157,2727,2017-01-31,2017
339005,3057,29228,2017-01-31,2017
356197,1050,399,2017-01-31,2017
387626,1184,15,2017-01-31,2017
427568,350,989,2017-01-31,2017
25508,368,583,2017-01-30,2017
33027,610,762,2017-01-30,2017
46106,1071,603,2017-01-30,2017
52119,289,873,2017-01-30,2017
94307,294,1038,2017-01-30,2017
128969,1049,1184,2017-01-30,2017
173589,826,265,2017-01-30,2017
189441,244,5,2017-01-30,2017
197642,11,1237,2017-01-30,2017
212862,3368,621,2017-01-30,2017
243633,405,703,2017-01-30,2017
248934,339,3057,2017-01-30,2017
260806,3057,969,2017-01-30,2017
314965,1038,294,2017-01-30,2017
335209,430,499,2017-01-30,2017
94307,1038,294,2017-01-29,2017
126610,5817,865,2017-01-29,2017
189441,252,244,2017-01-29,2017
88909,749,430,2017-01-28,2017
241207,7185,683,2017-01-28,2017
256186,206,5817,2017-01-28,2017
286392,7185,128,2017-01-28,2017
110366,472,2441,2017-01-27,2017
177821,1304,642,2017-01-27,2017
199248,294,800,2017-01-27,2017
234811,982,16795,2017-01-27,2017
236468,4482,16247,2017-01-27,2017
276896,601,157,2017-01-27,2017
290405,5724,5818,2017-01-27,2017
291760,820,6,2017-01-27,2017
138736,3057,2292,2017-01-26,2017
157501,5,1010,2017-01-26,2017
167165,1075,3325,2017-01-26,2017
186704,200,1304,2017-01-26,2017
199248,2921,294,2017-01-26,2017
226074,41,472,2017-01-26,2017
249552,46,1390,2017-01-26,2017
193158,338,2740,2017-01-25,2017
200616,4083,8970,2017-01-25,2017
225122,294,583,2017-01-25,2017
300168,621,2448,2017-01-25,2017
62945,1003,1084,2017-01-24,2017
99352,681,150,2017-01-24,2017
99499,3368,2420,2017-01-24,2017
140808,58,897,2017-01-24,2017
188077,371,370,2017-01-24,2017
237641,6418,1091,2017-01-24,2017
255838,3522,1387,2017-01-24,2017
68983,3426,206,2017-01-23,2017
72121,2969,3911,2017-01-23,2017
129476,29,5,2017-01-23,2017
136645,683,2672,2017-01-23,2017
144303,31,3008,2017-01-23,2017
98543,3691,2700,2017-01-22,2017
144303,336,31,2017-01-22,2017
42942,1091,11282,2017-01-21,2017
33829,180,379,2017-01-20,2017
167850,985,1041,2017-01-20,2017
328658,371,2553,2017-01-20,2017
137648,498,16795,2017-01-19,2017
220656,105,86,2017-01-19,2017
148365,3426,173,2017-01-18,2017
163568,416,380,2017-01-18,2017
208552,28643,1184,2017-01-18,2017
324690,583,969,2017-01-18,2017
110822,157,601,2017-01-17,2017
163568,1025,416,2017-01-17,2017
164912,826,252,2017-01-17,2017
174094,969,244,2017-01-17,2017
181477,595,2944,2017-01-17,2017
234193,601,157,2017-01-17,2017
252689,2282,968,2017-01-17,2017
308278,2921,46,2017-01-17,2017
58489,15,41,2017-01-16,2017
177818,339,1506,2017-01-16,2017
58489,23826,15,2017-01-15,2017
131951,410,4102,2017-01-15,2017
159622,3057,58,2017-01-15,2017
215096,383,798,2017-01-15,2017
340538,7179,46,2017-01-15,2017
131951,4102,410,2017-01-14,2017
133838,169,683,2017-01-13,2017
157506,1003,873,2017-01-13,2017
163053,506,749,2017-01-13,2017
171072,683,237,2017-01-13,2017
197470,506,800,2017-01-13,2017
199316,2293,152,2017-01-13,2017
199733,398,252,2017-01-13,2017
199976,800,430,2017-01-13,2017
244192,405,800,2017-01-13,2017
56818,985,29,2017-01-12,2017
197470,800,506,2017-01-12,2017
281919,2441,47,2017-01-12,2017
314137,16704,371,2017-01-12,2017
125103,35,269,2017-01-11,2017
135490,1158,595,2017-01-11,2017
163053,1091,506,2017-01-11,2017
197471,800,46,2017-01-11,2017
243725,1041,3558,2017-01-11,2017
46104,46,368,2017-01-10,2017
52281,449,3205,2017-01-10,2017
60957,1039,89,2017-01-10,2017
83560,449,524,2017-01-10,2017
170895,1091,141,2017-01-10,2017
240497,1158,2293,2017-01-10,2017
240578,1465,2995,2017-01-10,2017
46062,172,354,2017-01-09,2017
183120,2282,2727,2017-01-09,2017
270171,23826,80,2017-01-09,2017
316264,418,306,2017-01-09,2017
177476,989,631,2017-01-08,2017
225744,465,370,2017-01-08,2017
146799,1244,506,2017-01-06,2017
245228,738,133,2017-01-06,2017
50818,2282,475,2017-01-05,2017
85352,39,82,2017-01-05,2017
110864,985,405,2017-01-05,2017
168156,2282,475,2017-01-05,2017
236168,2282,475,2017-01-05,2017
252689,2410,2282,2017-01-05,2017
290532,417,3558,2017-01-05,2017
19619,338,1506,2017-01-04,2017
59322,660,36,2017-01-04,2017
176961,141,589,2017-01-04,2017
177031,141,385,2017-01-04,2017
182904,1159,368,2017-01-04,2017
197751,506,2921,2017-01-04,2017
216603,820,6890,2017-01-04,2017
240226,2700,3725,2017-01-04,2017
257455,68608,336,2017-01-04,2017
292356,47,1091,2017-01-04,2017
292818,618,1420,2017-01-04,2017
46104,281,46,2017-01-03,2017
64793,252,6195,2017-01-03,2017
197751,2722,506,2017-01-03,2017
274839,1184,1003,2017-01-03,2017
292818,475,618,2017-01-03,2017
46104,46,281,2017-01-02,2017
52403,683,1244,2017-01-02,2017
59442,338,6676,2017-01-02,2017
182688,683,169,2017-01-02,2017
189744,162,520,2017-01-02,2017
269171,80,38,2017-01-02,2017
294057,370,1123,2017-01-02,2017
350219,150,1531,2017-01-02,2017
23553,86,35,2017-01-01,2017
36364,10690,14589,2017-01-01,2017
46504,3691,11127,2017-01-01,2017
91849,190,86,2017-01-01,2017
112541,28095,964,2017-01-01,2017
139393,6418,8024,2017-01-01,2017
147034,631,383,2017-01-01,2017
154147,4795,2036,2017-01-01,2017
157543,6676,265,2017-01-01,2017
159844,89,269,2017-01-01,2017
168063,3,3057,2017-01-01,2017
179973,1124,40426,2017-01-01,2017
181547,720,2425,2017-01-01,2017
182688,169,683,2017-01-01,2017
185024,4128,232,2017-01-01,2017
216443,610,82,2017-01-01,2017
229604,281,681,2017-01-01,2017
249271,1083,2700,2017-01-01,2017
251876,281,12321,2017-01-01,2017
259849,3691,16704,2017-01-01,2017
265153,4128,232,2017-01-01,2017
281917,1083,2741,2017-01-01,2017
338070,683,3426,2017-01-01,2017
59322,10690,660,2016-12-31,2016
108710,6992,338,2016-12-31,2016
181547,683,720,2016-12-31,2016
189744,273,162,2016-12-31,2016
229604,681,281,2016-12-31,2016
177031,126,141,2016-12-14,2016
281404,1010,631,2016-12-12,2016
354352,40,1162,2016-10-24,2016
298091,1519,512,2016-09-29,2016
259849,2700,3691,2016-09-15,2016
138285,2503,289,2016-09-07,2016
292356,265,47,2016-09-05,2016
233264,2441,2079,2016-09-02,2016
19041,1003,114,2016-08-31,2016
39333,46,114,2016-08-31,2016
40204,281,416,2016-08-31,2016
45146,31,417,2016-08-31,2016
46001,762,148,2016-08-31,2016
46106,603,1071,2016-08-31,2016
52477,232,2700,2016-08-31,2016
58489,15,23826,2016-08-31,2016
72736,172,41274,2016-08-31,2016
77825,398,800,2016-08-31,2016
81999,512,897,2016-08-31,2016
89733,714,1531,2016-08-31,2016
90681,281,1049,2016-08-31,2016
91931,114,1084,2016-08-31,2016
91970,631,506,2016-08-31,2016
111036,265,2969,2016-08-31,2016
111508,1010,984,2016-08-31,2016
112052,720,512,2016-08-31,2016
112515,430,631,2016-08-31,2016
118022,338,417,2016-08-31,2016
119031,33,38,2016-08-31,2016
124715,416,6195,2016-08-31,2016
128220,31,398,2016-08-31,2016
131708,631,11282,2016-08-31,2016
142310,1075,720,2016-08-31,2016
144303,31,336,2016-08-31,2016
148485,1083,2696,2016-08-31,2016
149716,162,543,2016-08-31,2016
157178,825,2381,2016-08-31,2016
159471,11,86,2016-08-31,2016
163053,506,1091,2016-08-31,2016
163568,416,1025,2016-08-31,2016
173589,265,826,2016-08-31,2016
174915,336,1003,2016-08-31,2016
175792,15,39,2016-08-31,2016
176485,631,931,2016-08-31,2016
180767,157,865,2016-08-31,2016
181547,720,683,2016-08-31,2016
182711,336,79,2016-08-31,2016
183397,38,798,2016-08-31,2016
198067,276,1025,2016-08-31,2016
204103,405,641,2016-08-31,2016
234189,58,29228,2016-08-31,2016
235931,1390,3522,2016-08-31,2016
238055,1075,294,2016-08-31,2016
241119,148,244,2016-08-31,2016
242532,1049,1244,2016-08-31,2016
256977,336,979,2016-08-31,2016
257851,1049,16795,2016-08-31,2016
270055,2424,4750,2016-08-31,2016
277167,6574,4083,2016-08-31,2016
277777,660,601,2016-08-31,2016
286415,714,148,2016-08-31,2016
294057,1123,370,2016-08-31,2016
303259,58,415,2016-08-31,2016
306024,350,29,2016-08-31,2016
337715,12,1025,2016-08-31,2016
420884,3057,2715,2016-08-31,2016
457931,398,380,2016-08-31,2016
9500,603,3008,2016-08-30,2016
42735,1010,410,2016-08-30,2016
72768,294,1123,2016-08-30,2016
73185,897,11,2016-08-30,2016
111376,23826,58,2016-08-30,2016
121686,984,371,2016-08-30,2016
197473,6195,800,2016-08-30,2016
215118,11,641,2016-08-30,2016
217111,317,610,2016-08-30,2016
223725,131,1049,2016-08-30,2016
229970,1003,677,2016-08-30,2016
264220,379,1071,2016-08-30,2016
271098,22110,5817,2016-08-30,2016
277167,4083,6574,2016-08-30,2016
281404,631,1010,2016-08-30,2016
353366,1082,79,2016-08-30,2016
42735,157,1010,2016-08-29,2016
59631,148,984,2016-08-29,2016
147487,720,114,2016-08-29,2016
232271,1082,180,2016-08-29,2016
238654,430,3522,2016-08-29,2016
341317,703,23826,2016-08-29,2016
56331,82,336,2016-08-28,2016
149729,336,46,2016-08-28,2016
34283,276,2441,2016-08-27,2016
205938,631,5,2016-08-27,2016
25508,583,368,2016-08-26,2016
31067,6195,862,2016-08-26,2016
127160,583,33,2016-08-26,2016
129444,6195,714,2016-08-26,2016
148355,678,2293,2016-08-26,2016
148666,336,16704,2016-08-26,2016
180843,1304,543,2016-08-26,2016
203394,985,16795,2016-08-26,2016
203853,281,383,2016-08-26,2016
245744,11,79,2016-08-26,2016
295313,31,467,2016-08-26,2016
340950,13,720,2016-08-26,2016
355501,1025,6195,2016-08-26,2016
33027,762,610,2016-08-25,2016
40423,131,281,2016-08-25,2016
69642,610,190,2016-08-25,2016
146227,610,131,2016-08-25,2016
162029,13,289,2016-08-25,2016
172142,720,2420,2016-08-25,2016
214775,13,720,2016-08-25,2016
245537,148,33,2016-08-25,2016
251075,20,924,2016-08-25,2016
289510,58,862,2016-08-25,2016
129588,58,1038,2016-08-24,2016
164771,405,618,2016-08-24,2016
16136,82,417,2016-08-23,2016
38780,979,68608,2016-08-23,2016
55687,1003,405,2016-08-23,2016
258626,294,114,2016-08-23,2016
112302,506,1010,2016-08-19,2016
177031,141,126,2016-08-19,2016
33571,1038,416,2016-08-18,2016
116611,3216,10484,2016-08-18,2016
137669,1110,202,2016-08-18,2016
326701,200,383,2016-08-18,2016
249513,142,1244,2016-08-17,2016
292818,618,475,2016-08-17,2016
210178,281,12321,2016-08-16,2016
211251,16795,1244,2016-08-16,2016
225462,3368,2687,2016-08-16,2016
240306,410,1038,2016-08-16,2016
349107,6414,55686,2016-08-16,2016
250591,968,132,2016-08-15,2016
205054,12,2921,2016-08-13,2016
220656,86,105,2016-08-13,2016
323831,13,1050,2016-08-13,2016
66953,1506,19789,2016-08-12,2016
92567,4482,23611,2016-08-12,2016
131996,631,610,2016-08-12,2016
177847,985,289,2016-08-12,2016
120095,1038,3368,2016-08-11,2016
102132,1053,1177,2016-08-10,2016
203938,306,403,2016-08-10,2016
282411,418,1108,2016-08-10,2016
57895,499,105,2016-08-09,2016
113045,16795,1244,2016-08-09,2016
122153,506,985,2016-08-09,2016
186590,29,281,2016-08-09,2016
229604,281,681,2016-08-09,2016
257455,336,68608,2016-08-09,2016
45403,2288,379,2016-08-08,2016
57134,1095,1162,2016-08-08,2016
90583,157,720,2016-08-08,2016
94199,44,141,2016-08-08,2016
181380,683,379,2016-08-08,2016
344152,583,415,2016-08-08,2016
82048,6574,1050,2016-08-07,2016
111053,347,1039,2016-08-07,2016
345654,281,897,2016-08-06,2016
78339,23,60,2016-08-05,2016
136610,631,289,2016-08-05,2016
296783,12,16795,2016-08-05,2016
58995,23826,4795,2016-08-04,2016
181136,410,6195,2016-08-04,2016
184892,762,244,2016-08-04,2016
200777,148,1123,2016-08-04,2016
241207,683,7185,2016-08-04,2016
286392,128,7185,2016-08-04,2016
339808,13,1108,2016-08-04,2016
25488,398,46,2016-08-03,2016
45314,148,12,2016-08-03,2016
73547,1032,1237,2016-08-03,2016
87415,2441,605,2016-08-03,2016
135492,583,40,2016-08-03,2016
126665,405,29,2016-08-02,2016
131553,660,8970,2016-08-02,2016
192565,33,281,2016-08-02,2016
224884,631,33,2016-08-02,2016
257937,660,6992,2016-08-02,2016
95976,873,180,2016-08-01,2016
129554,1010,234,2016-08-01,2016
191891,610,6195,2016-08-01,2016
197751,506,2722,2016-08-01,2016
278654,589,11282,2016-08-01,2016
384859,14171,3524,2016-08-01,2016
80059,6646,65,2016-07-31,2016
252641,865,940,2016-07-31,2016
27389,368,13,2016-07-30,2016
146854,415,368,2016-07-30,2016
230552,46,252,2016-07-30,2016
68645,131,1049,2016-07-29,2016
91419,2740,16247,2016-07-29,2016
187291,1435,642,2016-07-29,2016
187798,2282,605,2016-07-29,2016
195488,180,367,2016-07-29,2016
272642,162,595,2016-07-29,2016
41355,1123,499,2016-07-28,2016
78819,2778,200,2016-07-28,2016
93831,65,1268,2016-07-28,2016
181477,714,595,2016-07-28,2016
293228,4102,1387,2016-07-28,2016
293661,589,1506,2016-07-28,2016
298975,506,6574,2016-07-28,2016
388359,1506,449,2016-07-28,2016
88685,252,6676,2016-07-27,2016
105521,368,398,2016-07-27,2016
111072,23611,18303,2016-07-27,2016
112930,157,3057,2016-07-27,2016
188335,430,1075,2016-07-27,2016
260806,1423,3057,2016-07-27,2016
279829,265,605,2016-07-27,2016
192009,621,1244,2016-07-26,2016
263727,714,366,2016-07-26,2016
283994,1420,3524,2016-07-26,2016
113052,6418,833,2016-07-25,2016
161011,79,41,2016-07-25,2016
299839,449,1467,2016-07-25,2016
312819,2292,968,2016-07-25,2016
289216,244,290,2016-07-24,2016
120705,367,1531,2016-07-23,2016
140803,467,2282,2016-07-23,2016
251106,281,317,2016-07-23,2016
289587,58,244,2016-07-23,2016
29559,1084,16795,2016-07-22,2016
94307,294,1038,2016-07-22,2016
180337,2698,1083,2016-07-22,2016
241527,1038,19,2016-07-22,2016
248219,6894,126,2016-07-22,2016
298976,418,82,2016-07-22,2016
44059,12,800,2016-07-21,2016
74842,27,16,2016-07-21,2016
169927,3216,3205,2016-07-21,2016
194549,7378,4083,2016-07-21,2016
221025,1049,131,2016-07-21,2016
226074,131,41,2016-07-21,2016
295414,1050,1244,2016-07-21,2016
369093,6414,26459,2016-07-21,2016
18644,1049,641,2016-07-20,2016
70923,16239,26459,2016-07-20,2016
113025,720,1085,2016-07-20,2016
146799,506,1244,2016-07-20,2016
178335,121,28095,2016-07-20,2016
217115,618,3911,2016-07-20,2016
255901,1049,410,2016-07-20,2016
270541,1082,3,2016-07-20,2016
342609,9007,48332,2016-07-20,2016
29391,2999,1123,2016-07-19,2016
179548,7185,3999,2016-07-19,2016
225744,370,465,2016-07-19,2016
247377,416,2722,2016-07-19,2016
257062,16795,2687,2016-07-19,2016
272631,1159,417,2016-07-19,2016
69374,12,416,2016-07-18,2016
75489,4,42,2016-07-18,2016
82503,16795,2687,2016-07-18,2016
124560,46,12321,2016-07-16,2016
196722,1123,2999,2016-07-16,2016
57328,1269,524,2016-07-15,2016
198006,720,2425,2016-07-15,2016
208690,46,4171,2016-07-15,2016
208772,124,1241,2016-07-15,2016
215551,642,383,2016-07-15,2016
234523,12,150,2016-07-15,2016
332179,5,1047,2016-07-15,2016
59641,498,931,2016-07-14,2016
85383,281,1108,2016-07-14,2016
121985,46,12,2016-07-14,2016
126540,1041,131,2016-07-14,2016
155964,338,18303,2016-07-14,2016
182936,68608,2995,2016-07-14,2016
240414,410,2722,2016-07-14,2016
12907,1390,4171,2016-07-13,2016
74641,114,36,2016-07-13,2016
125858,41,533,2016-07-13,2016
126664,583,131,2016-07-13,2016
91949,2990,1085,2016-07-12,2016
153427,294,1533,2016-07-12,2016
207015,1090,148,2016-07-12,2016
207834,13,12321,2016-07-12,2016
242750,1177,19657,2016-07-12,2016
248271,2944,1467,2016-07-12,2016
251896,418,24,2016-07-12,2016
82130,114,379,2016-07-11,2016
124555,46,2921,2016-07-11,2016
130360,5,1025,2016-07-11,2016
166683,714,1245,2016-07-11,2016
167799,27,180,2016-07-11,2016
203026,31,1110,2016-07-11,2016
308278,46,2921,2016-07-11,2016
227081,1038,368,2016-07-10,2016
243633,1032,405,2016-07-10,2016
121570,683,3057,2016-07-09,2016
146752,46,2921,2016-07-09,2016
221899,13,714,2016-07-09,2016
87884,749,12,2016-07-08,2016
131821,1269,703,2016-07-08,2016
146752,2921,46,2016-07-08,2016
161869,1082,162,2016-07-08,2016
165334,371,762,2016-07-08,2016
168337,2410,1003,2016-07-08,2016
169687,169,3060,2016-07-08,2016
238537,1038,1210,2016-07-08,2016
240219,430,4171,2016-07-08,2016
244192,276,405,2016-07-08,2016
249089,399,989,2016-07-08,2016
115333,16795,12321,2016-07-07,2016
118689,506,800,2016-07-07,2016
136111,506,683,2016-07-07,2016
159288,8970,416,2016-07-07,2016
199369,131,1084,2016-07-07,2016
317806,498,132,2016-07-07,2016
40478,33,36,2016-07-06,2016
55735,16,985,2016-07-06,2016
142031,418,24,2016-07-06,2016
163639,1210,4083,2016-07-06,2016
187105,610,2288,2016-07-06,2016
203074,660,10690,2016-07-06,2016
228645,1304,1090,2016-07-06,2016
246291,418,1084,2016-07-06,2016
335209,499,430,2016-07-06,2016
340950,2995,13,2016-07-06,2016
33706,36,1049,2016-07-05,2016
46413,4083,1038,2016-07-05,2016
61592,379,873,2016-07-05,2016
63342,1039,2288,2016-07-05,2016
113707,762,244,2016-07-05,2016
175449,1050,2448,2016-07-05,2016
187587,430,24,2016-07-05,2016
206717,660,10690,2016-07-05,2016
261927,1084,1075,2016-07-05,2016
286047,410,607,2016-07-05,2016
133179,800,641,2016-07-04,2016
165007,1050,131,2016-07-04,2016
168158,2282,1096,2016-07-04,2016
177031,589,141,2016-07-04,2016
203853,28095,281,2016-07-04,2016
264567,1082,667,2016-07-04,2016
290928,162,2969,2016-07-04,2016
348425,897,7179,2016-07-04,2016
100986,2282,583,2016-07-03,2016
111051,417,1003,2016-07-03,2016
179184,244,631,2016-07-03,2016
212862,621,3368,2016-07-02,2016
237125,3524,1420,2016-07-02,2016
247380,41,38,2016-07-02,2016
265569,162,1159,2016-07-02,2016
5336,6676,6418,2016-07-01,2016
14044,931,543,2016-07-01,2016
22860,595,369,2016-07-01,2016
23553,35,86,2016-07-01,2016
23951,244,873,2016-07-01,2016
25732,339,2441,2016-07-01,2016
28396,281,12,2016-07-01,2016
33210,79,897,2016-07-01,2016
36898,44,65,2016-07-01,2016
39333,36,46,2016-07-01,2016
39728,16,27,2016-07-01,2016
40034,533,79,2016-07-01,2016
41323,80,167,2016-07-01,2016
42072,105,4,2016-07-01,2016
43010,820,678,2016-07-01,2016
44059,1038,12,2016-07-01,2016
44162,12,506,2016-07-01,2016
44466,27,16,2016-07-01,2016
44996,20,141,2016-07-01,2016
45601,1268,4795,2016-07-01,2016
46413,35,4083,2016-07-01,2016
46580,1003,533,2016-07-01,2016
48870,855,39,2016-07-01,2016
49676,16704,3729,2016-07-01,2016
52480,2503,2425,2016-07-01,2016
53622,16,281,2016-07-01,2016
55000,506,2921,2016-07-01,2016
55356,121,2410,2016-07-01,2016
57162,1049,379,2016-07-01,2016
59248,336,19771,2016-07-01,2016
59349,3368,2448,2016-07-01,2016
59597,3725,1041,2016-07-01,2016
60577,244,1041,2016-07-01,2016
61336,1184,3508,2016-07-01,2016
61842,762,873,2016-07-01,2016
62514,2439,2700,2016-07-01,2016
62945,2448,1003,2016-07-01,2016
64598,2448,641,2016-07-01,2016
70114,1124,40426,2016-07-01,2016
73700,265,6676,2016-07-01,2016
74230,3709,368,2016-07-01,2016
75458,1091,190,2016-07-01,2016
77001,543,1110,2016-07-01,2016
77757,58,601,2016-07-01,2016
80293,1421,150,2016-07-01,2016
81512,1184,1010,2016-07-01,2016
82009,533,15,2016-07-01,2016
82097,15,18,2016-07-01,2016
82105,33,31,2016-07-01,2016
82863,79,533,2016-07-01,2016
84435,3,533,2016-07-01,2016
84711,982,2420,2016-07-01,2016
85864,39,31,2016-07-01,2016
85906,4795,15,2016-07-01,2016
86202,79,12,2016-07-01,2016
88721,383,82,2016-07-01,2016
89200,173,190,2016-07-01,2016
90024,681,167,2016-07-01,2016
91727,2477,18303,2016-07-01,2016
92469,989,762,2016-07-01,2016
93177,232,121,2016-07-01,2016
93704,13,82,2016-07-01,2016
94529,5,12,2016-07-01,2016
95673,798,202,2016-07-01,2016
98543,11126,3691,2016-07-01,2016
98547,1075,16704,2016-07-01,2016
99331,86,18,2016-07-01,2016
99863,660,2700,2016-07-01,2016
99922,131,16,2016-07-01,2016
104700,12438,3714,2016-07-01,2016
105653,833,126,2016-07-01,2016
106872,127,80,2016-07-01,2016
110724,601,1096,2016-07-01,2016
111038,1162,58,2016-07-01,2016
111347,749,6195,2016-07-01,2016
111455,18,11,2016-07-01,2016
112822,5724,855,2016-07-01,2016
113025,2503,720,2016-07-01,2016
114422,114,1467,2016-07-01,2016
119277,3,82,2016-07-01,2016
124495,47,703,2016-07-01,2016
126737,180,681,2016-07-01,2016
127108,281,1533,2016-07-01,2016
127142,969,150,2016-07-01,2016
127202,157,762,2016-07-01,2016
128223,506,418,2016-07-01,2016
129078,1123,180,2016-07-01,2016
129991,1435,468,2016-07-01,2016
130394,2921,5,2016-07-01,2016
134270,931,1071,2016-07-01,2016
134277,1082,1421,2016-07-01,2016
135490,1041,1158,2016-07-01,2016
137179,232,3725,2016-07-01,2016
138331,1096,3948,2016-07-01,2016
139393,2420,6418,2016-07-01,2016
143029,60,157,2016-07-01,2016
148455,631,12,2016-07-01,2016
152733,80,60,2016-07-01,2016
154147,127,4795,2016-07-01,2016
157495,244,162,2016-07-01,2016
160380,354,3057,2016-07-01,2016
162571,169,2441,2016-07-01,2016
165012,141,39,2016-07-01,2016
165895,12,6574,2016-07-01,2016
166277,121,232,2016-07-01,2016
167105,1063,3508,2016-07-01,2016
167291,506,1244,2016-07-01,2016
168163,3057,2293,2016-07-01,2016
168166,3057,475,2016-07-01,2016
170527,79,23826,2016-07-01,2016
170934,244,506,2016-07-01,2016
170986,1158,16,2016-07-01,2016
172066,3325,2423,2016-07-01,2016
177476,631,989,2016-07-01,2016
177779,533,60,2016-07-01,2016
177821,798,1304,2016-07-01,2016
178219,1090,403,2016-07-01,2016
182323,8024,995,2016-07-01,2016
182722,294,1085,2016-07-01,2016
184440,820,1467,2016-07-01,2016
184894,1038,6574,2016-07-01,2016
185245,16795,39,2016-07-01,2016
187809,132,1090,2016-07-01,2016
189441,244,252,2016-07-01,2016
189650,723,1426,2016-07-01,2016
189744,162,273,2016-07-01,2016
190289,23,39,2016-07-01,2016
193033,60,2036,2016-07-01,2016
194547,2424,982,2016-07-01,2016
194549,2424,7378,2016-07-01,2016
196095,24,41,2016-07-01,2016
196231,33,167,2016-07-01,2016
196522,873,762,2016-07-01,2016
198116,46,749,2016-07-01,2016
198709,273,3558,2016-07-01,2016
199248,294,2921,2016-07-01,2016
199704,1423,2969,2016-07-01,2016
201737,60,415,2016-07-01,2016
202788,642,1304,2016-07-01,2016
203074,10690,660,2016-07-01,2016
203655,2420,1158,2016-07-01,2016
205054,1627,12,2016-07-01,2016
205116,6912,2503,2016-07-01,2016
207573,47,128,2016-07-01,2016
208379,1237,1031,2016-07-01,2016
217923,14589,3729,2016-07-01,2016
220650,40426,2439,2016-07-01,2016
222079,23611,26459,2016-07-01,2016
227961,12321,366,2016-07-01,2016
228660,3690,2439,2016-07-01,2016
229006,417,750,2016-07-01,2016
234888,7185,6676,2016-07-01,2016
235780,2553,511,2016-07-01,2016
236997,68608,3349,2016-07-01,2016
237125,750,3524,2016-07-01,2016
238630,969,1416,2016-07-01,2016
238868,1244,1533,2016-07-01,2016
239802,601,2861,2016-07-01,2016
241501,1090,468,2016-07-01,2016
243302,47,6676,2016-07-01,2016
243616,47,441,2016-07-01,2016
245072,631,410,2016-07-01,2016
247380,79,41,2016-07-01,2016
248658,3060,2441,2016-07-01,2016
248931,6414,11282,2016-07-01,2016
256267,11688,820,2016-07-01,2016
257324,5724,173,2016-07-01,2016
258027,294,27,2016-07-01,2016
258364,234,1269,2016-07-01,2016
260838,865,2414,2016-07-01,2016
263546,3840,6890,2016-07-01,2016
265136,4750,1465,2016-07-01,2016
265569,1159,162,2016-07-01,2016
268179,398,12,2016-07-01,2016
273341,16247,26459,2016-07-01,2016
275159,12438,4128,2016-07-01,2016
278296,714,237,2016-07-01,2016
283223,2778,16,2016-07-01,2016
286384,1050,985,2016-07-01,2016
288230,273,16,2016-07-01,2016
291422,738,989,2016-07-01,2016
291941,2423,2503,2016-07-01,2016
295331,16795,1010,2016-07-01,2016
308278,2239,46,2016-07-01,2016
308541,1083,1124,2016-07-01,2016
318507,1095,40,2016-07-01,2016
329145,1465,995,2016-07-01,2016
329722,1085,294,2016-07-01,2016
329723,162,2425,2016-07-01,2016
337715,3522,12,2016-07-01,2016
338424,331,16,2016-07-01,2016
28396,12,281,2016-06-30,2016
31067,4102,6195,2016-06-30,2016
33862,2282,720,2016-06-30,2016
34283,1038,276,2016-06-30,2016
39152,631,162,2016-06-30,2016
41355,150,1123,2016-06-30,2016
44059,12,1038,2016-06-30,2016
45146,5,31,2016-06-30,2016
45314,368,148,2016-06-30,2016
46413,4083,35,2016-06-30,2016
46580,533,1003,2016-06-30,2016
49676,11127,16704,2016-06-30,2016
55000,2921,506,2016-06-30,2016
59248,16795,336,2016-06-30,2016
59352,11127,16704,2016-06-30,2016
59442,21957,338,2016-06-30,2016
68645,150,131,2016-06-30,2016
69374,46,12,2016-06-30,2016
70114,40426,1124,2016-06-30,2016
72768,703,294,2016-06-30,2016
75411,1210,506,2016-06-30,2016
75458,190,1091,2016-06-30,2016
77757,190,58,2016-06-30,2016
80312,10690,660,2016-06-30,2016
82503,2687,16795,2016-06-30,2016
85127,10484,2381,2016-06-30,2016
85383,12321,281,2016-06-30,2016
86202,12,79,2016-06-30,2016
87415,2079,2441,2016-06-30,2016
88680,105,86,2016-06-30,2016
89733,1032,714,2016-06-30,2016
90024,167,681,2016-06-30,2016
91970,506,631,2016-06-30,2016
93704,82,13,2016-06-30,2016
94307,58,294,2016-06-30,2016
94529,12,5,2016-06-30,2016
94922,4128,660,2016-06-30,2016
98131,3205,449,2016-06-30,2016
98547,16704,1075,2016-06-30,2016
99254,430,6195,2016-06-30,2016
99499,979,3368,2016-06-30,2016
99863,10690,660,2016-06-30,2016
102132,127,1053,2016-06-30,2016
105521,416,368,2016-06-30,2016
107525,6676,338,2016-06-30,2016
111627,703,1082,2016-06-30,2016
111961,252,5,2016-06-30,2016
112930,475,157,2016-06-30,2016
113707,244,762,2016-06-30,2016
115333,366,16795,2016-06-30,2016
118022,33,338,2016-06-30,2016
118302,1531,683,2016-06-30,2016
119031,24,33,2016-06-30,2016
120629,1050,583,2016-06-30,2016
123349,931,336,2016-06-30,2016
124555,16795,46,2016-06-30,2016
124560,8970,46,2016-06-30,2016
125783,416,273,2016-06-30,2016
125858,38,41,2016-06-30,2016
126664,12,583,2016-06-30,2016
126687,618,417,2016-06-30,2016
126751,1244,621,2016-06-30,2016
127108,12321,281,2016-06-30,2016
127187,16795,1010,2016-06-30,2016
128220,897,31,2016-06-30,2016
130353,1429,506,2016-06-30,2016
130360,4102,5,2016-06-30,2016
131708,10484,631,2016-06-30,2016
135490,1158,1041,2016-06-30,2016
135492,995,583,2016-06-30,2016
136111,8970,506,2016-06-30,2016
136610,86,631,2016-06-30,2016
136647,38,289,2016-06-30,2016
138736,825,3057,2016-06-30,2016
139396,681,141,2016-06-30,2016
142031,2448,418,2016-06-30,2016
143029,157,60,2016-06-30,2016
144028,2727,1184,2016-06-30,2016
144303,36,31,2016-06-30,2016
146799,1038,506,2016-06-30,2016
147034,383,631,2016-06-30,2016
148455,12,631,2016-06-30,2016
153427,367,294,2016-06-30,2016
155964,2672,338,2016-06-30,2016
160506,1533,6195,2016-06-30,2016
162029,244,13,2016-06-30,2016
163053,3508,506,2016-06-30,2016
163568,1429,416,2016-06-30,2016
165895,6574,12,2016-06-30,2016
166237,749,12,2016-06-30,2016
167165,366,1075,2016-06-30,2016
167291,1244,506,2016-06-30,2016
167799,33,27,2016-06-30,2016
168163,28643,3057,2016-06-30,2016
170838,12,36,2016-06-30,2016
170934,506,244,2016-06-30,2016
172142,683,720,2016-06-30,2016
175449,3709,1050,2016-06-30,2016
176961,449,141,2016-06-30,2016
177779,80,533,2016-06-30,2016
180337,1083,2698,2016-06-30,2016
181136,749,410,2016-06-30,2016
181378,3524,40,2016-06-30,2016
181477,1421,714,2016-06-30,2016
182722,366,294,2016-06-30,2016
182875,29228,2282,2016-06-30,2016
182916,2969,273,2016-06-30,2016
183120,3508,2282,2016-06-30,2016
183397,192,38,2016-06-30,2016
184440,11282,820,2016-06-30,2016
184892,244,762,2016-06-30,2016
184894,6574,1038,2016-06-30,2016
185245,39,16795,2016-06-30,2016
186704,192,200,2016-06-30,2016
187587,276,430,2016-06-30,2016
187798,169,2282,2016-06-30,2016
188335,68608,430,2016-06-30,2016
191056,1159,244,2016-06-30,2016
192279,366,621,2016-06-30,2016
193098,1531,367,2016-06-30,2016
196829,237,33,2016-06-30,2016
197470,1429,800,2016-06-30,2016
197751,1390,506,2016-06-30,2016
198709,290,273,2016-06-30,2016
199248,458,294,2016-06-30,2016
200188,1210,416,2016-06-30,2016
201737,2969,60,2016-06-30,2016
203507,3524,273,2016-06-30,2016
204176,6894,820,2016-06-30,2016
205023,133,383,2016-06-30,2016
205054,12,1627,2016-06-30,2016
205938,162,631,2016-06-30,2016
207834,142,13,2016-06-30,2016
211251,5358,16795,2016-06-30,2016
212229,2292,1467,2016-06-30,2016
212391,366,3368,2016-06-30,2016
216179,1429,6574,2016-06-30,2016
220878,3558,415,2016-06-30,2016
221899,1050,13,2016-06-30,2016
222209,380,398,2016-06-30,2016
226025,19,6574,2016-06-30,2016
226074,2448,131,2016-06-30,2016
229817,1005,862,2016-06-30,2016
230552,252,46,2016-06-30,2016
231289,2420,720,2016-06-30,2016
231471,169,683,2016-06-30,2016
232015,317,82,2016-06-30,2016
234523,2448,12,2016-06-30,2016
237125,3524,750,2016-06-30,2016
238639,1160,969,2016-06-30,2016
238654,1210,430,2016-06-30,2016
238993,1047,410,2016-06-30,2016
240219,19,430,2016-06-30,2016
241501,468,1090,2016-06-30,2016
242532,16795,1049,2016-06-30,2016
245072,410,631,2016-06-30,2016
246291,367,418,2016-06-30,2016
248219,3205,6894,2016-06-30,2016
248271,19789,2944,2016-06-30,2016
250450,133,234,2016-06-30,2016
250683,2722,6195,2016-06-30,2016
251079,126,20,2016-06-30,2016
251106,132,281,2016-06-30,2016
251896,142,418,2016-06-30,2016
255688,2079,1091,2016-06-30,2016
255942,1047,1390,2016-06-30,2016
257062,2687,16795,2016-06-30,2016
257751,1387,3522,2016-06-30,2016
257937,6992,660,2016-06-30,2016
260838,2414,865,2016-06-30,2016
262613,723,306,2016-06-30,2016
262939,366,367,2016-06-30,2016
265136,1465,4750,2016-06-30,2016
270541,290,1082,2016-06-30,2016
272642,42,162,2016-06-30,2016
273738,1531,13,2016-06-30,2016
278654,11282,589,2016-06-30,2016
286047,607,410,2016-06-30,2016
290532,1420,417,2016-06-30,2016
293661,1506,589,2016-06-30,2016
295630,2079,1091,2016-06-30,2016
296622,714,418,2016-06-30,2016
308278,46,2239,2016-06-30,2016
308279,2921,506,2016-06-30,2016
311178,3999,6676,2016-06-30,2016
318077,2921,1038,2016-06-30,2016
318507,40,1095,2016-06-30,2016
332179,1627,5,2016-06-30,2016
337715,12,3522,2016-06-30,2016
348425,976,897,2016-06-30,2016
355370,14171,618,2016-06-30,2016
366278,982,1075,2016-06-30,2016
46106,543,603,2016-05-31,2016
55687,641,1003,2016-05-31,2016
59866,379,631,2016-05-31,2016
61887,703,603,2016-05-31,2016
63342,2288,1039,2016-05-31,2016
77001,1110,543,2016-05-31,2016
111873,543,11,2016-05-31,2016
146795,677,989,2016-05-31,2016
165334,2553,371,2016-05-31,2016
177476,1010,631,2016-05-31,2016
193867,903,371,2016-05-31,2016
197642,3008,11,2016-05-31,2016
200777,984,148,2016-05-31,2016
229970,603,1003,2016-05-31,2016
225744,465,370,2016-05-02,2016
176485,1032,631,2016-04-29,2016
179838,968,506,2016-03-28,2016
61887,603,703,2016-03-11,2016
77001,543,1110,2016-03-11,2016
108710,338,6992,2016-03-01,2016
257937,660,6992,2016-03-01,2016
257937,6992,660,2016-02-29,2016
273663,16247,339,2016-02-18,2016
248931,6994,6414,2016-02-17,2016
113235,2700,2439,2016-02-06,2016
84483,11127,1083,2016-02-04,2016
93936,641,1533,2016-02-03,2016
127187,1010,16795,2016-02-02,2016
226025,6574,19,2016-02-02,2016
45314,148,368,2016-02-01,2016
55687,1003,641,2016-02-01,2016
58971,3714,28095,2016-02-01,2016
63342,1039,2288,2016-02-01,2016
68645,131,150,2016-02-01,2016
87415,2441,2079,2016-02-01,2016
90024,681,167,2016-02-01,2016
102132,1053,127,2016-02-01,2016
123349,336,931,2016-02-01,2016
127187,273,1010,2016-02-01,2016
129592,3057,641,2016-02-01,2016
130360,5,4102,2016-02-01,2016
130756,720,512,2016-02-01,2016
142924,3508,2861,2016-02-01,2016
147034,631,383,2016-02-01,2016
159471,984,11,2016-02-01,2016
164913,1082,3508,2016-02-01,2016
173504,1148,1132,2016-02-01,2016
182875,2282,29228,2016-02-01,2016
183397,38,192,2016-02-01,2016
185427,533,65,2016-02-01,2016
200777,148,984,2016-02-01,2016
201576,1071,1110,2016-02-01,2016
204176,820,6894,2016-02-01,2016
226025,12,6574,2016-02-01,2016
229970,1003,603,2016-02-01,2016
232015,82,317,2016-02-01,2016
235767,1519,43,2016-02-01,2016
237617,3302,12321,2016-02-01,2016
241501,1090,468,2016-02-01,2016
251106,281,132,2016-02-01,2016
278654,589,11282,2016-02-01,2016
355370,618,14171,2016-02-01,2016
68645,46,131,2016-01-31,2016
89086,121,964,2016-01-31,2016
90024,683,681,2016-01-31,2016
102427,289,336,2016-01-31,2016
147034,512,631,2016-01-31,2016
160506,6195,1533,2016-01-31,2016
184892,762,244,2016-01-31,2016
226025,19,12,2016-01-31,2016
318507,1095,40,2016-01-31,2016
55524,449,19771,2016-01-30,2016
103565,40,289,2016-01-30,2016
206912,1095,1158,2016-01-30,2016
44059,1038,12,2016-01-29,2016
52281,19771,449,2016-01-29,2016
85291,449,19771,2016-01-29,2016
130360,1533,5,2016-01-29,2016
195246,16,60,2016-01-29,2016
205023,383,133,2016-01-29,2016
222079,18303,23611,2016-01-29,2016
251106,1184,281,2016-01-29,2016
31067,6195,4102,2016-01-28,2016
70074,12438,40426,2016-01-28,2016
120262,6992,23611,2016-01-28,2016
135490,1041,1158,2016-01-28,2016
181477,714,1421,2016-01-28,2016
212391,3368,366,2016-01-28,2016
61842,148,762,2016-01-27,2016
136647,289,38,2016-01-27,2016
181477,16795,714,2016-01-27,2016
197473,800,6195,2016-01-27,2016
277137,317,234,2016-01-27,2016
75458,1091,190,2016-01-26,2016
88348,7185,2671,2016-01-26,2016
94529,5,12,2016-01-26,2016
124419,79,265,2016-01-26,2016
183383,1184,475,2016-01-26,2016
88684,15,39,2016-01-25,2016
94307,294,58,2016-01-25,2016
94529,162,5,2016-01-25,2016
98547,1075,16704,2016-01-25,2016
112930,157,475,2016-01-25,2016
157396,475,157,2016-01-25,2016
199258,5,800,2016-01-25,2016
249994,1301,720,2016-01-25,2016
260838,865,2414,2016-01-25,2016
91419,6414,2740,2016-01-23,2016
229817,862,1005,2016-01-23,2016
83560,524,449,2016-01-22,2016
91931,339,114,2016-01-22,2016
185691,265,6676,2016-01-22,2016
214056,190,1003,2016-01-22,2016
344886,2715,347,2016-01-22,2016
131790,524,11688,2016-01-21,2016
136610,631,86,2016-01-21,2016
238654,430,1210,2016-01-21,2016
311178,6676,3999,2016-01-21,2016
46580,1003,533,2016-01-20,2016
179548,2441,7185,2016-01-20,2016
270541,1082,290,2016-01-20,2016
308279,506,2921,2016-01-20,2016
231471,683,169,2016-01-19,2016
308279,252,506,2016-01-19,2016
311178,5220,6676,2016-01-19,2016
332179,5,1627,2016-01-19,2016
46062,265,172,2016-01-18,2016
55619,1084,1010,2016-01-18,2016
188335,430,68608,2016-01-18,2016
308279,2921,252,2016-01-18,2016
332179,1005,5,2016-01-18,2016
366278,1075,982,2016-01-18,2016
53286,3725,964,2016-01-17,2016
48634,3725,1083,2016-01-15,2016
203411,190,89,2016-01-15,2016
105521,368,416,2016-01-14,2016
187587,430,276,2016-01-14,2016
248271,2944,19789,2016-01-14,2016
98512,449,820,2016-01-13,2016
105521,16,368,2016-01-13,2016
216179,6574,1429,2016-01-13,2016
216179,1429,6574,2016-01-13,2016
247377,4171,416,2016-01-13,2016
253817,124,1241,2016-01-13,2016
63487,265,1184,2016-01-12,2016
71292,2288,762,2016-01-12,2016
105521,368,16,2016-01-12,2016
70114,1124,40426,2016-01-11,2016
266795,1627,1533,2016-01-11,2016
203026,370,31,2016-01-10,2016
266795,1533,1627,2016-01-10,2016
106405,1090,167,2016-01-09,2016
181378,40,3524,2016-01-08,2016
199248,294,458,2016-01-08,2016
290532,417,1420,2016-01-08,2016
52480,2995,2503,2016-01-07,2016
174694,162,1082,2016-01-07,2016
177847,16,985,2016-01-07,2016
186704,200,192,2016-01-07,2016
236510,543,31,2016-01-07,2016
336104,5220,5219,2016-01-07,2016
118022,338,33,2016-01-06,2016
155964,338,2672,2016-01-05,2016
255942,1390,1047,2016-01-05,2016
111961,5,252,2016-01-04,2016
163744,641,180,2016-01-04,2016
119031,33,24,2016-01-03,2016
316125,1110,1003,2016-01-03,2016
323713,3057,475,2016-01-03,2016
28356,1095,1420,2016-01-02,2016
77001,1237,543,2016-01-02,2016
321417,6994,6992,2016-01-02,2016
7161,16,18,2016-01-01,2016
12029,1420,2282,2016-01-01,2016
86466,2740,10690,2016-01-01,2016
93315,1053,3508,2016-01-01,2016
107266,1063,5817,2016-01-01,2016
188077,2451,371,2016-01-01,2016
207877,660,1184,2016-01-01,2016
208552,1184,28643,2016-01-01,2016
61397,2700,232,2015-12-31,2015
108710,6992,338,2015-12-31,2015
155964,6996,338,2015-12-31,2015
187024,3714,3691,2015-12-31,2015
207877,10690,660,2015-12-31,2015
252689,11127,2410,2015-12-31,2015
311438,20100,2778,2015-12-31,2015
77001,543,1237,2015-11-26,2015
316125,1003,1110,2015-11-19,2015
44720,2921,173,2015-09-19,2015
96254,1627,380,2015-09-17,2015
188077,371,2451,2015-09-02,2015
59866,631,379,2015-09-01,2015
72768,294,703,2015-09-01,2015
104124,703,379,2015-09-01,2015
136610,995,631,2015-09-01,2015
139208,371,180,2015-09-01,2015
170911,290,3911,2015-09-01,2015
182877,162,985,2015-09-01,2015
188077,2451,371,2015-09-01,2015
311438,2778,20100,2015-09-01,2015
34283,276,1038,2015-08-31,2015
41355,1123,150,2015-08-31,2015
46413,35,4083,2015-08-31,2015
59349,366,3368,2015-08-31,2015
69374,12,46,2015-08-31,2015
103428,5817,3426,2015-08-31,2015
105653,36,833,2015-08-31,2015
111627,1082,703,2015-08-31,2015
125165,317,720,2015-08-31,2015
125783,273,416,2015-08-31,2015
126610,20100,5817,2015-08-31,2015
127236,6676,21957,2015-08-31,2015
135492,583,995,2015-08-31,2015
144303,31,36,2015-08-31,2015
166237,12,749,2015-08-31,2015
167165,1075,366,2015-08-31,2015
167291,506,1244,2015-08-31,2015
168163,3057,28643,2015-08-31,2015
168471,28643,3057,2015-08-31,2015
170934,244,506,2015-08-31,2015
172142,720,683,2015-08-31,2015
176485,631,1032,2015-08-31,2015
177847,985,16,2015-08-31,2015
182916,273,2969,2015-08-31,2015
183120,2282,3508,2015-08-31,2015
185245,16795,39,2015-08-31,2015
195605,281,3302,2015-08-31,2015
198709,273,290,2015-08-31,2015
215876,720,417,2015-08-31,2015
226802,683,169,2015-08-31,2015
238639,969,1160,2015-08-31,2015
248219,6894,3205,2015-08-31,2015
251079,20,126,2015-08-31,2015
255688,1091,2079,2015-08-31,2015
265542,825,7160,2015-08-31,2015
353948,1423,1041,2015-08-31,2015
16136,27,82,2015-08-30,2015
34601,13,621,2015-08-30,2015
42460,82,46,2015-08-30,2015
88755,82,281,2015-08-30,2015
243714,506,27,2015-08-30,2015
33763,130,380,2015-08-29,2015
42412,985,984,2015-08-29,2015
85383,281,12321,2015-08-29,2015
127108,281,12321,2015-08-29,2015
142021,1084,1041,2015-08-29,2015
165007,131,1050,2015-08-29,2015
53418,16,15,2015-08-28,2015
91845,15,148,2015-08-28,2015
127108,12321,281,2015-08-28,2015
165007,368,131,2015-08-28,2015
167799,27,33,2015-08-28,2015
174694,281,162,2015-08-28,2015
45146,31,5,2015-08-27,2015
124555,46,16795,2015-08-27,2015
126710,162,583,2015-08-27,2015
159142,1075,1049,2015-08-27,2015
195778,127,33,2015-08-27,2015
201576,1110,1071,2015-08-27,2015
293661,589,1506,2015-08-27,2015
126664,583,12,2015-08-26,2015
160963,39,269,2015-08-26,2015
184816,2425,1075,2015-08-26,2015
203507,273,3524,2015-08-26,2015
212229,1467,2292,2015-08-26,2015
225744,370,465,2015-08-26,2015
91970,631,506,2015-08-25,2015
99499,3368,979,2015-08-25,2015
106872,79,127,2015-08-25,2015
125858,41,38,2015-08-25,2015
250450,234,133,2015-08-25,2015
154147,269,127,2015-08-24,2015
162434,4,44,2015-08-24,2015
111036,762,265,2015-08-21,2015
120565,1148,1132,2015-08-21,2015
197751,506,1390,2015-08-21,2015
226074,131,2448,2015-08-21,2015
252689,2410,11127,2015-08-21,2015
54781,1049,281,2015-08-20,2015
65278,131,631,2015-08-20,2015
79960,720,506,2015-08-20,2015
88683,12,1025,2015-08-20,2015
118302,683,1531,2015-08-20,2015
205054,1627,12,2015-08-20,2015
296622,418,714,2015-08-20,2015
19041,6195,1003,2015-08-19,2015
86202,79,12,2015-08-19,2015
113707,762,244,2015-08-19,2015
127048,20,1050,2015-08-19,2015
179838,506,968,2015-08-19,2015
181477,714,16795,2015-08-19,2015
184892,244,762,2015-08-19,2015
22860,14171,595,2015-08-18,2015
51471,46,418,2015-08-18,2015
89733,714,1032,2015-08-18,2015
126687,417,618,2015-08-18,2015
167727,458,416,2015-08-18,2015
182906,583,1082,2015-08-18,2015
143029,60,157,2015-08-17,2015
130360,5,1533,2015-08-16,2015
224884,167,631,2015-08-16,2015
237617,1531,3302,2015-08-16,2015
262613,306,723,2015-08-16,2015
241119,1041,148,2015-08-15,2015
44726,1053,173,2015-08-14,2015
156618,58,1148,2015-08-14,2015
177476,631,1010,2015-08-14,2015
184440,820,11282,2015-08-14,2015
193867,371,903,2015-08-14,2015
177467,1050,714,2015-08-13,2015
193098,367,1531,2015-08-13,2015
206040,13,294,2015-08-13,2015
236471,20,36,2015-08-13,2015
273738,13,1531,2015-08-13,2015
311178,6676,5220,2015-08-13,2015
344886,347,2715,2015-08-13,2015
28396,281,12,2015-08-12,2015
61397,232,2700,2015-08-12,2015
66100,631,180,2015-08-12,2015
73185,1091,897,2015-08-12,2015
94928,339,16247,2015-08-12,2015
98131,449,3205,2015-08-12,2015
118303,1041,273,2015-08-12,2015
40687,121,1041,2015-08-11,2015
59442,338,21957,2015-08-11,2015
111873,11,543,2015-08-11,2015
126751,621,1244,2015-08-11,2015
197747,12,5,2015-08-11,2015
234523,12,2448,2015-08-11,2015
90959,1506,2944,2015-08-10,2015
133838,331,169,2015-08-10,2015
138736,3057,825,2015-08-10,2015
217115,417,618,2015-08-10,2015
332179,5,1005,2015-08-10,2015
48015,206,24,2015-08-07,2015
56523,1268,234,2015-08-07,2015
59323,714,641,2015-08-07,2015
113045,13,16795,2015-08-07,2015
159079,10484,19789,2015-08-07,2015
159471,11,984,2015-08-07,2015
163738,1148,3008,2015-08-07,2015
172015,418,1108,2015-08-07,2015
45320,985,583,2015-08-06,2015
120705,993,367,2015-08-06,2015
124895,1304,1269,2015-08-06,2015
148455,631,12,2015-08-06,2015
211251,16795,5358,2015-08-06,2015
238993,410,1047,2015-08-06,2015
55619,141,1084,2015-08-05,2015
59248,336,16795,2015-08-05,2015
163222,1429,6574,2015-08-05,2015
28140,618,989,2015-08-04,2015
124560,46,8970,2015-08-04,2015
170895,1531,1091,2015-08-04,2015
197642,11,3008,2015-08-04,2015
200188,416,1210,2015-08-04,2015
236510,31,543,2015-08-04,2015
257062,16795,2687,2015-08-04,2015
46106,603,543,2015-08-03,2015
77757,58,190,2015-08-03,2015
213268,467,1090,2015-08-03,2015
200056,749,6195,2015-08-02,2015
213429,2477,23611,2015-08-02,2015
251896,418,142,2015-08-01,2015
46104,281,46,2015-07-31,2015
163744,180,641,2015-07-31,2015
164771,995,405,2015-07-31,2015
193116,465,903,2015-07-31,2015
238626,244,1147,2015-07-31,2015
251106,281,1184,2015-07-31,2015
251896,142,418,2015-07-31,2015
272642,162,42,2015-07-31,2015
163568,416,1429,2015-07-30,2015
203348,58,762,2015-07-30,2015
272642,618,162,2015-07-30,2015
44058,11,12,2015-07-29,2015
45858,1091,1083,2015-07-29,2015
132010,4603,441,2015-07-29,2015
155395,150,982,2015-07-29,2015
85127,2381,10484,2015-07-28,2015
192557,371,2759,2015-07-28,2015
216662,1435,3205,2015-07-28,2015
108354,1158,405,2015-07-27,2015
129554,1090,1010,2015-07-27,2015
192875,202,157,2015-07-27,2015
163053,506,3508,2015-07-25,2015
180337,2698,1083,2015-07-25,2015
75411,506,1210,2015-07-24,2015
90024,681,683,2015-07-24,2015
162029,13,244,2015-07-24,2015
308279,252,2921,2015-07-24,2015
95976,1039,873,2015-07-23,2015
120205,80,41,2015-07-23,2015
182875,290,2282,2015-07-23,2015
184894,1038,6574,2015-07-23,2015
216872,276,2921,2015-07-23,2015
73794,6195,410,2015-07-22,2015
105695,43,124,2015-07-22,2015
131708,631,10484,2015-07-22,2015
33862,720,2282,2015-07-21,2015
51152,58,762,2015-07-21,2015
107525,338,6676,2015-07-21,2015
115333,16795,366,2015-07-21,2015
127160,148,583,2015-07-21,2015
128969,2282,1049,2015-07-21,2015
247377,416,4171,2015-07-21,2015
308278,2239,46,2015-07-21,2015
62094,1071,124,2015-07-20,2015
76326,202,1039,2015-07-20,2015
107010,430,13,2015-07-20,2015
192279,621,366,2015-07-20,2015
250683,6195,2722,2015-07-20,2015
257751,3522,1387,2015-07-20,2015
264063,660,498,2015-07-20,2015
82503,16795,2687,2015-07-19,2015
295630,1091,2079,2015-07-19,2015
179643,60,44,2015-07-18,2015
241229,417,405,2015-07-18,2015
264567,826,1082,2015-07-18,2015
45717,276,3522,2015-07-17,2015
85295,8024,347,2015-07-17,2015
96498,2783,4482,2015-07-17,2015
110688,2740,4482,2015-07-17,2015
155964,338,6996,2015-07-17,2015
222209,398,380,2015-07-17,2015
266795,1627,1533,2015-07-17,2015
297070,204,1421,2015-07-17,2015
34289,683,6676,2015-07-16,2015
44059,862,1038,2015-07-16,2015
148666,410,336,2015-07-16,2015
157993,449,19771,2015-07-16,2015
196357,41,15,2015-07-16,2015
240219,430,19,2015-07-16,2015
68410,39,683,2015-07-15,2015
88680,86,105,2015-07-15,2015
99254,6195,430,2015-07-15,2015
104223,234,180,2015-07-15,2015
124495,204,47,2015-07-15,2015
153238,3057,472,2015-07-15,2015
177350,121,2439,2015-07-15,2015
93844,42,3,2015-07-14,2015
111508,410,1010,2015-07-14,2015
124560,1390,46,2015-07-14,2015
134425,31,281,2015-07-14,2015
139396,141,681,2015-07-14,2015
197751,130,506,2015-07-14,2015
33873,512,631,2015-07-13,2015
56818,180,985,2015-07-13,2015
79027,499,383,2015-07-13,2015
94529,5,162,2015-07-13,2015
136111,506,8970,2015-07-13,2015
242532,1049,16795,2015-07-13,2015
291941,2503,2423,2015-07-13,2015
59322,660,10690,2015-07-12,2015
105521,16,368,2015-07-12,2015
11530,1095,141,2015-07-11,2015
54906,416,985,2015-07-11,2015
133179,306,800,2015-07-11,2015
48002,506,379,2015-07-10,2015
126665,1082,405,2015-07-10,2015
140776,162,13,2015-07-10,2015
147034,631,512,2015-07-10,2015
149716,294,162,2015-07-10,2015
153427,294,367,2015-07-10,2015
173859,800,416,2015-07-10,2015
196948,631,18,2015-07-10,2015
197470,800,1429,2015-07-10,2015
226025,12,19,2015-07-10,2015
55524,3205,449,2015-07-09,2015
73734,512,368,2015-07-09,2015
126516,405,1533,2015-07-09,2015
130394,130,2921,2015-07-09,2015
162029,31,13,2015-07-09,2015
165334,371,2553,2015-07-09,2015
175449,1050,3709,2015-07-09,2015
191056,244,1159,2015-07-09,2015
42710,13,148,2015-07-08,2015
45672,24,583,2015-07-08,2015
76746,1531,3709,2015-07-08,2015
137616,3205,449,2015-07-08,2015
33706,985,36,2015-07-07,2015
72047,368,940,2015-07-07,2015
134602,1075,232,2015-07-07,2015
332612,2425,979,2015-07-07,2015
12359,1426,1237,2015-07-06,2015
63494,148,1010,2015-07-06,2015
72857,130,273,2015-07-06,2015
128220,31,897,2015-07-06,2015
144028,1184,2727,2015-07-06,2015
251106,20,281,2015-07-06,2015
54846,44,105,2015-07-05,2015
220878,415,3558,2015-07-04,2015
22141,130,1025,2015-07-03,2015
39152,162,631,2015-07-03,2015
68645,131,46,2015-07-03,2015
102132,405,1053,2015-07-03,2015
111819,430,506,2015-07-03,2015
128901,1110,543,2015-07-03,2015
183397,1268,38,2015-07-03,2015
187024,3691,3714,2015-07-03,2015
190685,347,244,2015-07-03,2015
205938,631,162,2015-07-03,2015
16306,720,418,2015-07-02,2015
56354,317,1148,2015-07-02,2015
60957,39,1039,2015-07-02,2015
99227,12,5,2015-07-02,2015
107775,2414,206,2015-07-02,2015
112935,306,533,2015-07-02,2015
122797,1071,1162,2015-07-02,2015
129092,1053,265,2015-07-02,2015
141050,1301,720,2015-07-02,2015
146799,506,1038,2015-07-02,2015
157125,601,28643,2015-07-02,2015
161056,79,27,2015-07-02,2015
165895,12,6574,2015-07-02,2015
221316,714,418,2015-07-02,2015
231471,1091,683,2015-07-02,2015
318077,1038,2921,2015-07-02,2015
3333,281,31,2015-07-01,2015
7825,27,6195,2015-07-01,2015
12880,2671,21957,2015-07-01,2015
16306,418,720,2015-07-01,2015
18644,281,1049,2015-07-01,2015
20506,1049,383,2015-07-01,2015
25289,2995,3325,2015-07-01,2015
25734,6414,11127,2015-07-01,2015
27178,1465,475,2015-07-01,2015
27706,2700,964,2015-07-01,2015
31599,23,2036,2015-07-01,2015
33210,383,79,2015-07-01,2015
40680,79,27,2015-07-01,2015
42913,467,157,2015-07-01,2015
43010,173,820,2015-07-01,2015
44059,157,862,2015-07-01,2015
45403,244,2288,2015-07-01,2015
48067,232,964,2015-07-01,2015
48859,1082,36,2015-07-01,2015
49676,16704,11127,2015-07-01,2015
50355,121,16704,2015-07-01,2015
50818,3508,2282,2015-07-01,2015
51894,36,20,2015-07-01,2015
55508,148,41,2015-07-01,2015
56100,105,39,2015-07-01,2015
56631,234,306,2015-07-01,2015
57216,3911,1420,2015-07-01,2015
58489,33,15,2015-07-01,2015
58855,1506,20,2015-07-01,2015
58971,2741,3714,2015-07-01,2015
59352,16704,11127,2015-07-01,2015
59594,499,234,2015-07-01,2015
63463,14171,940,2015-07-01,2015
63837,2420,720,2015-07-01,2015
64352,234,403,2015-07-01,2015
64793,6574,252,2015-07-01,2015
70131,4,589,2015-07-01,2015
72047,31,368,2015-07-01,2015
73700,2079,265,2015-07-01,2015
74294,1090,610,2015-07-01,2015
79642,39,1003,2015-07-01,2015
80894,12,749,2015-07-01,2015
81999,42,512,2015-07-01,2015
82410,1304,202,2015-07-01,2015
82863,127,79,2015-07-01,2015
84979,903,2760,2015-07-01,2015
85177,180,31,2015-07-01,2015
85969,2783,16247,2015-07-01,2015
88262,281,371,2015-07-01,2015
88647,443,1177,2015-07-01,2015
88909,5,749,2015-07-01,2015
91469,995,865,2015-07-01,2015
91949,976,2990,2015-07-01,2015
93831,35,65,2015-07-01,2015
94293,2414,5724,2015-07-01,2015
95810,1132,148,2015-07-01,2015
95950,2451,370,2015-07-01,2015
97541,121,964,2015-07-01,2015
99227,252,12,2015-07-01,2015
101213,1038,379,2015-07-01,2015
102134,317,190,2015-07-01,2015
102226,631,18,2015-07-01,2015
102427,31,289,2015-07-01,2015
102572,2783,16247,2015-07-01,2015
108710,338,6992,2015-07-01,2015
108725,1003,399,2015-07-01,2015
110724,1245,601,2015-07-01,2015
112302,410,506,2015-07-01,2015
112465,2995,720,2015-07-01,2015
112988,336,180,2015-07-01,2015
118847,15,167,2015-07-01,2015
119211,27,44,2015-07-01,2015
119228,410,1038,2015-07-01,2015
119574,370,2578,2015-07-01,2015
120205,533,80,2015-07-01,2015
120262,4482,6992,2015-07-01,2015
120629,583,1050,2015-07-01,2015
124422,79,126,2015-07-01,2015
125769,1455,133,2015-07-01,2015
126625,1075,1084,2015-07-01,2015
126737,1084,180,2015-07-01,2015
127032,415,583,2015-07-01,2015
127189,162,46,2015-07-01,2015
129476,131,29,2015-07-01,2015
130360,416,5,2015-07-01,2015
130756,244,720,2015-07-01,2015
134294,1132,31,2015-07-01,2015
136643,38,683,2015-07-01,2015
137206,932,2698,2015-07-01,2015
137576,498,2282,2015-07-01,2015
137669,984,1110,2015-07-01,2015
140554,511,903,2015-07-01,2015
140786,204,2727,2015-07-01,2015
143559,281,33,2015-07-01,2015
145707,720,418,2015-07-01,2015
146795,989,677,2015-07-01,2015
147846,162,383,2015-07-01,2015
148396,1082,2282,2015-07-01,2015
154351,28643,354,2015-07-01,2015
160241,533,38,2015-07-01,2015
161056,23826,79,2015-07-01,2015
165895,2921,12,2015-07-01,2015
167850,383,985,2015-07-01,2015
169873,20,36,2015-07-01,2015
174196,1423,826,2015-07-01,2015
177779,533,80,2015-07-01,2015
177843,506,6574,2015-07-01,2015
178459,86,23826,2015-07-01,2015
180843,468,1304,2015-07-01,2015
181375,290,200,2015-07-01,2015
182712,294,1049,2015-07-01,2015
184894,46,1038,2015-07-01,2015
185077,533,60,2015-07-01,2015
186337,2760,1031,2015-07-01,2015
187245,403,610,2015-07-01,2015
187798,2282,169,2015-07-01,2015
189441,162,244,2015-07-01,2015
191891,15,610,2015-07-01,2015
195171,1084,1050,2015-07-01,2015
196829,33,237,2015-07-01,2015
201248,2715,29228,2015-07-01,2015
201737,60,2969,2015-07-01,2015
202380,403,468,2015-07-01,2015
203026,31,370,2015-07-01,2015
205465,162,3524,2015-07-01,2015
205562,1162,162,2015-07-01,2015
206050,458,506,2015-07-01,2015
207015,723,1090,2015-07-01,2015
207037,379,1031,2015-07-01,2015
207048,610,1269,2015-07-01,2015
214532,3524,1420,2015-07-01,2015
215977,14171,995,2015-07-01,2015
221025,294,1049,2015-07-01,2015
221899,13,1050,2015-07-01,2015
223025,868,126,2015-07-01,2015
232093,1186,3725,2015-07-01,2015
233264,441,2441,2015-07-01,2015
234193,2282,601,2015-07-01,2015
238223,2425,294,2015-07-01,2015
242940,506,458,2015-07-01,2015
253677,677,989,2015-07-01,2015
257482,2671,1091,2015-07-01,2015
265136,4750,1465,2015-07-01,2015
277167,130,4083,2015-07-01,2015
277772,1304,235,2015-07-01,2015
286533,5220,683,2015-07-01,2015
288121,306,467,2015-07-01,2015
296622,237,418,2015-07-01,2015
318077,2921,1038,2015-07-01,2015
332179,2919,5,2015-07-01,2015
7161,39,16,2015-06-30,2015
16306,720,418,2015-06-30,2015
18644,1049,281,2015-06-30,2015
20506,383,1049,2015-06-30,2015
33210,1531,383,2015-06-30,2015
33706,336,985,2015-06-30,2015
33862,141,720,2015-06-30,2015
38607,2239,130,2015-06-30,2015
38780,20698,979,2015-06-30,2015
39152,985,162,2015-06-30,2015
41355,618,1123,2015-06-30,2015
42710,180,13,2015-06-30,2015
42913,157,467,2015-06-30,2015
44059,862,157,2015-06-30,2015
45717,3522,276,2015-06-30,2015
48067,1083,232,2015-06-30,2015
49676,3691,16704,2015-06-30,2015
50355,11127,121,2015-06-30,2015
52480,2424,2995,2015-06-30,2015
54846,105,44,2015-06-30,2015
55508,41,148,2015-06-30,2015
55619,1084,141,2015-06-30,2015
58489,15,33,2015-06-30,2015
59349,3368,366,2015-06-30,2015
59442,6414,338,2015-06-30,2015
60957,89,39,2015-06-30,2015
64352,403,234,2015-06-30,2015
64793,252,6574,2015-06-30,2015
66100,79,631,2015-06-30,2015
72047,368,31,2015-06-30,2015
72768,2288,294,2015-06-30,2015
73185,897,1091,2015-06-30,2015
77563,4,42,2015-06-30,2015
82097,18,15,2015-06-30,2015
88683,5,12,2015-06-30,2015
88909,749,5,2015-06-30,2015
91945,2381,36,2015-06-30,2015
93177,3729,232,2015-06-30,2015
93763,10,60,2015-06-30,2015
94293,5817,2414,2015-06-30,2015
94307,180,294,2015-06-30,2015
94928,4482,339,2015-06-30,2015
98512,6894,449,2015-06-30,2015
99254,749,6195,2015-06-30,2015
102132,1053,405,2015-06-30,2015
102226,18,631,2015-06-30,2015
105653,152,36,2015-06-30,2015
108880,86,82,2015-06-30,2015
111508,16795,410,2015-06-30,2015
112302,506,410,2015-06-30,2015
113045,16795,13,2015-06-30,2015
118847,167,15,2015-06-30,2015
119228,1038,410,2015-06-30,2015
120095,720,1038,2015-06-30,2015
120205,80,533,2015-06-30,2015
120629,595,583,2015-06-30,2015
123349,499,336,2015-06-30,2015
124495,20100,204,2015-06-30,2015
124555,862,46,2015-06-30,2015
125103,127,16,2015-06-30,2015
126516,3522,405,2015-06-30,2015
126625,16795,1075,2015-06-30,2015
126751,142,621,2015-06-30,2015
127032,583,415,2015-06-30,2015
127076,750,969,2015-06-30,2015
128220,1084,31,2015-06-30,2015
128931,862,252,2015-06-30,2015
129476,368,131,2015-06-30,2015
130360,749,416,2015-06-30,2015
131996,499,631,2015-06-30,2015
134277,29228,1082,2015-06-30,2015
135492,14171,583,2015-06-30,2015
136111,1429,506,2015-06-30,2015
136514,5220,683,2015-06-30,2015
136643,6676,38,2015-06-30,2015
136647,265,289,2015-06-30,2015
137206,2698,932,2015-06-30,2015
138736,10484,3057,2015-06-30,2015
139395,2990,336,2015-06-30,2015
142924,968,3508,2015-06-30,2015
143559,33,281,2015-06-30,2015
143812,749,430,2015-06-30,2015
147034,5,631,2015-06-30,2015
147846,383,162,2015-06-30,2015
148368,1082,31,2015-06-30,2015
148455,430,631,2015-06-30,2015
148666,3709,410,2015-06-30,2015
149716,897,294,2015-06-30,2015
153238,472,3057,2015-06-30,2015
153427,993,294,2015-06-30,2015
155395,1075,150,2015-06-30,2015
155964,6994,338,2015-06-30,2015
157501,252,5,2015-06-30,2015
157993,6894,449,2015-06-30,2015
162959,749,506,2015-06-30,2015
167291,1210,506,2015-06-30,2015
167799,167,27,2015-06-30,2015
174694,1082,281,2015-06-30,2015
176485,24,631,2015-06-30,2015
177843,6574,506,2015-06-30,2015
180337,1083,2698,2015-06-30,2015
181375,200,290,2015-06-30,2015
181378,3911,40,2015-06-30,2015
181477,3302,714,2015-06-30,2015
182712,1049,294,2015-06-30,2015
182891,2715,347,2015-06-30,2015
184440,3840,820,2015-06-30,2015
184894,1038,46,2015-06-30,2015
187587,23826,430,2015-06-30,2015
188335,3522,430,2015-06-30,2015
188338,1038,964,2015-06-30,2015
189441,244,162,2015-06-30,2015
189744,1159,162,2015-06-30,2015
191891,610,15,2015-06-30,2015
192875,1455,202,2015-06-30,2015
196357,38,41,2015-06-30,2015
197471,3522,800,2015-06-30,2015
197747,1038,12,2015-06-30,2015
199316,3840,2293,2015-06-30,2015
203507,3524,273,2015-06-30,2015
205938,1531,631,2015-06-30,2015
207048,1435,610,2015-06-30,2015
212391,366,3368,2015-06-30,2015
212832,1085,1091,2015-06-30,2015
214775,720,13,2015-06-30,2015
216872,2921,276,2015-06-30,2015
221025,1049,294,2015-06-30,2015
221899,367,13,2015-06-30,2015
234193,29228,2282,2015-06-30,2015
238537,1047,1038,2015-06-30,2015
238626,1147,244,2015-06-30,2015
240219,2921,430,2015-06-30,2015
240578,3349,1465,2015-06-30,2015
241527,46,1038,2015-06-30,2015
242532,16795,1049,2015-06-30,2015
268113,1455,200,2015-06-30,2015
272855,443,865,2015-06-30,2015
277167,4083,130,2015-06-30,2015
278654,11282,589,2015-06-30,2015
283735,607,276,2015-06-30,2015
291941,7179,2503,2015-06-30,2015
336104,4603,5220,2015-06-30,2015
183321,124,762,2015-06-01,2015
59866,512,631,2015-05-31,2015
102427,289,31,2015-05-31,2015
105695,350,43,2015-05-31,2015
128909,1110,1039,2015-05-31,2015
131708,641,631,2015-05-31,2015
140191,641,148,2015-05-31,2015
177907,1071,3008,2015-05-31,2015
183318,703,762,2015-05-31,2015
192557,2759,371,2015-05-31,2015
200777,1148,148,2015-05-31,2015
255788,2759,931,2015-05-31,2015
84979,2760,903,2015-05-25,2015
140554,903,511,2015-05-20,2015
189070,703,2288,2015-04-26,2015
108725,677,1003,2015-04-24,2015
177476,1032,631,2015-04-22,2015
129103,2696,2700,2015-04-21,2015
177476,631,1032,2015-03-25,2015
189070,2288,703,2015-03-12,2015
59442,338,6414,2015-03-02,2015
222079,6996,18303,2015-03-01,2015
48067,232,1083,2015-02-27,2015
108725,1003,677,2015-02-27,2015
180337,2698,1083,2015-02-26,2015
94922,660,4128,2015-02-23,2015
155964,338,6994,2015-02-13,2015
177907,3008,1071,2015-02-10,2015
25732,660,339,2015-02-09,2015
124700,2741,28095,2015-02-06,2015
68983,1063,3426,2015-02-02,2015
78961,1519,371,2015-02-02,2015
91970,430,631,2015-02-02,2015
94307,294,180,2015-02-02,2015
126516,405,3522,2015-02-02,2015
129585,475,3057,2015-02-02,2015
132207,29,603,2015-02-02,2015
136647,289,265,2015-02-02,2015
145988,985,873,2015-02-02,2015
146509,1519,3008,2015-02-02,2015
148396,29228,1082,2015-02-02,2015
148455,631,430,2015-02-02,2015
159908,825,449,2015-02-02,2015
167859,252,506,2015-02-02,2015
168158,601,2282,2015-02-02,2015
172142,2420,720,2015-02-02,2015
183321,762,124,2015-02-02,2015
189441,162,244,2015-02-02,2015
231289,720,2420,2015-02-02,2015
237125,750,3524,2015-02-02,2015
241527,1038,46,2015-02-02,2015
248219,524,6894,2015-02-02,2015
248271,868,2944,2015-02-02,2015
272855,865,443,2015-02-02,2015
94307,39,294,2015-02-01,2015
118689,800,506,2015-02-01,2015
125868,1082,873,2015-02-01,2015
126516,276,405,2015-02-01,2015
145988,873,985,2015-02-01,2015
229817,2921,862,2015-02-01,2015
241527,46,1038,2015-02-01,2015
139395,336,2990,2015-01-31,2015
215099,306,610,2015-01-31,2015
230552,46,252,2015-01-31,2015
245072,631,410,2015-01-31,2015
40613,180,2288,2015-01-30,2015
64793,6574,252,2015-01-30,2015
88683,12,5,2015-01-30,2015
105695,43,350,2015-01-30,2015
128931,252,862,2015-01-30,2015
230552,749,46,2015-01-30,2015
286384,714,1050,2015-01-29,2015
336104,5220,4603,2015-01-29,2015
45717,276,3522,2015-01-28,2015
84979,903,2760,2015-01-28,2015
149498,1050,11,2015-01-28,2015
245072,132,631,2015-01-28,2015
99331,533,86,2015-01-27,2015
162571,6676,169,2015-01-27,2015
124495,204,20100,2015-01-26,2015
207573,5572,47,2015-01-26,2015
98512,449,6894,2015-01-23,2015
226802,2671,683,2015-01-23,2015
108880,82,86,2015-01-22,2015
113045,13,16795,2015-01-22,2015
127076,969,750,2015-01-22,2015
38780,979,20698,2015-01-21,2015
108880,533,82,2015-01-21,2015
113045,416,13,2015-01-21,2015
119228,410,1038,2015-01-21,2015
157501,5,252,2015-01-21,2015
127076,750,969,2015-01-20,2015
132203,371,2759,2015-01-20,2015
206386,12,15,2015-01-20,2015
241641,294,162,2015-01-20,2015
88374,141,10484,2015-01-19,2015
206386,15,12,2015-01-19,2015
241641,162,294,2015-01-19,2015
111961,31,5,2015-01-17,2015
88909,5,749,2015-01-16,2015
167291,506,1210,2015-01-16,2015
242532,1049,16795,2015-01-16,2015
92567,5220,6414,2015-01-15,2015
167291,2921,506,2015-01-15,2015
234781,347,1041,2015-01-15,2015
255788,931,2759,2015-01-15,2015
143559,281,33,2015-01-12,2015
45858,121,1091,2015-01-09,2015
232271,1420,1082,2015-01-09,2015
280701,3508,940,2015-01-09,2015
153427,294,993,2015-01-08,2015
167799,27,167,2015-01-07,2015
52480,2995,2424,2015-01-06,2015
268113,200,1455,2015-01-06,2015
132207,903,29,2015-01-05,2015
182923,610,2282,2015-01-04,2015
193592,11,865,2015-01-04,2015
129585,3057,475,2015-01-03,2015
140554,511,903,2015-01-03,2015
193592,865,11,2015-01-03,2015
49676,16704,3691,2015-01-01,2015
72768,294,2288,2015-01-01,2015
129103,2700,2696,2015-01-01,2015
153238,3057,472,2015-01-01,2015
181375,290,200,2015-01-01,2015
143852,5572,265,2014-12-31,2014
203411,2414,190,2014-12-31,2014
213510,976,982,2014-12-31,2014
244271,4482,339,2014-12-31,2014
203507,273,3524,2014-12-07,2014
24202,21957,605,2014-09-13,2014
240578,1465,3349,2014-09-05,2014
7161,16,39,2014-09-01,2014
12282,610,985,2014-09-01,2014
18644,281,1049,2014-09-01,2014
20005,6414,800,2014-09-01,2014
30290,610,234,2014-09-01,2014
34289,3060,683,2014-09-01,2014
35865,800,6574,2014-09-01,2014
39152,162,985,2014-09-01,2014
42710,13,180,2014-09-01,2014
42913,467,157,2014-09-01,2014
50355,121,11127,2014-09-01,2014
55508,148,41,2014-09-01,2014
55619,141,1084,2014-09-01,2014
57280,800,5,2014-09-01,2014
67063,985,11,2014-09-01,2014
70114,28095,1124,2014-09-01,2014
70245,11,1123,2014-09-01,2014
91945,36,2381,2014-09-01,2014
102427,31,289,2014-09-01,2014
114422,3216,114,2014-09-01,2014
120095,1038,720,2014-09-01,2014
127048,750,20,2014-09-01,2014
127160,969,148,2014-09-01,2014
147846,162,383,2014-09-01,2014
148666,410,3709,2014-09-01,2014
153238,1049,3057,2014-09-01,2014
157993,449,6894,2014-09-01,2014
162079,58,993,2014-09-01,2014
168158,2282,601,2014-09-01,2014
188338,964,1038,2014-09-01,2014
192557,371,2759,2014-09-01,2014
193592,11,865,2014-09-01,2014
196357,41,38,2014-09-01,2014
197471,800,3522,2014-09-01,2014
197747,12,1038,2014-09-01,2014
199248,5,294,2014-09-01,2014
238626,244,1147,2014-09-01,2014
40633,41,430,2014-08-31,2014
129444,714,6195,2014-08-31,2014
147034,631,5,2014-08-31,2014
181136,410,749,2014-08-31,2014
60957,39,89,2014-08-30,2014
87162,206,458,2014-08-30,2014
140803,1184,467,2014-08-30,2014
80059,825,6646,2014-08-29,2014
95976,1032,1039,2014-08-29,2014
105653,36,152,2014-08-29,2014
128909,1039,1110,2014-08-29,2014
136643,38,6676,2014-08-29,2014
156618,1095,58,2014-08-29,2014
187245,610,403,2014-08-29,2014
128909,31,1039,2014-08-28,2014
140191,148,641,2014-08-28,2014
145988,985,873,2014-08-28,2014
167329,1041,417,2014-08-28,2014
216872,276,2921,2014-08-28,2014
186763,724,1090,2014-08-27,2014
291941,2503,7179,2014-08-27,2014
20506,1049,383,2014-08-26,2014
45314,368,148,2014-08-26,2014
45320,418,985,2014-08-26,2014
77563,42,4,2014-08-26,2014
104752,683,12,2014-08-26,2014
45146,5,31,2014-08-25,2014
56809,1082,667,2014-08-25,2014
134999,200,234,2014-08-25,2014
70131,449,4,2014-08-24,2014
147487,1158,720,2014-08-24,2014
215599,80,23826,2014-08-22,2014
73547,1110,1032,2014-08-21,2014
184440,820,3840,2014-08-21,2014
199316,2293,3840,2014-08-21,2014
31067,1050,6195,2014-08-20,2014
63342,1123,1039,2014-08-20,2014
182712,294,1049,2014-08-20,2014
33706,985,336,2014-08-19,2014
221899,13,367,2014-08-19,2014
217111,306,317,2014-08-18,2014
59866,631,512,2014-08-16,2014
244271,339,4482,2014-08-15,2014
245072,631,132,2014-08-15,2014
68033,2410,533,2014-08-14,2014
90478,520,601,2014-08-14,2014
129476,131,368,2014-08-14,2014
63422,289,2778,2014-08-13,2014
132010,441,4603,2014-08-13,2014
143812,430,749,2014-08-13,2014
181477,714,3302,2014-08-13,2014
207917,368,31,2014-08-13,2014
230552,46,749,2014-08-13,2014
324882,1159,499,2014-08-13,2014
126751,621,142,2014-08-12,2014
188335,430,3522,2014-08-12,2014
224884,65,167,2014-08-12,2014
57723,2698,720,2014-08-11,2014
90681,720,281,2014-08-11,2014
118689,506,800,2014-08-11,2014
183318,762,703,2014-08-10,2014
52570,371,180,2014-08-09,2014
161011,202,79,2014-08-09,2014
183318,703,762,2014-08-09,2014
7825,31,27,2014-08-08,2014
59349,366,3368,2014-08-08,2014
82130,2698,114,2014-08-08,2014
93704,13,82,2014-08-08,2014
132207,29,903,2014-08-08,2014
136514,683,5220,2014-08-08,2014
182381,317,232,2014-08-08,2014
226802,683,2671,2014-08-08,2014
92567,6414,5220,2014-08-07,2014
143852,265,5572,2014-08-07,2014
149716,294,897,2014-08-07,2014
241641,294,162,2014-08-07,2014
131708,631,641,2014-08-06,2014
162029,13,31,2014-08-06,2014
41355,1123,618,2014-08-05,2014
137669,1304,984,2014-08-05,2014
66100,631,79,2014-08-04,2014
126516,405,276,2014-08-04,2014
58489,33,15,2014-08-03,2014
79422,3368,418,2014-08-03,2014
187587,430,23826,2014-08-03,2014
40687,244,121,2014-08-02,2014
38607,130,2239,2014-08-01,2014
182688,683,169,2014-08-01,2014
29559,1147,1084,2014-07-31,2014
53077,368,683,2014-07-31,2014
64399,1049,3709,2014-07-31,2014
175722,336,148,2014-07-31,2014
96341,631,29,2014-07-30,2014
111196,234,398,2014-07-30,2014
125783,750,273,2014-07-30,2014
148368,31,1082,2014-07-30,2014
240219,430,2921,2014-07-30,2014
146509,3008,1519,2014-07-29,2014
148368,1082,31,2014-07-29,2014
177907,350,3008,2014-07-29,2014
234803,1519,3008,2014-07-29,2014
262939,367,366,2014-07-29,2014
108354,244,1158,2014-07-28,2014
125781,681,13,2014-07-28,2014
132764,371,3057,2014-07-28,2014
182618,273,162,2014-07-28,2014
215118,180,11,2014-07-28,2014
37838,180,31,2014-07-27,2014
85240,1387,252,2014-07-26,2014
120629,583,595,2014-07-26,2014
45717,1390,276,2014-07-25,2014
52119,631,289,2014-07-25,2014
55000,506,2921,2014-07-25,2014
68980,206,3426,2014-07-25,2014
112302,410,506,2014-07-25,2014
114422,114,3216,2014-07-25,2014
130353,506,1429,2014-07-25,2014
153427,985,294,2014-07-25,2014
176485,631,24,2014-07-25,2014
44059,157,862,2014-07-24,2014
94928,339,4482,2014-07-24,2014
130353,3522,506,2014-07-24,2014
170953,417,667,2014-07-24,2014
90466,148,2288,2014-07-23,2014
94307,294,39,2014-07-23,2014
127032,415,583,2014-07-23,2014
167291,506,2921,2014-07-23,2014
192765,2288,148,2014-07-23,2014
33862,720,141,2014-07-22,2014
181380,1423,683,2014-07-22,2014
187798,605,2282,2014-07-22,2014
120095,873,1038,2014-07-21,2014
205938,631,1531,2014-07-21,2014
16306,418,720,2014-07-19,2014
61764,2420,982,2014-07-19,2014
128223,418,506,2014-07-19,2014
142924,3508,968,2014-07-19,2014
184894,46,1038,2014-07-19,2014
238537,1038,1047,2014-07-19,2014
73185,1091,897,2014-07-18,2014
91851,173,190,2014-07-18,2014
170838,36,12,2014-07-18,2014
181378,40,3911,2014-07-18,2014
283735,276,607,2014-07-18,2014
31909,27,418,2014-07-17,2014
124502,60,16,2014-07-17,2014
135490,1423,1041,2014-07-17,2014
200777,148,1148,2014-07-17,2014
221025,294,1049,2014-07-17,2014
68410,265,39,2014-07-16,2014
84483,3690,11127,2014-07-16,2014
121483,294,13,2014-07-16,2014
124495,29,204,2014-07-16,2014
130360,416,749,2014-07-16,2014
143029,294,60,2014-07-16,2014
73926,1010,410,2014-07-15,2014
102134,1053,317,2014-07-15,2014
112052,234,720,2014-07-15,2014
127108,1050,12321,2014-07-15,2014
144303,294,31,2014-07-15,2014
160938,24,60,2014-07-15,2014
193098,237,367,2014-07-15,2014
72047,31,368,2014-07-14,2014
137206,932,2698,2014-07-14,2014
157125,3057,601,2014-07-14,2014
113707,969,762,2014-07-13,2014
12907,19,1390,2014-07-12,2014
72522,18,383,2014-07-12,2014
212832,1091,1085,2014-07-12,2014
261927,1085,1084,2014-07-12,2014
45601,2778,1268,2014-07-11,2014
192875,202,1455,2014-07-11,2014
40433,131,11,2014-07-10,2014
99254,6195,749,2014-07-10,2014
112822,467,5724,2014-07-10,2014
157036,7378,1301,2014-07-10,2014
85528,862,399,2014-07-09,2014
102132,405,1053,2014-07-09,2014
36139,317,180,2014-07-08,2014
212391,3368,366,2014-07-08,2014
234193,2282,29228,2014-07-08,2014
52059,383,190,2014-07-07,2014
124560,46,1390,2014-07-07,2014
126719,1049,27,2014-07-07,2014
136111,506,1429,2014-07-07,2014
174694,281,1082,2014-07-07,2014
60164,169,683,2014-07-06,2014
124555,46,862,2014-07-06,2014
126625,1075,16795,2014-07-06,2014
45660,39,33,2014-07-05,2014
102226,631,18,2014-07-05,2014
124025,5220,6676,2014-07-05,2014
33210,383,1531,2014-07-04,2014
64352,234,403,2014-07-04,2014
107544,511,1241,2014-07-04,2014
126414,41,15,2014-07-04,2014
140786,3057,204,2014-07-04,2014
176961,141,449,2014-07-04,2014
92571,677,379,2014-07-03,2014
113045,13,416,2014-07-03,2014
134277,1082,29228,2014-07-03,2014
277167,130,4083,2014-07-03,2014
90024,306,681,2014-07-02,2014
105521,416,16,2014-07-02,2014
165007,131,368,2014-07-02,2014
167859,506,252,2014-07-02,2014
189744,162,1159,2014-07-02,2014
5336,441,6676,2014-07-01,2014
24846,982,1085,2014-07-01,2014
25520,1304,383,2014-07-01,2014
25734,339,6414,2014-07-01,2014
29692,11,2288,2014-07-01,2014
32467,368,131,2014-07-01,2014
33571,430,1038,2014-07-01,2014
34283,1025,276,2014-07-01,2014
38253,16,27,2014-07-01,2014
38607,2921,130,2014-07-01,2014
39259,4,24,2014-07-01,2014
40423,681,131,2014-07-01,2014
42735,3508,157,2014-07-01,2014
43530,180,31,2014-07-01,2014
44466,24,27,2014-07-01,2014
45671,524,114,2014-07-01,2014
46106,1032,603,2014-07-01,2014
48870,865,855,2014-07-01,2014
49676,2700,16704,2014-07-01,2014
49723,4,24,2014-07-01,2014
51174,720,281,2014-07-01,2014
53696,33,38,2014-07-01,2014
54781,720,1049,2014-07-01,2014
54846,44,105,2014-07-01,2014
55000,1038,506,2014-07-01,2014
55089,60,533,2014-07-01,2014
57895,339,499,2014-07-01,2014
58267,720,10484,2014-07-01,2014
61887,985,603,2014-07-01,2014
62094,762,1071,2014-07-01,2014
63489,169,2441,2014-07-01,2014
66934,58,379,2014-07-01,2014
72857,6574,130,2014-07-01,2014
74857,18,131,2014-07-01,2014
75489,86,4,2014-07-01,2014
76326,1268,202,2014-07-01,2014
77001,306,543,2014-07-01,2014
81512,1245,1184,2014-07-01,2014
81999,533,42,2014-07-01,2014
82863,18,127,2014-07-01,2014
84301,1147,273,2014-07-01,2014
84435,167,3,2014-07-01,2014
85906,15,4795,2014-07-01,2014
87884,130,749,2014-07-01,2014
90583,2861,157,2014-07-01,2014
91931,338,339,2014-07-01,2014
93081,1090,610,2014-07-01,2014
93177,232,3729,2014-07-01,2014
93763,60,10,2014-07-01,2014
94199,82,44,2014-07-01,2014
94293,2414,5817,2014-07-01,2014
98512,2292,449,2014-07-01,2014
98543,3690,11126,2014-07-01,2014
99343,621,985,2014-07-01,2014
103565,595,40,2014-07-01,2014
111376,58,23826,2014-07-01,2014
112648,2671,2441,2014-07-01,2014
113235,2783,2700,2014-07-01,2014
118689,1387,506,2014-07-01,2014
119296,15,31,2014-07-01,2014
120205,533,80,2014-07-01,2014
120565,1031,1148,2014-07-01,2014
124410,79,23826,2014-07-01,2014
124884,202,1184,2014-07-01,2014
125103,16,127,2014-07-01,2014
128011,128,2441,2014-07-01,2014
128220,31,1084,2014-07-01,2014
129679,1158,347,2014-07-01,2014
130142,6418,2441,2014-07-01,2014
139336,2420,336,2014-07-01,2014
148118,3609,14589,2014-07-01,2014
148396,1082,29228,2014-07-01,2014
155395,150,1075,2014-07-01,2014
157178,2375,825,2014-07-01,2014
159622,995,3057,2014-07-01,2014
160380,3057,354,2014-07-01,2014
167165,1085,1075,2014-07-01,2014
167859,252,506,2014-07-01,2014
170472,273,16795,2014-07-01,2014
172066,4294,3325,2014-07-01,2014
174488,1390,1025,2014-07-01,2014
176936,368,3302,2014-07-01,2014
179184,3057,244,2014-07-01,2014
182891,347,2715,2014-07-01,2014
183288,180,985,2014-07-01,2014
187718,1245,172,2014-07-01,2014
189186,449,43,2014-07-01,2014
189744,1159,162,2014-07-01,2014
191891,15,610,2014-07-01,2014
203411,190,2414,2014-07-01,2014
204201,868,20,2014-07-01,2014
206386,12,15,2014-07-01,2014
207048,610,1435,2014-07-01,2014
213510,982,976,2014-07-01,2014
214775,13,720,2014-07-01,2014
217923,16704,14589,2014-07-01,2014
228645,1283,1304,2014-07-01,2014
229817,862,2921,2014-07-01,2014
234523,6574,12,2014-07-01,2014
242940,458,506,2014-07-01,2014
243714,583,506,2014-07-01,2014
257324,369,5724,2014-07-01,2014
317806,2727,498,2014-07-01,2014
7825,6195,31,2014-06-30,2014
20506,15,1049,2014-06-30,2014
31067,2288,1050,2014-06-30,2014
33571,1038,430,2014-06-30,2014
33862,3205,720,2014-06-30,2014
46062,1091,130,2014-06-30,2014
48067,1083,232,2014-06-30,2014
50355,2700,121,2014-06-30,2014
52119,499,631,2014-06-30,2014
52480,2425,2995,2014-06-30,2014
53077,1531,368,2014-06-30,2014
55619,1084,141,2014-06-30,2014
56809,29228,1082,2014-06-30,2014
57723,683,2698,2014-06-30,2014
58267,10484,720,2014-06-30,2014
59248,1041,336,2014-06-30,2014
61812,1533,681,2014-06-30,2014
64339,714,294,2014-06-30,2014
66100,1049,631,2014-06-30,2014
70131,289,449,2014-06-30,2014
72522,762,18,2014-06-30,2014
72768,273,294,2014-06-30,2014
74869,60,11,2014-06-30,2014
75489,65,86,2014-06-30,2014
76326,202,1268,2014-06-30,2014
78570,475,3057,2014-06-30,2014
80059,833,825,2014-06-30,2014
81999,24,533,2014-06-30,2014
82130,114,2698,2014-06-30,2014
84483,11127,3690,2014-06-30,2014
85528,1390,862,2014-06-30,2014
85906,4795,15,2014-06-30,2014
87884,749,130,2014-06-30,2014
90118,4083,130,2014-06-30,2014
90478,2727,520,2014-06-30,2014
91469,3426,995,2014-06-30,2014
91931,339,338,2014-06-30,2014
91945,3205,36,2014-06-30,2014
93704,618,13,2014-06-30,2014
94199,44,82,2014-06-30,2014
96790,4750,12,2014-06-30,2014
97503,5818,1063,2014-06-30,2014
102226,3508,631,2014-06-30,2014
104414,167,79,2014-06-30,2014
107525,14171,338,2014-06-30,2014
107775,3426,2414,2014-06-30,2014
108354,750,244,2014-06-30,2014
108390,13,631,2014-06-30,2014
111036,265,762,2014-06-30,2014
111961,3302,31,2014-06-30,2014
112515,289,430,2014-06-30,2014
112930,601,157,2014-06-30,2014
112935,1304,306,2014-06-30,2014
113045,1531,13,2014-06-30,2014
114422,6,114,2014-06-30,2014
119037,4795,33,2014-06-30,2014
120095,4,873,2014-06-30,2014
120205,35,533,2014-06-30,2014
120629,826,583,2014-06-30,2014
124560,367,46,2014-06-30,2014
126625,150,1075,2014-06-30,2014
127108,3911,1050,2014-06-30,2014
127181,2969,1158,2014-06-30,2014
127217,380,398,2014-06-30,2014
129476,29,131,2014-06-30,2014
130360,749,416,2014-06-30,2014
136111,3522,506,2014-06-30,2014
136514,2672,683,2014-06-30,2014
139396,524,141,2014-06-30,2014
140803,204,1184,2014-06-30,2014
143029,366,294,2014-06-30,2014
143812,1390,430,2014-06-30,2014
144028,968,1184,2014-06-30,2014
148396,29228,1082,2014-06-30,2014
148928,367,13,2014-06-30,2014
153238,367,1049,2014-06-30,2014
153427,2995,985,2014-06-30,2014
154319,68608,6890,2014-06-30,2014
155395,2990,150,2014-06-30,2014
157501,969,5,2014-06-30,2014
157509,618,631,2014-06-30,2014
157535,5220,683,2014-06-30,2014
162079,2861,58,2014-06-30,2014
162571,605,6676,2014-06-30,2014
163568,4083,416,2014-06-30,2014
167291,3522,506,2014-06-30,2014
167329,290,1041,2014-06-30,2014
170472,16795,273,2014-06-30,2014
173835,2079,2425,2014-06-30,2014
176936,3302,368,2014-06-30,2014
177467,237,1050,2014-06-30,2014
180843,1455,468,2014-06-30,2014
181477,984,714,2014-06-30,2014
182688,21957,683,2014-06-30,2014
184894,1210,46,2014-06-30,2014
187245,306,610,2014-06-30,2014
188338,317,964,2014-06-30,2014
189715,3609,1083,2014-06-30,2014
189740,142,985,2014-06-30,2014
191891,167,15,2014-06-30,2014
192875,1455,202,2014-06-30,2014
196158,642,499,2014-06-30,2014
197471,1429,800,2014-06-30,2014
199733,4083,398,2014-06-30,2014
212391,142,3368,2014-06-30,2014
214775,1050,13,2014-06-30,2014
215114,2861,157,2014-06-30,2014
217923,3609,16704,2014-06-30,2014
221899,150,13,2014-06-30,2014
228444,1435,1090,2014-06-30,2014
230552,1025,46,2014-06-30,2014
245072,132,631,2014-06-30,2014
252677,1533,3368,2014-06-30,2014
55508,931,148,2014-05-31,2014
59866,31,631,2014-05-31,2014
63422,2553,289,2014-05-31,2014
70245,1003,11,2014-05-31,2014
96341,29,631,2014-05-31,2014
131708,641,631,2014-05-31,2014
132764,204,371,2014-05-31,2014
145988,603,985,2014-05-31,2014
170953,465,417,2014-05-31,2014
192557,2553,371,2014-05-31,2014
128899,399,512,2014-05-10,2014
176485,499,631,2014-05-07,2014
61838,1237,148,2014-03-17,2014
237623,9007,6993,2014-02-26,2014
128899,512,399,2014-02-21,2014
190188,2703,3725,2014-02-15,2014
98543,2703,3690,2014-02-12,2014
105478,4128,3725,2014-02-04,2014
88374,825,141,2014-02-03,2014
157509,631,618,2014-02-01,2014
45494,543,873,2014-01-31,2014
55508,148,931,2014-01-31,2014
63422,289,2553,2014-01-31,2014
91469,995,3426,2014-01-31,2014
93704,13,618,2014-01-31,2014
97503,1063,5818,2014-01-31,2014
120095,873,4,2014-01-31,2014
124560,46,367,2014-01-31,2014
126656,618,6195,2014-01-31,2014
145988,985,603,2014-01-31,2014
154319,6890,68608,2014-01-31,2014
157509,618,631,2014-01-31,2014
162079,58,2861,2014-01-31,2014
167329,1041,290,2014-01-31,2014
181477,714,984,2014-01-31,2014
203412,603,190,2014-01-31,2014
214775,13,1050,2014-01-31,2014
240578,1436,1465,2014-01-31,2014
20506,1049,15,2014-01-30,2014
42913,1053,467,2014-01-30,2014
55619,141,1084,2014-01-30,2014
55769,416,46,2014-01-30,2014
85528,862,1390,2014-01-30,2014
91469,3426,995,2014-01-30,2014
124560,276,46,2014-01-30,2014
157125,475,3057,2014-01-30,2014
220793,16795,410,2014-01-30,2014
72522,18,762,2014-01-29,2014
79294,1435,499,2014-01-29,2014
115763,16,141,2014-01-29,2014
139396,141,524,2014-01-29,2014
140803,1184,204,2014-01-29,2014
143812,430,1390,2014-01-29,2014
192875,202,1455,2014-01-29,2014
220793,410,16795,2014-01-29,2014
61841,148,989,2014-01-28,2014
228444,1090,1435,2014-01-28,2014
33862,720,3205,2014-01-27,2014
44062,1390,150,2014-01-27,2014
110686,3205,825,2014-01-27,2014
196158,499,642,2014-01-27,2014
57723,2698,683,2014-01-24,2014
146752,12,2921,2014-01-24,2014
110686,3840,3205,2014-01-23,2014
170966,826,2969,2014-01-23,2014
176961,3205,141,2014-01-22,2014
72857,130,6574,2014-01-21,2014
82048,130,6574,2014-01-21,2014
143029,294,366,2014-01-21,2014
176936,368,3302,2014-01-21,2014
90959,20,1506,2014-01-20,2014
88755,631,82,2014-01-18,2014
102017,276,6195,2014-01-18,2014
197471,800,1429,2014-01-17,2014
199470,11688,20,2014-01-17,2014
236468,9007,4482,2014-01-17,2014
114422,114,6,2014-01-16,2014
74683,294,631,2014-01-15,2014
162571,6676,605,2014-01-14,2014
173835,2425,2079,2014-01-14,2014
199258,1038,5,2014-01-14,2014
92567,338,6414,2014-01-13,2014
118847,15,167,2014-01-13,2014
173750,1071,543,2014-01-13,2014
155395,150,2990,2014-01-11,2014
221899,13,150,2014-01-11,2014
138736,3057,10484,2014-01-10,2014
61838,148,1237,2014-01-08,2014
82070,127,23826,2014-01-08,2014
66953,2381,1506,2014-01-07,2014
131708,631,641,2014-01-07,2014
207877,660,10690,2014-01-07,2014
108354,244,750,2014-01-06,2014
93831,86,35,2014-01-03,2014
127202,204,157,2014-01-03,2014
52480,2995,2425,2014-01-02,2014
131996,631,499,2014-01-02,2014
50355,121,2700,2014-01-01,2014
55439,232,11127,2014-01-01,2014
78570,3057,475,2014-01-01,2014
90478,520,2727,2014-01-01,2014
99863,660,10690,2014-01-01,2014
106039,443,173,2014-01-01,2014
112515,430,289,2014-01-01,2014
123349,336,499,2014-01-01,2014
157501,5,969,2014-01-01,2014
257851,1085,1049,2014-01-01,2014
99863,16245,660,2013-12-31,2013
155395,1075,150,2013-12-31,2013
92567,9007,338,2013-11-08,2013
278654,589,11282,2013-09-05,2013
139396,336,141,2013-09-03,2013
21872,1387,6574,2013-09-02,2013
39259,82,4,2013-09-02,2013
41384,86,512,2013-09-02,2013
42710,610,13,2013-09-02,2013
42735,306,3508,2013-09-02,2013
42942,162,1091,2013-09-02,2013
45333,1071,29,2013-09-02,2013
47713,583,31,2013-09-02,2013
59866,631,31,2013-09-02,2013
93704,618,13,2013-09-02,2013
94199,82,44,2013-09-02,2013
96341,631,29,2013-09-02,2013
112935,306,1304,2013-09-02,2013
128931,683,252,2013-09-02,2013
170934,1158,244,2013-09-02,2013
173589,1082,265,2013-09-02,2013
177843,506,6574,2013-09-02,2013
184892,1082,244,2013-09-02,2013
199258,5,1038,2013-09-02,2013
177843,6574,506,2013-09-01,2013
220793,16795,410,2013-09-01,2013
46062,130,1091,2013-08-31,2013
56490,3508,3725,2013-08-31,2013
79110,969,1162,2013-08-31,2013
132764,371,204,2013-08-31,2013
69633,610,148,2013-08-30,2013
111630,12,148,2013-08-30,2013
127189,368,162,2013-08-30,2013
153238,1049,367,2013-08-30,2013
170953,417,465,2013-08-30,2013
191891,15,167,2013-08-30,2013
55356,2700,121,2013-08-29,2013
189740,985,142,2013-08-29,2013
52769,2700,631,2013-08-28,2013
55524,4795,3205,2013-08-28,2013
69374,430,12,2013-08-28,2013
170472,273,16795,2013-08-28,2013
167291,506,3522,2013-08-26,2013
189715,1083,3609,2013-08-26,2013
75489,86,65,2013-08-24,2013
127181,1158,2969,2013-08-23,2013
136514,683,2672,2013-08-23,2013
69636,206,1268,2013-08-22,2013
136647,265,289,2013-08-22,2013
148367,41,206,2013-08-21,2013
230552,46,1025,2013-08-21,2013
124560,46,276,2013-08-20,2013
184894,46,1210,2013-08-20,2013
245072,631,132,2013-08-19,2013
65467,3368,368,2013-08-16,2013
80059,825,833,2013-08-16,2013
89086,2700,121,2013-08-16,2013
63494,415,148,2013-08-15,2013
129103,11127,2700,2013-08-15,2013
192557,371,2553,2013-08-15,2013
49676,4128,2700,2013-08-14,2013
58267,720,10484,2013-08-14,2013
22860,2778,14171,2013-08-12,2013
70131,449,289,2013-08-12,2013
70245,11,1003,2013-08-09,2013
159098,601,157,2013-08-09,2013
176485,631,499,2013-08-09,2013
207573,3385,605,2013-08-09,2013
55994,720,2425,2013-08-08,2013
182688,683,21957,2013-08-07,2013
199733,398,4083,2013-08-07,2013
153427,985,2995,2013-08-06,2013
188338,964,317,2013-08-06,2013
212391,3368,142,2013-08-06,2013
20005,1627,6414,2013-08-02,2013
110686,3205,3840,2013-08-02,2013
119296,27,15,2013-08-02,2013
141050,130,1301,2013-08-01,2013
162959,506,749,2013-08-01,2013
240578,1465,1436,2013-08-01,2013
148396,1082,29228,2013-07-31,2013
162959,749,506,2013-07-31,2013
33862,3057,720,2013-07-30,2013
63487,4128,265,2013-07-30,2013
79294,499,1435,2013-07-30,2013
80339,465,2759,2013-07-30,2013
96790,12,4750,2013-07-30,2013
111036,762,265,2013-07-30,2013
136111,506,3522,2013-07-30,2013
169687,38,169,2013-07-30,2013
252677,3368,1533,2013-07-30,2013
7825,31,6195,2013-07-29,2013
135492,583,14171,2013-07-29,2013
64339,294,714,2013-07-28,2013
59631,317,148,2013-07-26,2013
64339,13,294,2013-07-26,2013
72768,294,273,2013-07-26,2013
180843,468,1455,2013-07-26,2013
27389,583,368,2013-07-25,2013
182912,826,931,2013-07-25,2013
90118,130,4083,2013-07-24,2013
53077,368,1531,2013-07-23,2013
76326,1268,202,2013-07-23,2013
120629,583,826,2013-07-23,2013
148928,13,367,2013-07-23,2013
90343,1455,1426,2013-07-22,2013
107525,338,14171,2013-07-22,2013
148666,16795,410,2013-07-22,2013
15452,418,6195,2013-07-21,2013
27490,1423,595,2013-07-19,2013
30321,2448,415,2013-07-19,2013
46104,430,281,2013-07-19,2013
73926,410,1010,2013-07-19,2013
77026,2687,1533,2013-07-19,2013
96498,4482,2783,2013-07-19,2013
111433,985,677,2013-07-19,2013
130756,855,244,2013-07-19,2013
181767,12,583,2013-07-19,2013
4391,383,1506,2013-07-18,2013
80312,660,10690,2013-07-18,2013
88595,1390,607,2013-07-18,2013
120095,368,873,2013-07-18,2013
124025,58,5220,2013-07-18,2013
164912,583,826,2013-07-18,2013
18644,368,281,2013-07-17,2013
126664,1082,583,2013-07-17,2013
127217,398,380,2013-07-17,2013
68864,383,12,2013-07-16,2013
113045,13,1531,2013-07-16,2013
130360,416,749,2013-07-16,2013
155395,150,1075,2013-07-15,2013
60444,131,27,2013-07-14,2013
119037,33,4795,2013-07-14,2013
63342,317,1123,2013-07-13,2013
88721,631,383,2013-07-13,2013
66100,631,1049,2013-07-12,2013
88706,2921,4102,2013-07-12,2013
105521,506,416,2013-07-12,2013
111961,31,3302,2013-07-12,2013
48002,416,506,2013-07-11,2013
61253,418,6195,2013-07-11,2013
105521,252,506,2013-07-11,2013
89086,121,2700,2013-07-10,2013
129476,131,29,2013-07-10,2013
24202,4750,21957,2013-07-09,2013
55735,660,16,2013-07-09,2013
68863,1038,46,2013-07-09,2013
69646,206,2778,2013-07-09,2013
101118,13,29,2013-07-09,2013
157495,738,244,2013-07-09,2013
91727,3592,2477,2013-07-08,2013
131075,252,6574,2013-07-08,2013
174488,2671,1390,2013-07-08,2013
177467,1050,237,2013-07-08,2013
238055,3349,1075,2013-07-08,2013
244262,3592,2477,2013-07-08,2013
43010,2414,173,2013-07-07,2013
134277,1159,1082,2013-07-06,2013
48859,82,1082,2013-07-05,2013
59349,1050,366,2013-07-05,2013
73185,2477,1091,2013-07-05,2013
74869,11,60,2013-07-05,2013
107775,2414,3426,2013-07-05,2013
5336,5219,441,2013-07-04,2013
14555,20,1071,2013-07-04,2013
58864,618,16,2013-07-04,2013
147034,499,631,2013-07-04,2013
157635,369,23826,2013-07-04,2013
33781,11,289,2013-07-03,2013
71292,31,2288,2013-07-03,2013
163568,416,4083,2013-07-03,2013
81999,533,24,2013-07-02,2013
84483,3690,11127,2013-07-02,2013
88680,46,86,2013-07-02,2013
153084,80,33,2013-07-02,2013
157535,683,5220,2013-07-02,2013
15956,368,281,2013-07-01,2013
25488,410,398,2013-07-01,2013
27178,7378,1465,2013-07-01,2013
27706,12438,2700,2013-07-01,2013
27807,410,416,2013-07-01,2013
29364,720,162,2013-07-01,2013
33480,475,498,2013-07-01,2013
34322,86,16,2013-07-01,2013
37838,1041,180,2013-07-01,2013
39152,13,162,2013-07-01,2013
41355,336,1123,2013-07-01,2013
45601,1063,2778,2013-07-01,2013
48015,3426,206,2013-07-01,2013
48067,232,1083,2013-07-01,2013
48805,865,1421,2013-07-01,2013
50219,289,31,2013-07-01,2013
52480,1436,2995,2013-07-01,2013
54716,1465,294,2013-07-01,2013
55356,2439,2700,2013-07-01,2013
56416,383,6195,2013-07-01,2013
56523,724,1268,2013-07-01,2013
57534,1162,172,2013-07-01,2013
59248,336,1041,2013-07-01,2013
59594,1304,499,2013-07-01,2013
59641,58,498,2013-07-01,2013
60957,82,39,2013-07-01,2013
64598,368,2448,2013-07-01,2013
67082,472,368,2013-07-01,2013
70359,294,8024,2013-07-01,2013
71271,150,379,2013-07-01,2013
72047,940,31,2013-07-01,2013
74294,132,1090,2013-07-01,2013
74842,16,27,2013-07-01,2013
79642,79,39,2013-07-01,2013
82097,15,18,2013-07-01,2013
82130,2698,114,2013-07-01,2013
82410,1426,1304,2013-07-01,2013
84483,16704,3690,2013-07-01,2013
85240,252,1387,2013-07-01,2013
85288,1084,418,2013-07-01,2013
87884,130,749,2013-07-01,2013
88680,1429,46,2013-07-01,2013
88683,252,12,2013-07-01,2013
88684,46,15,2013-07-01,2013
88909,749,5,2013-07-01,2013
90118,204,130,2013-07-01,2013
91845,41,15,2013-07-01,2013
91931,338,339,2013-07-01,2013
91970,410,430,2013-07-01,2013
92936,234,499,2013-07-01,2013
93844,16,42,2013-07-01,2013
94307,306,294,2013-07-01,2013
102132,1053,405,2013-07-01,2013
104414,79,167,2013-07-01,2013
104918,173,1177,2013-07-01,2013
106405,306,1090,2013-07-01,2013
111038,162,1162,2013-07-01,2013
111051,162,417,2013-07-01,2013
112930,157,601,2013-07-01,2013
118022,969,338,2013-07-01,2013
118689,506,1387,2013-07-01,2013
120205,533,35,2013-07-01,2013
120262,8838,4482,2013-07-01,2013
124628,566,968,2013-07-01,2013
126014,202,405,2013-07-01,2013
126360,128,964,2013-07-01,2013
126516,368,405,2013-07-01,2013
127236,7185,6676,2013-07-01,2013
128220,368,31,2013-07-01,2013
129103,2700,11127,2013-07-01,2013
129444,5358,714,2013-07-01,2013
130394,1429,130,2013-07-01,2013
136643,605,38,2013-07-01,2013
138736,566,3057,2013-07-01,2013
138927,15,418,2013-07-01,2013
139208,202,371,2013-07-01,2013
143029,601,294,2013-07-01,2013
144028,1184,968,2013-07-01,2013
146752,2921,12,2013-07-01,2013
147487,1423,1158,2013-07-01,2013
147846,1423,162,2013-07-01,2013
154351,2282,28643,2013-07-01,2013
157036,7179,7378,2013-07-01,2013
157125,3057,475,2013-07-01,2013
157535,5220,683,2013-07-01,2013
159957,1186,16704,2013-07-01,2013
162079,993,58,2013-07-01,2013
165895,12,2921,2013-07-01,2013
168989,16795,410,2013-07-01,2013
170986,1162,1158,2013-07-01,2013
182424,172,475,2013-07-01,2013
187105,200,610,2013-07-01,2013
187245,610,306,2013-07-01,2013
188335,416,430,2013-07-01,2013
194547,7378,2424,2013-07-01,2013
194549,7378,2424,2013-07-01,2013
201737,290,60,2013-07-01,2013
203412,190,603,2013-07-01,2013
205116,3329,6912,2013-07-01,2013
215114,157,2861,2013-07-01,2013
221899,367,13,2013-07-01,2013
25488,398,410,2013-06-30,2013
44720,276,2921,2013-06-30,2013
50355,2700,121,2013-06-30,2013
55000,1210,1038,2013-06-30,2013
55439,1083,232,2013-06-30,2013
55994,2425,720,2013-06-30,2013
58072,9007,2477,2013-06-30,2013
58150,9007,2477,2013-06-30,2013
59209,2703,232,2013-06-30,2013
60957,4,82,2013-06-30,2013
61887,79,985,2013-06-30,2013
63491,5219,683,2013-06-30,2013
64339,897,13,2013-06-30,2013
64598,2448,368,2013-06-30,2013
67556,2239,1429,2013-06-30,2013
70359,1301,294,2013-06-30,2013
72768,897,294,2013-06-30,2013
79045,235,383,2013-06-30,2013
79110,738,969,2013-06-30,2013
82097,80,15,2013-06-30,2013
84483,3690,16704,2013-06-30,2013
87884,3522,130,2013-06-30,2013
88680,19,1429,2013-06-30,2013
88683,12,252,2013-06-30,2013
88706,3522,2921,2013-06-30,2013
88721,41,631,2013-06-30,2013
88755,86,631,2013-06-30,2013
91970,430,410,2013-06-30,2013
93177,3691,232,2013-06-30,2013
94199,18,82,2013-06-30,2013
100131,520,336,2013-06-30,2013
101118,1071,13,2013-06-30,2013
110923,2921,252,2013-06-30,2013
112930,566,157,2013-06-30,2013
113045,150,13,2013-06-30,2013
119037,127,33,2013-06-30,2013
121483,2425,294,2013-06-30,2013
122840,3057,12,2013-06-30,2013
124025,172,58,2013-06-30,2013
124560,714,46,2013-06-30,2013
125868,1421,1082,2013-06-30,2013
126516,237,368,2013-06-30,2013
127217,276,398,2013-06-30,2013
130394,8970,1429,2013-06-30,2013
131075,862,252,2013-06-30,2013
131708,1268,631,2013-06-30,2013
138331,3508,2282,2013-06-30,2013
140786,475,3057,2013-06-30,2013
141050,192,130,2013-06-30,2013
148666,1025,16795,2013-06-30,2013
153427,2425,985,2013-06-30,2013
154351,28643,2282,2013-06-30,2013
155395,1387,150,2013-06-30,2013
164912,3558,583,2013-06-30,2013
164913,290,1082,2013-06-30,2013
173589,29228,1082,2013-06-30,2013
176485,1084,631,2013-06-30,2013
181477,472,714,2013-06-30,2013
182913,415,583,2013-06-30,2013
184892,595,1082,2013-06-30,2013
184894,1210,46,2013-06-30,2013
187024,14589,3691,2013-06-30,2013
199976,4102,800,2013-06-30,2013
99863,660,16245,2013-06-13,2013
61842,1039,148,2013-05-31,2013
73185,338,2477,2013-05-31,2013
96341,984,631,2013-05-31,2013
111036,2578,762,2013-05-31,2013
128909,543,31,2013-05-31,2013
145988,873,985,2013-05-31,2013
170321,465,762,2013-05-31,2013
173750,543,1071,2013-05-31,2013
173835,465,2425,2013-05-31,2013
189740,1071,985,2013-05-31,2013
195633,2451,399,2013-05-31,2013
132098,1003,148,2013-05-14,2013
84979,1241,903,2013-05-06,2013
111432,2999,2578,2013-05-05,2013
173750,1071,543,2013-03-28,2013
58072,2477,9007,2013-03-01,2013
58150,2477,9007,2013-03-01,2013
73185,2477,338,2013-02-28,2013
92567,338,9007,2013-02-28,2013
70114,2410,28095,2013-02-26,2013
132098,148,1003,2013-02-21,2013
128909,31,543,2013-02-19,2013
124028,1075,660,2013-02-14,2013
131978,399,29,2013-02-11,2013
170895,1455,1268,2013-02-09,2013
91727,9007,3592,2013-02-04,2013
56036,1387,964,2013-02-01,2013
132098,1123,148,2013-02-01,2013
34283,265,1025,2013-01-31,2013
44720,2921,276,2013-01-31,2013
45146,281,5,2013-01-31,2013
52769,660,2700,2013-01-31,2013
61842,148,1039,2013-01-31,2013
87415,3385,2441,2013-01-31,2013
111036,762,2578,2013-01-31,2013
122840,12,3057,2013-01-31,2013
131075,252,862,2013-01-31,2013
134999,1268,200,2013-01-31,2013
170321,762,465,2013-01-31,2013
173589,1082,29228,2013-01-31,2013
182913,583,415,2013-01-31,2013
184892,1082,595,2013-01-31,2013
189186,133,449,2013-01-31,2013
72736,566,172,2013-01-30,2013
80444,46,31,2013-01-30,2013
184892,595,1082,2013-01-30,2013
148666,16795,1025,2013-01-29,2013
164913,1082,290,2013-01-29,2013
55508,33,148,2013-01-28,2013
164913,290,1082,2013-01-28,2013
118689,749,506,2013-01-27,2013
131075,5,252,2013-01-26,2013
145988,985,873,2013-01-26,2013
145988,873,985,2013-01-25,2013
195633,399,2451,2013-01-25,2013
61887,985,79,2013-01-24,2013
170929,1159,762,2013-01-24,2013
184894,46,1210,2013-01-24,2013
155395,150,1387,2013-01-23,2013
88706,2921,3522,2013-01-22,2013
122115,1436,1075,2013-01-22,2013
173835,2425,465,2013-01-22,2013
46001,415,762,2013-01-21,2013
146795,370,989,2013-01-18,2013
101118,13,1071,2013-01-17,2013
102572,9007,2783,2013-01-16,2013
176485,631,1084,2013-01-16,2013
84483,16704,3690,2013-01-14,2013
76028,6414,660,2013-01-11,2013
85127,152,2381,2013-01-11,2013
88680,1429,19,2013-01-11,2013
131978,29,399,2013-01-11,2013
126687,162,417,2013-01-10,2013
127108,1050,3911,2013-01-10,2013
126687,417,162,2013-01-09,2013
88262,317,281,2013-01-08,2013
126516,368,237,2013-01-08,2013
130394,1429,8970,2013-01-08,2013
42460,16,82,2013-01-06,2013
110668,498,2282,2013-01-05,2013
170321,465,762,2013-01-04,2013
191056,738,244,2013-01-04,2013
59442,2740,338,2013-01-03,2013
102581,964,16704,2013-01-02,2013
189740,985,1071,2013-01-02,2013
44059,601,157,2013-01-01,2013
49676,2700,4128,2013-01-01,2013
59209,232,2703,2013-01-01,2013
59248,720,336,2013-01-01,2013
64598,368,2448,2013-01-01,2013
99863,6993,660,2013-01-01,2013
102581,2696,964,2013-01-01,2013
108725,984,1003,2013-01-01,2013
112930,157,566,2013-01-01,2013
148485,3714,1083,2013-01-01,2013
153427,985,2425,2013-01-01,2013
217923,16704,3609,2013-01-01,2013
59209,3725,232,2012-12-31,2012
140191,1148,148,2012-10-25,2012
121483,294,2425,2012-09-09,2012
93177,232,3691,2012-09-06,2012
105478,3690,4128,2012-09-06,2012
35047,294,964,2012-09-03,2012
49676,4128,2700,2012-09-03,2012
164912,583,3558,2012-09-03,2012
17965,1041,148,2012-08-31,2012
61336,3508,1184,2012-08-31,2012
79110,969,738,2012-08-31,2012
84979,903,1241,2012-08-31,2012
88262,281,317,2012-08-31,2012
88685,5,252,2012-08-31,2012
102226,631,3508,2012-08-31,2012
104597,467,58,2012-08-31,2012
107010,281,430,2012-08-31,2012
111627,738,1082,2012-08-31,2012
124025,58,172,2012-08-31,2012
127217,398,276,2012-08-31,2012
132098,148,1123,2012-08-31,2012
132207,2553,29,2012-08-31,2012
143559,430,281,2012-08-31,2012
170321,762,465,2012-08-31,2012
181477,714,472,2012-08-31,2012
55994,720,2425,2012-08-30,2012
111432,2578,2999,2012-08-29,2012
124560,46,714,2012-08-28,2012
157501,1162,5,2012-08-28,2012
27807,1038,410,2012-08-27,2012
27992,148,418,2012-08-27,2012
57500,244,631,2012-08-24,2012
59866,1071,631,2012-08-24,2012
126687,162,417,2012-08-24,2012
125868,1082,1421,2012-08-19,2012
124895,234,1304,2012-08-17,2012
90024,498,306,2012-08-16,2012
53077,2448,368,2012-08-11,2012
96341,631,984,2012-08-10,2012
140191,148,1148,2012-08-10,2012
48634,232,3725,2012-08-08,2012
34289,3,3060,2012-08-07,2012
42942,24,162,2012-08-07,2012
56036,982,1387,2012-08-05,2012
98512,750,2292,2012-08-04,2012
173835,417,2425,2012-08-03,2012
88755,631,86,2012-08-02,2012
55000,1038,1210,2012-08-01,2012
63487,5220,4128,2012-07-31,2012
70359,294,1301,2012-07-31,2012
72768,294,897,2012-07-31,2012
88683,252,12,2012-07-30,2012
110923,252,2921,2012-07-30,2012
119037,33,127,2012-07-30,2012
82130,41,2698,2012-07-26,2012
51736,1390,4171,2012-07-25,2012
76746,2448,1531,2012-07-25,2012
132010,5572,441,2012-07-25,2012
102226,826,631,2012-07-24,2012
127189,826,368,2012-07-24,2012
161869,1095,1082,2012-07-24,2012
91970,410,430,2012-07-23,2012
55619,3205,141,2012-07-21,2012
88683,1387,252,2012-07-19,2012
99227,12,252,2012-07-19,2012
122115,995,1436,2012-07-19,2012
25488,410,398,2012-07-18,2012
67556,1429,2239,2012-07-18,2012
72522,317,18,2012-07-18,2012
85177,873,180,2012-07-18,2012
187024,3691,14589,2012-07-18,2012
56809,1082,29228,2012-07-17,2012
33571,430,1038,2012-07-16,2012
29241,5,583,2012-07-14,2012
199976,800,4102,2012-07-14,2012
104700,2700,11127,2012-07-13,2012
43250,610,148,2012-07-12,2012
64339,13,897,2012-07-12,2012
91801,8838,2740,2012-07-12,2012
31067,1050,2288,2012-07-10,2012
169687,683,38,2012-07-10,2012
170895,1268,1455,2012-07-10,2012
73926,46,410,2012-07-09,2012
63491,683,5219,2012-07-07,2012
28973,124,180,2012-07-06,2012
52281,833,19771,2012-07-06,2012
52570,762,371,2012-07-05,2012
54906,458,416,2012-07-05,2012
58418,10690,2740,2012-07-05,2012
90466,533,148,2012-07-04,2012
85906,15,4795,2012-07-03,2012
136111,19,506,2012-07-03,2012
173589,2441,1082,2012-07-03,2012
61812,681,1533,2012-07-02,2012
130365,4083,12,2012-07-02,2012
12359,1090,1426,2012-07-01,2012
16136,18,27,2012-07-01,2012
18940,415,995,2012-07-01,2012
20506,897,1049,2012-07-01,2012
23553,86,35,2012-07-01,2012
33210,192,383,2012-07-01,2012
34322,252,86,2012-07-01,2012
34784,467,610,2012-07-01,2012
35207,18,16,2012-07-01,2012
36139,202,317,2012-07-01,2012
40478,18,33,2012-07-01,2012
45666,80,89,2012-07-01,2012
45683,533,127,2012-07-01,2012
46062,265,130,2012-07-01,2012
50355,121,2700,2012-07-01,2012
50818,157,3508,2012-07-01,2012
52059,190,383,2012-07-01,2012
52380,2451,370,2012-07-01,2012
52403,169,683,2012-07-01,2012
52480,3327,1436,2012-07-01,2012
53360,1132,180,2012-07-01,2012
55439,232,1083,2012-07-01,2012
55605,3205,36,2012-07-01,2012
55687,985,1003,2012-07-01,2012
56331,306,82,2012-07-01,2012
56354,2778,317,2012-07-01,2012
56836,235,1268,2012-07-01,2012
57723,1050,2698,2012-07-01,2012
60957,82,4,2012-07-01,2012
63463,294,14171,2012-07-01,2012
67556,130,1429,2012-07-01,2012
77757,2727,58,2012-07-01,2012
79194,1090,724,2012-07-01,2012
80442,9010,1096,2012-07-01,2012
81349,339,3592,2012-07-01,2012
81775,724,200,2012-07-01,2012
82442,969,11,2012-07-01,2012
84435,80,167,2012-07-01,2012
85291,820,449,2012-07-01,2012
87884,130,3522,2012-07-01,2012
88680,46,1429,2012-07-01,2012
88683,252,1387,2012-07-01,2012
91419,18303,6993,2012-07-01,2012
91727,18303,9007,2012-07-01,2012
91945,36,3205,2012-07-01,2012
92567,9007,338,2012-07-01,2012
102572,18303,9007,2012-07-01,2012
104752,2441,683,2012-07-01,2012
105521,506,252,2012-07-01,2012
111508,410,16795,2012-07-01,2012
112648,4603,2671,2012-07-01,2012
112935,3,306,2012-07-01,2012
113045,13,150,2012-07-01,2012
123349,383,336,2012-07-01,2012
124028,4750,1075,2012-07-01,2012
126625,1075,150,2012-07-01,2012
129554,317,1090,2012-07-01,2012
130394,130,1429,2012-07-01,2012
131075,862,5,2012-07-01,2012
133179,468,306,2012-07-01,2012
138331,2282,3508,2012-07-01,2012
141050,130,192,2012-07-01,2012
146752,12,2921,2012-07-01,2012
153238,472,1049,2012-07-01,2012
154319,2425,6890,2012-07-01,2012
154351,2282,28643,2012-07-01,2012
155395,4750,150,2012-07-01,2012
155396,2420,7179,2012-07-01,2012
159908,2375,825,2012-07-01,2012
163222,130,1429,2012-07-01,2012
217923,2696,16704,2012-07-01,2012
25488,398,410,2012-06-30,2012
27807,410,1038,2012-06-30,2012
33210,383,192,2012-06-30,2012
34289,3060,3,2012-06-30,2012
34322,86,252,2012-06-30,2012
34601,331,13,2012-06-30,2012
40034,127,533,2012-06-30,2012
42942,162,24,2012-06-30,2012
48859,12,82,2012-06-30,2012
54906,416,458,2012-06-30,2012
55994,1075,720,2012-06-30,2012
56490,468,3508,2012-06-30,2012
56810,2990,336,2012-06-30,2012
57534,2969,1162,2012-06-30,2012
57723,683,1050,2012-06-30,2012
58267,2448,720,2012-06-30,2012
59248,1075,720,2012-06-30,2012
61397,1083,232,2012-06-30,2012
63463,14171,294,2012-06-30,2012
67556,4083,130,2012-06-30,2012
70359,2990,294,2012-06-30,2012
79110,826,969,2012-06-30,2012
80444,714,46,2012-06-30,2012
81349,3592,339,2012-06-30,2012
82048,4083,130,2012-06-30,2012
82863,127,18,2012-06-30,2012
88680,19,46,2012-06-30,2012
88683,1387,252,2012-06-30,2012
88755,1184,631,2012-06-30,2012
90466,2288,533,2012-06-30,2012
91931,3592,338,2012-06-30,2012
91945,152,36,2012-06-30,2012
91970,1005,410,2012-06-30,2012
99227,1005,12,2012-06-30,2012
101118,367,13,2012-06-30,2012
104700,11127,2700,2012-06-30,2012
105521,2921,506,2012-06-30,2012
111508,16795,410,2012-06-30,2012
112988,2990,336,2012-06-30,2012
113045,3709,13,2012-06-30,2012
119228,1005,410,2012-06-30,2012
122797,347,1147,2012-06-30,2012
124025,642,58,2012-06-30,2012
124895,798,234,2012-06-30,2012
126625,142,1075,2012-06-30,2012
127142,1416,969,2012-06-30,2012
129554,1426,317,2012-06-30,2012
134602,2424,1075,2012-06-30,2012
139336,3327,2420,2012-06-30,2012
146752,2921,12,2012-06-30,2012
153427,114,985,2012-06-30,2012
154319,3336,2425,2012-06-30,2012
155396,7179,2420,2012-06-30,2012
164912,3524,583,2012-06-30,2012
52570,371,762,2012-05-31,2012
171679,903,543,2012-05-20,2012
33781,3008,11,2012-05-01,2012
57071,3008,31,2012-04-11,2012
121324,350,289,2012-04-06,2012
61887,1039,985,2012-03-28,2012
95976,677,1032,2012-03-28,2012
121324,289,350,2012-03-06,2012
61841,399,148,2012-02-28,2012
104700,2700,11127,2012-02-22,2012
121324,873,289,2012-02-06,2012
41131,3008,289,2012-02-01,2012
61842,399,148,2012-02-01,2012
81349,339,3592,2012-02-01,2012
88755,631,1184,2012-02-01,2012
25488,410,398,2012-01-31,2012
42942,24,162,2012-01-31,2012
59248,720,1075,2012-01-31,2012
61841,148,399,2012-01-31,2012
88755,1184,631,2012-01-31,2012
101118,13,367,2012-01-31,2012
111433,281,985,2012-01-31,2012
122797,1147,347,2012-01-31,2012
134602,1075,2424,2012-01-31,2012
171679,543,903,2012-01-31,2012
25488,1429,410,2012-01-30,2012
79110,969,826,2012-01-30,2012
80444,46,714,2012-01-30,2012
82863,18,127,2012-01-30,2012
127032,826,415,2012-01-26,2012
129554,317,1426,2012-01-20,2012
45858,2698,121,2012-01-19,2012
48119,252,618,2012-01-18,2012
52119,631,499,2012-01-17,2012
74810,281,1132,2012-01-17,2012
74810,1132,281,2012-01-16,2012
157993,2323,833,2012-01-13,2012
61397,232,1083,2012-01-10,2012
82070,10,127,2012-01-09,2012
95976,1032,677,2012-01-09,2012
131708,631,1268,2012-01-09,2012
164912,583,3524,2012-01-09,2012
168337,1426,2410,2012-01-07,2012
52119,1071,631,2012-01-06,2012
121324,289,873,2012-01-06,2012
33781,11,3008,2012-01-05,2012
95976,399,1032,2012-01-05,2012
88680,46,19,2012-01-04,2012
35247,1091,82,2012-01-03,2012
94199,82,18,2012-01-03,2012
61887,985,1039,2012-01-02,2012
90466,533,2288,2012-01-02,2012
16756,1083,3725,2012-01-01,2012
24202,1436,4750,2012-01-01,2012
41131,289,3008,2012-01-01,2012
44720,2778,2921,2012-01-01,2012
55356,964,2439,2012-01-01,2012
58864,5,618,2012-01-01,2012
61842,148,399,2012-01-01,2012
64339,1075,13,2012-01-01,2012
70359,294,2990,2012-01-01,2012
72476,79,15,2012-01-01,2012
78507,498,1184,2012-01-01,2012
100131,336,520,2012-01-01,2012
110292,642,204,2012-01-01,2012
112465,720,3327,2012-01-01,2012
124025,58,642,2012-01-01,2012
124895,234,798,2012-01-01,2012
146752,12,2921,2012-01-01,2012
48634,16704,232,2011-12-31,2011
55687,1123,985,2011-12-31,2011
58864,618,5,2011-12-31,2011
61397,3691,232,2011-12-31,2011
64339,13,1075,2011-12-31,2011
72476,15,79,2011-12-31,2011
82350,24,39,2011-12-31,2011
112465,354,720,2011-12-31,2011
75411,2921,506,2011-12-01,2011
95976,1032,399,2011-11-04,2011
90959,141,20,2011-09-05,2011
91945,36,152,2011-09-05,2011
127142,969,1416,2011-09-01,2011
28140,399,618,2011-08-31,2011
31067,237,1050,2011-08-31,2011
44162,1041,12,2011-08-31,2011
48859,82,12,2011-08-31,2011
52119,631,1071,2011-08-31,2011
63342,234,317,2011-08-31,2011
82048,130,4083,2011-08-31,2011
146258,468,383,2011-08-31,2011
57534,1162,2969,2011-08-30,2011
48634,232,16704,2011-08-29,2011
146227,467,610,2011-08-27,2011
36364,1390,3508,2011-08-25,2011
64339,1075,13,2011-08-22,2011
39152,720,13,2011-08-18,2011
52570,762,371,2011-08-17,2011
105521,506,2921,2011-08-17,2011
90681,3057,720,2011-08-16,2011
134294,989,1132,2011-08-15,2011
140786,3057,475,2011-08-15,2011
58088,398,141,2011-08-11,2011
72476,79,15,2011-08-10,2011
96341,58,631,2011-08-08,2011
143424,180,11,2011-08-08,2011
66953,833,2381,2011-08-03,2011
91970,410,1005,2011-08-03,2011
34601,13,331,2011-08-01,2011
56490,3508,468,2011-08-01,2011
77001,1162,306,2011-08-01,2011
77757,566,2727,2011-08-01,2011
87884,294,130,2011-08-01,2011
108880,1184,533,2011-08-01,2011
112465,720,354,2011-08-01,2011
113045,13,3709,2011-08-01,2011
119228,410,1005,2011-08-01,2011
126625,1075,142,2011-08-01,2011
139336,2420,3327,2011-08-01,2011
177350,11126,121,2011-08-01,2011
25508,458,583,2011-07-28,2011
131161,1085,265,2011-07-28,2011
108390,631,13,2011-07-27,2011
108390,1184,631,2011-07-26,2011
63463,294,14171,2011-07-22,2011
25488,410,1429,2011-07-21,2011
34322,252,86,2011-07-21,2011
40433,410,131,2011-07-21,2011
57071,31,3008,2011-07-19,2011
26485,281,27,2011-07-14,2011
74810,281,1132,2011-07-14,2011
35047,3057,294,2011-07-13,2011
54906,458,416,2011-07-12,2011
19041,410,6195,2011-07-11,2011
44059,1245,601,2011-07-11,2011
57895,6414,339,2011-07-10,2011
82097,15,80,2011-07-09,2011
88706,5,2921,2011-07-08,2011
177031,3209,589,2011-07-07,2011
88683,252,1387,2011-07-04,2011
14086,405,985,2011-07-01,2011
14555,984,20,2011-07-01,2011
16911,399,1003,2011-07-01,2011
17259,33,27,2011-07-01,2011
18940,290,415,2011-07-01,2011
24202,1531,1436,2011-07-01,2011
25734,2740,339,2011-07-01,2011
27389,1158,583,2011-07-01,2011
27807,1038,410,2011-07-01,2011
30321,237,2448,2011-07-01,2011
33210,192,383,2011-07-01,2011
33763,2239,1025,2011-07-01,2011
34289,3,3060,2011-07-01,2011
34322,5,252,2011-07-01,2011
40034,533,127,2011-07-01,2011
41355,200,336,2011-07-01,2011
42460,2282,16,2011-07-01,2011
42735,601,306,2011-07-01,2011
43512,60,15,2011-07-01,2011
45660,41,39,2011-07-01,2011
51733,124,2451,2011-07-01,2011
53622,4,16,2011-07-01,2011
55687,985,1123,2011-07-01,2011
56416,200,383,2011-07-01,2011
57328,1455,1269,2011-07-01,2011
57723,1050,683,2011-07-01,2011
59377,13,985,2011-07-01,2011
59561,3709,1049,2011-07-01,2011
59641,475,58,2011-07-01,2011
60577,162,244,2011-07-01,2011
61253,714,418,2011-07-01,2011
61336,369,3508,2011-07-01,2011
61651,289,31,2011-07-01,2011
62514,232,2439,2011-07-01,2011
63463,206,294,2011-07-01,2011
64371,720,2424,2011-07-01,2011
67808,367,993,2011-07-01,2011
68864,200,383,2011-07-01,2011
73269,1050,150,2011-07-01,2011
74683,631,294,2011-07-01,2011
75411,506,2921,2011-07-01,2011
76326,1283,1268,2011-07-01,2011
79045,383,235,2011-07-01,2011
80339,371,465,2011-07-01,2011
80442,354,9010,2011-07-01,2011
82281,720,2425,2011-07-01,2011
82350,39,24,2011-07-01,2011
88721,631,41,2011-07-01,2011
90118,968,204,2011-07-01,2011
90317,4,60,2011-07-01,2011
91931,338,3592,2011-07-01,2011
92164,566,610,2011-07-01,2011
94529,252,5,2011-07-01,2011
95707,18105,16245,2011-07-01,2011
99343,142,621,2011-07-01,2011
105817,169,5572,2011-07-01,2011
112988,336,2990,2011-07-01,2011
113025,1075,6912,2011-07-01,2011
131075,252,862,2011-07-01,2011
134602,2424,1075,2011-07-01,2011
137616,2375,3205,2011-07-01,2011
138331,172,2282,2011-07-01,2011
153427,985,114,2011-07-01,2011
154319,2425,3336,2011-07-01,2011
155396,2420,7179,2011-07-01,2011
157125,475,3057,2011-07-01,2011
159143,1426,1269,2011-07-01,2011
164770,826,418,2011-07-01,2011
207573,1091,3385,2011-07-01,2011
4391,642,1090,2011-06-30,2011
12029,1160,1082,2011-06-30,2011
24846,4750,336,2011-06-30,2011
25488,130,410,2011-06-30,2011
30321,367,237,2011-06-30,2011
33480,403,1184,2011-06-30,2011
48119,65,252,2011-06-30,2011
52261,3205,36,2011-06-30,2011
53455,35,15,2011-06-30,2011
55000,3522,1038,2011-06-30,2011
55508,39,33,2011-06-30,2011
57162,3302,1049,2011-06-30,2011
57723,3709,1050,2011-06-30,2011
59016,533,27,2011-06-30,2011
59248,150,720,2011-06-30,2011
61887,1038,985,2011-06-30,2011
64339,2995,1075,2011-06-30,2011
64371,7378,720,2011-06-30,2011
66953,3840,833,2011-06-30,2011
70359,2995,294,2011-06-30,2011
72768,2995,294,2011-06-30,2011
74683,499,631,2011-06-30,2011
81512,354,1245,2011-06-30,2011
88680,499,46,2011-06-30,2011
88684,1005,46,2011-06-30,2011
90959,2293,141,2011-06-30,2011
104223,798,234,2011-06-30,2011
112465,1436,720,2011-06-30,2011
113045,897,13,2011-06-30,2011
121483,4750,294,2011-06-30,2011
126516,3302,368,2011-06-30,2011
127236,21957,7185,2011-06-30,2011
141050,605,130,2011-06-30,2011
154319,3325,2425,2011-06-30,2011
61841,989,148,2011-06-01,2011
52119,1003,631,2011-05-31,2011
52570,371,762,2011-05-31,2011
67063,289,985,2011-05-31,2011
88721,1003,631,2011-05-31,2011
95424,405,148,2011-05-31,2011
108725,1237,984,2011-05-31,2011
157506,1148,1003,2011-05-31,2011
33781,3008,11,2011-05-08,2011
74810,1003,281,2011-05-01,2011
41131,1148,289,2011-04-01,2011
119228,16795,410,2011-04-01,2011
157506,1003,1148,2011-03-14,2011
41131,289,1148,2011-03-01,2011
54265,2760,43,2011-03-01,2011
88721,631,1003,2011-02-11,2011
54265,43,2760,2011-02-01,2011
83560,20,524,2011-02-01,2011
58864,5,618,2011-01-31,2011
58864,162,5,2011-01-30,2011
45671,24,524,2011-01-29,2011
32467,33,368,2011-01-28,2011
124495,47,29,2011-01-28,2011
11530,995,294,2011-01-27,2011
52119,631,1003,2011-01-26,2011
105521,1387,506,2011-01-23,2011
50655,6,3840,2011-01-15,2011
58267,720,2448,2011-01-12,2011
28396,82,281,2011-01-07,2011
61838,873,148,2011-01-07,2011
55619,383,3205,2011-01-05,2011
61887,985,1038,2011-01-05,2011
90959,141,2293,2011-01-05,2011
95424,148,405,2011-01-05,2011
121483,294,4750,2011-01-04,2011
16756,2696,1083,2011-01-01,2011
53418,65,15,2011-01-01,2011
55000,1038,3522,2011-01-01,2011
55994,720,1075,2011-01-01,2011
56810,336,2990,2011-01-01,2011
57162,1049,3302,2011-01-01,2011
59016,27,533,2011-01-01,2011
59442,6414,2740,2011-01-01,2011
59896,23611,10690,2011-01-01,2011
61397,232,3691,2011-01-01,2011
67556,130,4083,2011-01-01,2011
68864,468,200,2011-01-01,2011
73185,367,2477,2011-01-01,2011
74810,281,1003,2011-01-01,2011
81512,1245,354,2011-01-01,2011
88683,46,252,2011-01-01,2011
126516,368,3302,2011-01-01,2011
141050,130,605,2011-01-01,2011
48067,3691,232,2010-12-31,2010
48634,3691,232,2010-12-31,2010
50355,234,121,2010-12-31,2010
59442,2740,6414,2010-12-31,2010
59896,3592,23611,2010-12-31,2010
80339,1110,371,2010-12-31,2010
95424,1039,148,2010-12-31,2010
105817,28956,169,2010-12-31,2010
177350,1186,11126,2010-12-31,2010
108725,984,1237,2010-11-19,2010
55687,350,985,2010-10-24,2010
33781,11,3008,2010-10-18,2010
55687,985,350,2010-09-24,2010
61841,148,989,2010-09-23,2010
95424,148,1039,2010-09-13,2010
95976,1148,1032,2010-09-12,2010
48119,252,65,2010-08-31,2010
59248,720,150,2010-08-31,2010
90466,1032,533,2010-08-31,2010
25488,410,130,2010-08-30,2010
53418,15,65,2010-08-30,2010
55735,2783,660,2010-08-30,2010
59209,232,3725,2010-08-28,2010
66953,833,3840,2010-08-26,2010
48634,232,3691,2010-08-25,2010
52570,762,371,2010-08-24,2010
74683,631,499,2010-08-23,2010
52261,36,3205,2010-08-20,2010
61838,148,873,2010-08-20,2010
3333,405,281,2010-08-17,2010
30321,237,367,2010-08-16,2010
45146,46,281,2010-08-12,2010
67063,985,289,2010-08-12,2010
72768,294,2995,2010-08-12,2010
95976,1032,1148,2010-08-12,2010
33480,1184,403,2010-08-01,2010
58965,294,1436,2010-08-01,2010
70359,294,2995,2010-08-01,2010
80339,371,1110,2010-08-01,2010
104223,234,798,2010-08-01,2010
112465,720,1436,2010-08-01,2010
113045,13,897,2010-08-01,2010
119228,410,16795,2010-08-01,2010
153427,2420,985,2010-08-01,2010
154319,2425,3325,2010-08-01,2010
177350,11126,1186,2010-08-01,2010
66953,141,833,2010-07-26,2010
34322,252,5,2010-07-20,2010
44059,9010,1245,2010-07-12,2010
54906,5,458,2010-07-12,2010
31067,234,237,2010-07-11,2010
90959,2375,141,2010-07-10,2010
48859,458,82,2010-07-08,2010
25732,131,660,2010-07-06,2010
58864,5,162,2010-07-06,2010
39333,2410,36,2010-07-05,2010
29364,336,720,2010-07-03,2010
88680,46,499,2010-07-02,2010
4391,1090,642,2010-07-01,2010
12029,1082,1160,2010-07-01,2010
24846,336,4750,2010-07-01,2010
26485,41,281,2010-07-01,2010
29712,29,1123,2010-07-01,2010
34130,985,603,2010-07-01,2010
34289,47,3,2010-07-01,2010
41384,317,86,2010-07-01,2010
42942,169,24,2010-07-01,2010
45320,294,418,2010-07-01,2010
46180,985,2410,2010-07-01,2010
50219,475,289,2010-07-01,2010
50355,121,234,2010-07-01,2010
54716,720,1465,2010-07-01,2010
55508,33,39,2010-07-01,2010
56331,1304,306,2010-07-01,2010
56836,724,235,2010-07-01,2010
57500,331,244,2010-07-01,2010
57723,1050,3709,2010-07-01,2010
58489,683,33,2010-07-01,2010
59442,6414,2740,2010-07-01,2010
59543,1241,641,2010-07-01,2010
59970,6994,660,2010-07-01,2010
61764,336,2420,2010-07-01,2010
64371,720,7378,2010-07-01,2010
67556,1429,130,2010-07-01,2010
76274,369,2778,2010-07-01,2010
88684,46,1005,2010-07-01,2010
91727,16239,18303,2010-07-01,2010
93081,468,1090,2010-07-01,2010
103427,931,985,2010-07-01,2010
105817,169,28956,2010-07-01,2010
122797,1160,1147,2010-07-01,2010
127236,7185,21957,2010-07-01,2010
131161,3268,1085,2010-07-01,2010
146889,3426,443,2010-07-01,2010
153427,2431,2420,2010-07-01,2010
12282,202,610,2010-06-30,2010
25488,506,410,2010-06-30,2010
25520,1435,1304,2010-06-30,2010
30321,1531,237,2010-06-30,2010
31909,15,27,2010-06-30,2010
39333,141,2410,2010-06-30,2010
41384,46,317,2010-06-30,2010
45660,4,41,2010-06-30,2010
46180,3,985,2010-06-30,2010
51736,749,1390,2010-06-30,2010
55508,80,33,2010-06-30,2010
55994,4750,720,2010-06-30,2010
58267,4750,720,2010-06-30,2010
58864,1082,5,2010-06-30,2010
58965,1085,294,2010-06-30,2010
64371,2424,720,2010-06-30,2010
72768,2425,294,2010-06-30,2010
82281,1085,720,2010-06-30,2010
121483,1436,294,2010-06-30,2010
52570,1123,762,2010-05-31,2010
104124,180,1032,2010-05-31,2010
44058,1148,11,2010-05-30,2010
29712,987,29,2010-05-01,2010
51733,511,124,2010-05-01,2010
80339,465,371,2010-05-01,2010
48067,232,3691,2010-04-08,2010
4391,1268,1090,2010-03-01,2010
59896,23611,3592,2010-03-01,2010
52119,762,631,2010-02-28,2010
80339,371,465,2010-02-01,2010
95424,350,148,2010-02-01,2010
59866,873,1071,2010-01-31,2010
46180,985,3,2010-01-29,2010
52119,631,762,2010-01-29,2010
55508,33,80,2010-01-29,2010
25488,410,506,2010-01-21,2010
72768,294,2425,2010-01-21,2010
25488,1210,410,2010-01-20,2010
33829,873,180,2010-01-09,2010
121483,294,1436,2010-01-05,2010
12282,610,202,2010-01-01,2010
44720,173,2778,2010-01-01,2010
49676,2410,4128,2010-01-01,2010
50818,58,157,2010-01-01,2010
51733,124,511,2010-01-01,2010
53455,15,35,2010-01-01,2010
64339,1075,2995,2010-01-01,2010
110292,1096,642,2010-01-01,2010
48067,3691,232,2009-12-31,2009
92567,18303,9007,2009-12-31,2009
44058,11,1148,2009-11-15,2009
34130,1039,985,2009-11-08,2009
28140,1003,399,2009-10-18,2009
104124,1032,180,2009-10-05,2009
82281,720,1085,2009-09-24,2009
39333,2410,141,2009-09-01,2009
25732,660,131,2009-08-31,2009
45660,41,4,2009-08-31,2009
52570,762,1123,2009-08-28,2009
33571,398,430,2009-08-26,2009
42460,750,2282,2009-08-26,2009
30321,237,1531,2009-08-25,2009
18644,418,368,2009-08-21,2009
53350,3691,232,2009-08-20,2009
34130,985,1039,2009-08-15,2009
41384,317,46,2009-08-05,2009
95424,148,350,2009-08-04,2009
48067,232,3691,2009-08-01,2009
56354,369,2778,2009-08-01,2009
58965,294,1085,2009-08-01,2009
59594,1090,1304,2009-08-01,2009
111508,410,16795,2009-08-01,2009
59561,418,3709,2009-07-25,2009
52380,1003,2451,2009-07-22,2009
95424,350,148,2009-07-22,2009
74641,524,114,2009-07-21,2009
92567,9007,18303,2009-07-17,2009
45333,2999,1071,2009-07-16,2009
51736,1390,749,2009-07-16,2009
9500,1123,603,2009-07-01,2009
12029,1049,1082,2009-07-01,2009
15452,1049,418,2009-07-01,2009
18644,3302,418,2009-07-01,2009
21872,252,1387,2009-07-01,2009
22141,1038,130,2009-07-01,2009
29391,1519,2759,2009-07-01,2009
29712,29,987,2009-07-01,2009
35247,720,1091,2009-07-01,2009
39728,27,16,2009-07-01,2009
39983,46,252,2009-07-01,2009
40034,65,533,2009-07-01,2009
40478,39,18,2009-07-01,2009
41355,499,200,2009-07-01,2009
45717,982,1390,2009-07-01,2009
55756,306,1283,2009-07-01,2009
56523,132,724,2009-07-01,2009
58864,5,1082,2009-07-01,2009
59248,2425,720,2009-07-01,2009
59641,2727,475,2009-07-01,2009
63489,683,6676,2009-07-01,2009
64371,720,2424,2009-07-01,2009
72522,642,317,2009-07-01,2009
91949,2503,2425,2009-07-01,2009
96718,1108,621,2009-07-01,2009
12029,1082,1049,2009-06-30,2009
21872,130,252,2009-06-30,2009
35247,1091,720,2009-06-30,2009
39728,16,27,2009-06-30,2009
44720,369,173,2009-06-30,2009
45403,1158,244,2009-06-30,2009
52403,553,169,2009-06-30,2009
54716,4750,720,2009-06-30,2009
56631,798,234,2009-06-30,2009
58864,2969,5,2009-06-30,2009
58965,3336,294,2009-06-30,2009
64371,2503,720,2009-06-30,2009
66934,601,58,2009-06-30,2009
34130,603,985,2009-05-31,2009
51733,511,124,2009-05-01,2009
31909,27,15,2009-01-31,2009
60792,2578,903,2009-01-25,2009
52403,169,553,2009-01-20,2009
55687,512,985,2009-01-08,2009
16136,3057,18,2009-01-01,2009
33862,1184,3057,2009-01-01,2009
53350,232,3691,2009-01-01,2009
57895,338,6414,2009-01-01,2009
57895,9007,338,2008-12-31,2008
60792,903,2578,2008-12-26,2008
44726,443,173,2008-11-01,2008
51733,124,511,2008-11-01,2008
12029,1049,1082,2008-09-01,2008
3333,762,405,2008-08-29,2008
45403,244,1158,2008-08-11,2008
4391,1090,1268,2008-08-01,2008
21872,252,130,2008-08-01,2008
28973,931,124,2008-08-01,2008
33763,1025,2239,2008-08-01,2008
34322,2441,252,2008-08-01,2008
44720,173,369,2008-08-01,2008
44726,173,443,2008-08-01,2008
64371,720,2503,2008-08-01,2008
66934,58,601,2008-08-01,2008
14555,31,984,2008-07-18,2008
27490,595,1423,2008-07-16,2008
25488,410,1210,2008-07-07,2008
58864,5,2969,2008-07-02,2008
17965,417,1041,2008-07-01,2008
22141,506,1038,2008-07-01,2008
23951,738,244,2008-07-01,2008
24846,931,336,2008-07-01,2008
25520,1304,1435,2008-07-01,2008
25734,660,2740,2008-07-01,2008
27389,667,1158,2008-07-01,2008
27493,13,2448,2008-07-01,2008
29391,371,1519,2008-07-01,2008
34130,985,603,2008-07-01,2008
34283,1091,265,2008-07-01,2008
34784,642,467,2008-07-01,2008
35247,720,1091,2008-07-01,2008
42735,58,601,2008-07-01,2008
43010,206,2414,2008-07-01,2008
44162,347,1041,2008-07-01,2008
48859,865,458,2008-07-01,2008
55619,1426,383,2008-07-01,2008
55994,720,4750,2008-07-01,2008
56331,1283,1304,2008-07-01,2008
56631,234,798,2008-07-01,2008
56818,667,180,2008-07-01,2008
57895,338,9007,2008-07-01,2008
58267,720,4750,2008-07-01,2008
64371,2503,720,2008-07-01,2008
12029,366,1049,2008-06-30,2008
14555,405,31,2008-06-30,2008
22141,1038,506,2008-06-30,2008
23951,244,738,2008-06-30,2008
25508,2239,458,2008-06-30,2008
25734,2740,660,2008-06-30,2008
27493,1533,13,2008-06-30,2008
30290,403,610,2008-06-30,2008
38780,1390,2425,2008-06-30,2008
42735,601,58,2008-06-30,2008
48002,4083,416,2008-06-30,2008
51174,2431,720,2008-06-30,2008
42412,289,985,2008-05-12,2008
28140,989,1003,2008-05-04,2008
28973,124,931,2008-05-01,2008
42942,5219,169,2008-01-31,2008
42412,985,289,2008-01-04,2008
39728,27,16,2008-01-03,2008
16911,603,281,2008-01-02,2008
16756,2439,2696,2008-01-01,2008
28973,931,124,2008-01-01,2008
38780,2425,1390,2008-01-01,2008
58965,294,3336,2008-01-01,2008
43530,989,180,2007-11-08,2007
16911,281,603,2007-10-25,2007
43530,180,989,2007-10-08,2007
55687,1096,512,2007-08-31,2007
26485,44,41,2007-08-21,2007
14555,31,405,2007-08-10,2007
28140,1003,989,2007-08-10,2007
12589,43,289,2007-08-08,2007
27493,13,1533,2007-08-01,2007
51174,720,2431,2007-08-01,2007
23951,738,244,2007-07-24,2007
25508,458,2239,2007-07-12,2007
14132,720,418,2007-07-10,2007
9500,371,1123,2007-07-04,2007
52380,1032,1003,2007-07-04,2007
33706,336,985,2007-07-02,2007
4391,306,1090,2007-07-01,2007
12029,1049,366,2007-07-01,2007
18940,1041,290,2007-07-01,2007
21872,276,252,2007-07-01,2007
22141,506,1038,2007-07-01,2007
25734,660,2740,2007-07-01,2007
28973,405,931,2007-07-01,2007
30290,610,403,2007-07-01,2007
33829,294,873,2007-07-01,2007
34289,169,47,2007-07-01,2007
34601,331,13,2007-07-01,2007
41583,499,1269,2007-07-01,2007
48002,416,4083,2007-07-01,2007
54716,720,4750,2007-07-01,2007
55619,723,1426,2007-07-01,2007
4391,1090,306,2007-06-30,2007
18940,1158,1041,2007-06-30,2007
22141,1387,506,2007-06-30,2007
25734,6993,660,2007-06-30,2007
27807,31,1038,2007-06-30,2007
33829,2431,294,2007-06-30,2007
43250,235,610,2007-06-30,2007
9500,1123,371,2007-05-07,2007
42412,289,985,2007-05-07,2007
43250,610,235,2007-01-31,2007
14086,1010,405,2007-01-23,2007
9500,371,1123,2007-01-17,2007
42412,985,289,2007-01-04,2007
4391,306,1090,2007-01-01,2007
16136,172,3057,2007-01-01,2007
27807,1038,31,2007-01-01,2007
42412,1096,985,2007-01-01,2007
102572,18105,16239,2007-01-01,2007
29391,2578,371,2006-12-31,2006
27807,4083,1038,2006-12-01,2006
29391,371,2578,2006-12-01,2006
42412,985,1096,2006-08-17,2006
18940,1041,1158,2006-08-01,2006
33829,294,2431,2006-08-01,2006
16136,1082,172,2006-07-01,2006
25520,317,1304,2006-07-01,2006
27807,1038,4083,2006-07-01,2006
34784,306,642,2006-07-01,2006
16136,172,1082,2006-06-30,2006
24202,40,4750,2006-06-30,2006
33829,2995,294,2006-06-30,2006
34322,5572,2441,2006-06-30,2006
3333,405,762,2006-05-08,2006
34130,1096,985,2006-05-01,2006
33829,294,2995,2006-02-01,2006
16136,1082,172,2006-01-23,2006
16756,3719,2439,2006-01-01,2006
25734,660,6993,2006-01-01,2006
33829,1085,294,2006-01-01,2006
34130,985,1096,2006-01-01,2006
34322,2441,5572,2006-01-01,2006
3333,762,405,2005-08-31,2005
25557,368,418,2005-08-31,2005
7825,1050,31,2005-07-04,2005
22141,506,1387,2005-07-01,2005
24202,4750,40,2005-07-01,2005
29241,720,121,2005-07-01,2005
15452,3709,1049,2005-06-30,2005
22141,4083,506,2005-06-30,2005
14555,399,31,2005-01-21,2005
3333,399,762,2004-07-02,2004
15452,1049,3709,2004-07-02,2004
12029,347,1049,2004-07-01,2004
14132,1301,720,2004-07-01,2004
22141,506,4083,2004-07-01,2004
7825,131,1050,2002-07-01,2002
